cod_mun,ano_mes,pct_territorio_queimado
520005,2017-01,0.4978
520005,2018-01,0.624
520005,2020-01,0.4652
520005,2021-01,0.6561
520005,2022-01,0.0691
520005,2023-01,0.1362
520005,2024-01,1.2751
520005,2025-01,
520010,2017-01,0.5258
520010,2018-01,0.1268
520010,2020-01,0.964
520010,2021-01,0.4461
520010,2022-01,0.1616
520010,2023-01,0.0482
520010,2024-01,0.338
520010,2025-01,
520013,2017-01,1.5144
520013,2018-01,0.4296
520013,2020-01,0.7711
520013,2021-01,0.2714
520013,2022-01,1.5951
520013,2023-01,0.1015
520013,2024-01,0.6412
520013,2025-01,
520015,2017-01,0.2887
520015,2018-01,0.0952
520015,2020-01,0.5064
520015,2021-01,0.3511
520015,2022-01,0.884
520015,2023-01,0.0944
520015,2024-01,0.1287
520015,2025-01,
520017,2017-01,2.8069
520017,2018-01,1.3832
520017,2020-01,1.1243
520017,2021-01,8.7206
520017,2022-01,1.2303
520017,2023-01,2.0835
520017,2024-01,1.5607
520017,2025-01,
520020,2017-01,0.0
520020,2018-01,0.0133
520020,2020-01,0.0041
520020,2021-01,0.0
520020,2022-01,0.0
520020,2023-01,0.0039
520020,2024-01,0.1695
520020,2025-01,
520025,2017-01,7.2251
520025,2018-01,3.1633
520025,2020-01,4.9378
520025,2021-01,7.0088
520025,2022-01,4.6685
520025,2023-01,3.96
520025,2024-01,5.5435
520025,2025-01,
520030,2017-01,0.4995
520030,2018-01,0.028
520030,2020-01,0.5036
520030,2021-01,0.0918
520030,2022-01,0.039
520030,2023-01,0.0964
520030,2024-01,0.3413
520030,2025-01,
520050,2017-01,0.164
520050,2018-01,0.0
520050,2020-01,0.0
520050,2021-01,0.0
520050,2022-01,0.0
520050,2023-01,0.0
520050,2024-01,0.7961
520050,2025-01,
520055,2017-01,1.63
520055,2018-01,0.0644
520055,2020-01,0.3812
520055,2021-01,0.0912
520055,2022-01,0.2346
520055,2023-01,0.0219
520055,2024-01,0.1596
520055,2025-01,
520060,2017-01,14.7328
520060,2018-01,1.6426
520060,2020-01,4.3879
520060,2021-01,9.9003
520060,2022-01,7.4172
520060,2023-01,6.1016
520060,2024-01,5.2216
520060,2025-01,
520080,2017-01,1.7463
520080,2018-01,3.9421
520080,2020-01,0.5818
520080,2021-01,2.719
520080,2022-01,4.1045
520080,2023-01,2.7533
520080,2024-01,0.1931
520080,2025-01,
520082,2017-01,1.473
520082,2018-01,1.8361
520082,2020-01,0.5575
520082,2021-01,0.3792
520082,2022-01,0.1499
520082,2023-01,0.1709
520082,2024-01,0.0322
520082,2025-01,
520085,2017-01,0.1782
520085,2018-01,0.6851
520085,2020-01,0.3476
520085,2021-01,0.0726
520085,2022-01,0.5897
520085,2023-01,0.3133
520085,2024-01,1.4126
520085,2025-01,
520090,2017-01,0.5162
520090,2018-01,0.0586
520090,2020-01,1.0057
520090,2021-01,0.1685
520090,2022-01,0.3247
520090,2023-01,0.226
520090,2024-01,0.4189
520090,2025-01,
520110,2017-01,1.4112
520110,2018-01,0.8908
520110,2020-01,1.0496
520110,2021-01,1.1675
520110,2022-01,1.3291
520110,2023-01,0.574
520110,2024-01,1.113
520110,2025-01,
520120,2017-01,0.0
520120,2018-01,0.0
520120,2020-01,0.0
520120,2021-01,0.2802
520120,2022-01,0.0259
520120,2023-01,0.0
520120,2024-01,0.0259
520120,2025-01,
520130,2017-01,0.9667
520130,2018-01,0.5363
520130,2020-01,0.9799
520130,2021-01,0.7767
520130,2022-01,0.6258
520130,2023-01,0.6823
520130,2024-01,0.8717
520130,2025-01,
520140,2017-01,0.7025
520140,2018-01,0.6864
520140,2020-01,0.5742
520140,2021-01,0.4784
520140,2022-01,0.1958
520140,2023-01,0.2045
520140,2024-01,1.4506
520140,2025-01,
520145,2017-01,0.0157
520145,2018-01,0.0
520145,2020-01,0.1422
520145,2021-01,0.095
520145,2022-01,0.024
520145,2023-01,0.2108
520145,2024-01,0.063
520145,2025-01,
520150,2017-01,0.1781
520150,2018-01,0.1353
520150,2020-01,0.1035
520150,2021-01,0.2912
520150,2022-01,0.0656
520150,2023-01,0.0885
520150,2024-01,1.0398
520150,2025-01,
520160,2017-01,0.3996
520160,2018-01,0.0967
520160,2020-01,0.0258
520160,2021-01,1.7
520160,2022-01,0.0
520160,2023-01,0.0264
520160,2024-01,0.9885
520160,2025-01,
520170,2017-01,5.0593
520170,2018-01,0.5728
520170,2020-01,1.3382
520170,2021-01,1.9004
520170,2022-01,0.4052
520170,2023-01,0.3251
520170,2024-01,0.9272
520170,2025-01,
520180,2017-01,0.059
520180,2018-01,0.1663
520180,2020-01,0.3103
520180,2021-01,0.0375
520180,2022-01,0.0
520180,2023-01,0.0441
520180,2024-01,0.8215
520180,2025-01,
520215,2017-01,0.2053
520215,2018-01,0.1606
520215,2020-01,0.5589
520215,2021-01,4.1282
520215,2022-01,0.2853
520215,2023-01,0.2384
520215,2024-01,0.3177
520215,2025-01,
520235,2017-01,0.4257
520235,2018-01,0.0772
520235,2020-01,0.5555
520235,2021-01,0.5823
520235,2022-01,0.1079
520235,2023-01,0.1906
520235,2024-01,0.23
520235,2025-01,
520250,2017-01,0.3746
520250,2018-01,0.1288
520250,2020-01,0.3135
520250,2021-01,0.1135
520250,2022-01,0.0894
520250,2023-01,0.1437
520250,2024-01,0.1416
520250,2025-01,
520260,2017-01,0.1122
520260,2018-01,0.1397
520260,2020-01,0.497
520260,2021-01,0.5078
520260,2022-01,0.7238
520260,2023-01,0.2115
520260,2024-01,0.1499
520260,2025-01,
520280,2017-01,0.0
520280,2018-01,0.7095
520280,2020-01,2.1339
520280,2021-01,0.4436
520280,2022-01,0.276
520280,2023-01,0.019
520280,2024-01,0.0
520280,2025-01,
520310,2017-01,3.7556
520310,2018-01,0.7043
520310,2020-01,0.1778
520310,2021-01,1.4089
520310,2022-01,0.2582
520310,2023-01,0.782
520310,2024-01,4.7596
520310,2025-01,
520320,2017-01,6.8349
520320,2018-01,2.39
520320,2020-01,6.1628
520320,2021-01,3.0218
520320,2022-01,4.964
520320,2023-01,4.0424
520320,2024-01,11.2434
520320,2025-01,
520330,2017-01,0.3983
520330,2018-01,0.2963
520330,2020-01,0.344
520330,2021-01,0.1458
520330,2022-01,0.1582
520330,2023-01,0.0675
520330,2024-01,0.5894
520330,2025-01,
520340,2017-01,0.3403
520340,2018-01,2.533
520340,2020-01,0.416
520340,2021-01,5.9728
520340,2022-01,0.3759
520340,2023-01,0.1152
520340,2024-01,2.222
520340,2025-01,
520350,2017-01,0.7756
520350,2018-01,0.4713
520350,2020-01,0.2798
520350,2021-01,0.8421
520350,2022-01,1.6771
520350,2023-01,0.8135
520350,2024-01,2.3277
520350,2025-01,
520355,2017-01,0.3101
520355,2018-01,0.0192
520355,2020-01,0.6172
520355,2021-01,0.1063
520355,2022-01,0.5935
520355,2023-01,0.0605
520355,2024-01,0.3078
520355,2025-01,
520357,2017-01,0.4568
520357,2018-01,0.0293
520357,2020-01,0.419
520357,2021-01,0.8728
520357,2022-01,0.2778
520357,2023-01,0.0229
520357,2024-01,0.08
520357,2025-01,
520360,2017-01,0.2198
520360,2018-01,0.1106
520360,2020-01,0.9481
520360,2021-01,0.1903
520360,2022-01,0.3311
520360,2023-01,0.2966
520360,2024-01,0.8892
520360,2025-01,
520380,2017-01,0.4293
520380,2018-01,0.0848
520380,2020-01,0.3207
520380,2021-01,0.4053
520380,2022-01,0.1629
520380,2023-01,0.076
520380,2024-01,1.0483
520380,2025-01,
520390,2017-01,0.6706
520390,2018-01,0.0203
520390,2020-01,0.2492
520390,2021-01,0.1817
520390,2022-01,0.0308
520390,2023-01,0.0261
520390,2024-01,0.2984
520390,2025-01,
520393,2017-01,4.993
520393,2018-01,0.2422
520393,2020-01,0.0071
520393,2021-01,0.7309
520393,2022-01,0.5714
520393,2023-01,0.0582
520393,2024-01,3.8022
520393,2025-01,
520396,2017-01,0.094
520396,2018-01,0.3357
520396,2020-01,0.6766
520396,2021-01,0.068
520396,2022-01,0.1031
520396,2023-01,0.1203
520396,2024-01,0.0
520396,2025-01,
520400,2017-01,0.4888
520400,2018-01,0.3575
520400,2020-01,0.8115
520400,2021-01,0.4677
520400,2022-01,0.1377
520400,2023-01,0.47
520400,2024-01,0.4468
520400,2025-01,
520410,2017-01,0.3684
520410,2018-01,0.5708
520410,2020-01,0.5329
520410,2021-01,0.3331
520410,2022-01,0.195
520410,2023-01,0.0387
520410,2024-01,1.1225
520410,2025-01,
520420,2017-01,0.177
520420,2018-01,0.0785
520420,2020-01,1.6237
520420,2021-01,0.1955
520420,2022-01,0.0199
520420,2023-01,0.2828
520420,2024-01,0.0
520420,2025-01,
520425,2017-01,2.0066
520425,2018-01,2.1165
520425,2020-01,1.6859
520425,2021-01,4.1119
520425,2022-01,2.6141
520425,2023-01,0.1957
520425,2024-01,5.2128
520425,2025-01,
520430,2017-01,0.7764
520430,2018-01,0.1082
520430,2020-01,0.6258
520430,2021-01,0.1916
520430,2022-01,0.5924
520430,2023-01,0.4216
520430,2024-01,0.5982
520430,2025-01,
520440,2017-01,0.1088
520440,2018-01,0.0288
520440,2020-01,0.1523
520440,2021-01,0.0566
520440,2022-01,0.0833
520440,2023-01,0.0597
520440,2024-01,0.1903
520440,2025-01,
520450,2017-01,0.118
520450,2018-01,0.0814
520450,2020-01,0.048
520450,2021-01,0.0272
520450,2022-01,0.1447
520450,2023-01,0.0121
520450,2024-01,0.0744
520450,2025-01,
520455,2017-01,0.0282
520455,2018-01,0.0
520455,2020-01,0.7133
520455,2021-01,0.0672
520455,2022-01,0.1863
520455,2023-01,0.0086
520455,2024-01,0.0744
520455,2025-01,
520460,2017-01,0.2128
520460,2018-01,0.1577
520460,2020-01,0.2036
520460,2021-01,0.062
520460,2022-01,0.132
520460,2023-01,0.0053
520460,2024-01,0.0719
520460,2025-01,
520465,2017-01,9.324
520465,2018-01,0.1595
520465,2020-01,0.5109
520465,2021-01,2.3962
520465,2022-01,2.1498
520465,2023-01,1.0993
520465,2024-01,0.5304
520465,2025-01,
520470,2017-01,1.9654
520470,2018-01,0.5254
520470,2020-01,0.2149
520470,2021-01,1.0988
520470,2022-01,2.0016
520470,2023-01,0.7477
520470,2024-01,0.0949
520470,2025-01,
520480,2017-01,0.4655
520480,2018-01,0.0933
520480,2020-01,0.2938
520480,2021-01,0.3175
520480,2022-01,0.0692
520480,2023-01,0.0829
520480,2024-01,0.1669
520480,2025-01,
520485,2017-01,0.9115
520485,2018-01,1.4396
520485,2020-01,0.9593
520485,2021-01,1.7209
520485,2022-01,2.3015
520485,2023-01,2.8526
520485,2024-01,0.7045
520485,2025-01,
520490,2017-01,2.8297
520490,2018-01,0.8158
520490,2020-01,1.7168
520490,2021-01,11.0729
520490,2022-01,0.7791
520490,2023-01,2.874
520490,2024-01,1.1761
520490,2025-01,
520495,2017-01,0.0217
520495,2018-01,0.0067
520495,2020-01,0.1395
520495,2021-01,0.0408
520495,2022-01,0.0414
520495,2023-01,0.0061
520495,2024-01,0.0167
520495,2025-01,
520500,2017-01,1.2444
520500,2018-01,1.3212
520500,2020-01,1.4348
520500,2021-01,0.4131
520500,2022-01,1.3158
520500,2023-01,1.2339
520500,2024-01,0.6065
520500,2025-01,
520505,2017-01,2.3466
520505,2018-01,3.0655
520505,2020-01,0.7358
520505,2021-01,1.27
520505,2022-01,3.8945
520505,2023-01,0.5616
520505,2024-01,0.7117
520505,2025-01,
520510,2017-01,0.261
520510,2018-01,0.1386
520510,2020-01,0.1335
520510,2021-01,0.2346
520510,2022-01,0.2052
520510,2023-01,0.0171
520510,2024-01,0.1152
520510,2025-01,
520520,2017-01,0.2511
520520,2018-01,0.2959
520520,2020-01,0.3599
520520,2021-01,0.5254
520520,2022-01,0.0439
520520,2023-01,0.5483
520520,2024-01,0.3011
520520,2025-01,
520530,2017-01,17.9083
520530,2018-01,1.3979
520530,2020-01,9.2933
520530,2021-01,11.152
520530,2022-01,9.2002
520530,2023-01,5.0806
520530,2024-01,2.436
520530,2025-01,
520540,2017-01,1.1438
520540,2018-01,0.9554
520540,2020-01,1.164
520540,2021-01,1.6358
520540,2022-01,1.798
520540,2023-01,1.6227
520540,2024-01,1.1003
520540,2025-01,
520545,2017-01,0.89
520545,2018-01,1.0661
520545,2020-01,0.2385
520545,2021-01,0.3319
520545,2022-01,0.1824
520545,2023-01,0.0166
520545,2024-01,0.0965
520545,2025-01,
520547,2017-01,3.1115
520547,2018-01,0.4621
520547,2020-01,7.2915
520547,2021-01,1.0112
520547,2022-01,1.6594
520547,2023-01,0.5384
520547,2024-01,7.0521
520547,2025-01,
520549,2017-01,0.8153
520549,2018-01,0.4254
520549,2020-01,0.3393
520549,2021-01,1.1357
520549,2022-01,0.3525
520549,2023-01,0.2361
520549,2024-01,0.4127
520549,2025-01,
520551,2017-01,3.1462
520551,2018-01,1.1199
520551,2020-01,1.1576
520551,2021-01,1.2113
520551,2022-01,0.7094
520551,2023-01,0.2519
520551,2024-01,1.1992
520551,2025-01,
520552,2017-01,16.8657
520552,2018-01,0.9997
520552,2020-01,2.3188
520552,2021-01,5.6065
520552,2022-01,1.9986
520552,2023-01,1.8631
520552,2024-01,3.5657
520552,2025-01,
520570,2017-01,0.1631
520570,2018-01,0.1861
520570,2020-01,0.0094
520570,2021-01,0.102
520570,2022-01,0.0
520570,2023-01,0.0
520570,2024-01,0.0438
520570,2025-01,
520580,2017-01,2.4708
520580,2018-01,0.3305
520580,2020-01,0.8234
520580,2021-01,0.4521
520580,2022-01,0.3059
520580,2023-01,0.1839
520580,2024-01,1.5676
520580,2025-01,
520590,2017-01,0.2702
520590,2018-01,0.0159
520590,2020-01,0.1132
520590,2021-01,0.0372
520590,2022-01,0.0451
520590,2023-01,0.0173
520590,2024-01,0.2996
520590,2025-01,
520620,2017-01,1.1856
520620,2018-01,0.3508
520620,2020-01,0.8783
520620,2021-01,1.0229
520620,2022-01,0.6439
520620,2023-01,0.3126
520620,2024-01,1.3907
520620,2025-01,
520630,2017-01,0.0191
520630,2018-01,0.318
520630,2020-01,0.0747
520630,2021-01,0.2225
520630,2022-01,0.0175
520630,2023-01,0.0613
520630,2024-01,0.363
520630,2025-01,
520640,2017-01,0.839
520640,2018-01,0.214
520640,2020-01,0.2733
520640,2021-01,3.7559
520640,2022-01,0.4075
520640,2023-01,0.2251
520640,2024-01,0.1113
520640,2025-01,
520650,2017-01,0.0797
520650,2018-01,0.0187
520650,2020-01,0.2106
520650,2021-01,0.3731
520650,2022-01,0.0794
520650,2023-01,0.0767
520650,2024-01,0.1238
520650,2025-01,
520660,2017-01,0.0071
520660,2018-01,0.0143
520660,2020-01,0.5053
520660,2021-01,0.1104
520660,2022-01,0.0
520660,2023-01,0.0162
520660,2024-01,0.0198
520660,2025-01,
520670,2017-01,0.3112
520670,2018-01,0.4879
520670,2020-01,0.2491
520670,2021-01,0.5528
520670,2022-01,1.1118
520670,2023-01,0.0052
520670,2024-01,0.1593
520670,2025-01,
520680,2017-01,0.3158
520680,2018-01,0.0627
520680,2020-01,0.2029
520680,2021-01,0.1579
520680,2022-01,0.2248
520680,2023-01,0.0575
520680,2024-01,0.0701
520680,2025-01,
520690,2017-01,0.1946
520690,2018-01,0.0076
520690,2020-01,0.0431
520690,2021-01,0.0067
520690,2022-01,0.0602
520690,2023-01,0.0
520690,2024-01,0.0157
520690,2025-01,
520710,2017-01,0.1863
520710,2018-01,0.0926
520710,2020-01,0.8135
520710,2021-01,1.1871
520710,2022-01,0.6684
520710,2023-01,1.1171
520710,2024-01,0.1896
520710,2025-01,
520725,2017-01,0.0649
520725,2018-01,0.0355
520725,2020-01,0.408
520725,2021-01,0.0326
520725,2022-01,0.0256
520725,2023-01,0.0609
520725,2024-01,0.082
520725,2025-01,
520735,2017-01,0.0414
520735,2018-01,0.0162
520735,2020-01,0.003
520735,2021-01,0.0662
520735,2022-01,0.0092
520735,2023-01,0.0024
520735,2024-01,0.9256
520735,2025-01,
520740,2017-01,1.1291
520740,2018-01,0.5596
520740,2020-01,0.8628
520740,2021-01,0.2935
520740,2022-01,0.4592
520740,2023-01,0.3132
520740,2024-01,0.2619
520740,2025-01,
520750,2017-01,0.2095
520750,2018-01,0.3428
520750,2020-01,0.0646
520750,2021-01,0.0652
520750,2022-01,0.0314
520750,2023-01,0.2233
520750,2024-01,0.0
520750,2025-01,
520753,2017-01,1.4104
520753,2018-01,0.1012
520753,2020-01,0.1582
520753,2021-01,0.1333
520753,2022-01,0.5513
520753,2023-01,0.0435
520753,2024-01,0.0725
520753,2025-01,
520760,2017-01,0.3602
520760,2018-01,0.077
520760,2020-01,0.0668
520760,2021-01,1.6416
520760,2022-01,0.1322
520760,2023-01,0.0751
520760,2024-01,0.4592
520760,2025-01,
520780,2017-01,0.2792
520780,2018-01,0.5886
520780,2020-01,1.3689
520780,2021-01,1.162
520780,2022-01,0.7714
520780,2023-01,0.4481
520780,2024-01,0.0818
520780,2025-01,
520790,2017-01,0.8947
520790,2018-01,3.8146
520790,2020-01,0.8455
520790,2021-01,6.2998
520790,2022-01,1.8972
520790,2023-01,1.072
520790,2024-01,0.1873
520790,2025-01,
520800,2017-01,7.2257
520800,2018-01,1.3047
520800,2020-01,2.6075
520800,2021-01,8.9438
520800,2022-01,1.2831
520800,2023-01,1.5689
520800,2024-01,5.3947
520800,2025-01,
520810,2017-01,2.28
520810,2018-01,0.1184
520810,2020-01,0.4929
520810,2021-01,0.0347
520810,2022-01,0.9974
520810,2023-01,0.0344
520810,2024-01,0.1246
520810,2025-01,
520815,2017-01,0.103
520815,2018-01,0.0327
520815,2020-01,0.0586
520815,2021-01,0.0927
520815,2022-01,0.0128
520815,2023-01,0.0217
520815,2024-01,0.0629
520815,2025-01,
520830,2017-01,0.5014
520830,2018-01,0.2031
520830,2020-01,0.4805
520830,2021-01,1.3426
520830,2022-01,0.1937
520830,2023-01,0.2717
520830,2024-01,1.3951
520830,2025-01,
520840,2017-01,0.8987
520840,2018-01,0.4153
520840,2020-01,3.4456
520840,2021-01,0.1825
520840,2022-01,0.3883
520840,2023-01,0.1847
520840,2024-01,1.1244
520840,2025-01,
520850,2017-01,0.0152
520850,2018-01,0.0025
520850,2020-01,0.0182
520850,2021-01,0.0256
520850,2022-01,0.0223
520850,2023-01,0.0745
520850,2024-01,0.0354
520850,2025-01,
520860,2017-01,2.3586
520860,2018-01,1.0909
520860,2020-01,3.044
520860,2021-01,1.8848
520860,2022-01,2.7132
520860,2023-01,2.552
520860,2024-01,1.9328
520860,2025-01,
520870,2017-01,1.8413
520870,2018-01,1.1923
520870,2020-01,2.2351
520870,2021-01,1.2181
520870,2022-01,0.839
520870,2023-01,0.6231
520870,2024-01,1.8606
520870,2025-01,
520880,2017-01,0.9143
520880,2018-01,0.594
520880,2020-01,0.799
520880,2021-01,0.9867
520880,2022-01,0.4113
520880,2023-01,0.2896
520880,2024-01,0.9547
520880,2025-01,
520890,2017-01,2.0455
520890,2018-01,0.4092
520890,2020-01,0.7958
520890,2021-01,0.3255
520890,2022-01,0.2831
520890,2023-01,0.1044
520890,2024-01,0.9402
520890,2025-01,
520910,2017-01,0.5827
520910,2018-01,0.4652
520910,2020-01,0.2521
520910,2021-01,0.2219
520910,2022-01,0.3014
520910,2023-01,0.4255
520910,2024-01,1.126
520910,2025-01,
520915,2017-01,2.2565
520915,2018-01,0.415
520915,2020-01,1.2669
520915,2021-01,1.805
520915,2022-01,1.0996
520915,2023-01,0.1192
520915,2024-01,7.9078
520915,2025-01,
520920,2017-01,0.0982
520920,2018-01,0.0805
520920,2020-01,0.5491
520920,2021-01,0.0
520920,2022-01,0.1362
520920,2023-01,0.0488
520920,2024-01,0.1822
520920,2025-01,
520929,2017-01,0.0438
520929,2018-01,0.6739
520929,2020-01,0.0
520929,2021-01,0.0
520929,2022-01,0.3376
520929,2023-01,0.0
520929,2024-01,0.0
520929,2025-01,
520940,2017-01,0.7417
520940,2018-01,2.3322
520940,2020-01,1.1923
520940,2021-01,0.7509
520940,2022-01,1.0114
520940,2023-01,1.0251
520940,2024-01,0.3154
520940,2025-01,
520945,2017-01,0.0235
520945,2018-01,0.0278
520945,2020-01,0.4332
520945,2021-01,0.2358
520945,2022-01,0.4556
520945,2023-01,0.0108
520945,2024-01,0.0511
520945,2025-01,
520960,2017-01,0.4106
520960,2018-01,0.5701
520960,2020-01,1.0169
520960,2021-01,0.3417
520960,2022-01,0.1846
520960,2023-01,1.0283
520960,2024-01,1.0992
520960,2025-01,
520970,2017-01,0.1637
520970,2018-01,0.2355
520970,2020-01,0.7295
520970,2021-01,0.0776
520970,2022-01,0.2108
520970,2023-01,0.045
520970,2024-01,0.1816
520970,2025-01,
520980,2017-01,0.5127
520980,2018-01,0.3002
520980,2020-01,0.4096
520980,2021-01,0.1645
520980,2022-01,0.3046
520980,2023-01,0.526
520980,2024-01,1.2267
520980,2025-01,
520990,2017-01,0.0791
520990,2018-01,0.171
520990,2020-01,0.0963
520990,2021-01,0.1896
520990,2022-01,0.1267
520990,2023-01,0.1486
520990,2024-01,0.2462
520990,2025-01,
520993,2017-01,0.5256
520993,2018-01,0.7934
520993,2020-01,2.0956
520993,2021-01,1.721
520993,2022-01,1.7233
520993,2023-01,0.6058
520993,2024-01,1.1515
520993,2025-01,
520995,2017-01,0.9193
520995,2018-01,0.2269
520995,2020-01,0.3701
520995,2021-01,0.2915
520995,2022-01,0.1391
520995,2023-01,0.3218
520995,2024-01,0.2872
520995,2025-01,
521000,2017-01,0.7235
521000,2018-01,0.7348
521000,2020-01,0.756
521000,2021-01,0.7646
521000,2022-01,0.9845
521000,2023-01,0.297
521000,2024-01,0.7883
521000,2025-01,
521010,2017-01,0.2609
521010,2018-01,0.0578
521010,2020-01,0.1614
521010,2021-01,0.0978
521010,2022-01,0.0767
521010,2023-01,0.0537
521010,2024-01,0.1624
521010,2025-01,
521015,2017-01,0.9045
521015,2018-01,0.9064
521015,2020-01,1.38
521015,2021-01,1.3936
521015,2022-01,1.3513
521015,2023-01,1.5588
521015,2024-01,3.5576
521015,2025-01,
521020,2017-01,0.197
521020,2018-01,0.2784
521020,2020-01,0.6597
521020,2021-01,0.8165
521020,2022-01,0.4574
521020,2023-01,0.7809
521020,2024-01,1.3893
521020,2025-01,
521030,2017-01,0.1762
521030,2018-01,0.0255
521030,2020-01,0.437
521030,2021-01,0.2499
521030,2022-01,0.428
521030,2023-01,0.641
521030,2024-01,0.0476
521030,2025-01,
521040,2017-01,0.8582
521040,2018-01,0.6508
521040,2020-01,1.3528
521040,2021-01,0.6412
521040,2022-01,1.1865
521040,2023-01,0.6376
521040,2024-01,1.4806
521040,2025-01,
521056,2017-01,0.8732
521056,2018-01,0.5798
521056,2020-01,2.1848
521056,2021-01,0.74
521056,2022-01,3.0478
521056,2023-01,1.9577
521056,2024-01,0.8599
521056,2025-01,
521060,2017-01,0.1079
521060,2018-01,0.3118
521060,2020-01,0.3533
521060,2021-01,0.2748
521060,2022-01,0.0907
521060,2023-01,0.1863
521060,2024-01,0.2588
521060,2025-01,
521080,2017-01,0.1861
521080,2018-01,0.0105
521080,2020-01,0.5968
521080,2021-01,0.0534
521080,2022-01,0.0711
521080,2023-01,0.0605
521080,2024-01,0.6467
521080,2025-01,
521090,2017-01,0.4822
521090,2018-01,0.4146
521090,2020-01,0.7392
521090,2021-01,0.2869
521090,2022-01,1.1499
521090,2023-01,0.2887
521090,2024-01,0.2958
521090,2025-01,
521100,2017-01,0.0957
521100,2018-01,0.3993
521100,2020-01,0.0517
521100,2021-01,0.05
521100,2022-01,0.0462
521100,2023-01,0.0265
521100,2024-01,0.0534
521100,2025-01,
521120,2017-01,0.3326
521120,2018-01,0.4748
521120,2020-01,0.1753
521120,2021-01,0.0728
521120,2022-01,0.5717
521120,2023-01,0.1118
521120,2024-01,0.656
521120,2025-01,
521130,2017-01,0.1269
521130,2018-01,0.0959
521130,2020-01,0.9489
521130,2021-01,0.1198
521130,2022-01,0.2266
521130,2023-01,0.1507
521130,2024-01,0.6496
521130,2025-01,
521140,2017-01,0.3691
521140,2018-01,0.102
521140,2020-01,0.3259
521140,2021-01,0.5202
521140,2022-01,0.3125
521140,2023-01,0.0601
521140,2024-01,2.1756
521140,2025-01,
521150,2017-01,2.6462
521150,2018-01,1.132
521150,2020-01,2.5893
521150,2021-01,2.8256
521150,2022-01,0.9856
521150,2023-01,0.8202
521150,2024-01,3.8219
521150,2025-01,
521160,2017-01,0.1119
521160,2018-01,0.0958
521160,2020-01,0.3651
521160,2021-01,0.1201
521160,2022-01,0.056
521160,2023-01,0.0552
521160,2024-01,0.392
521160,2025-01,
521170,2017-01,0.1633
521170,2018-01,0.3678
521170,2020-01,0.4185
521170,2021-01,0.1938
521170,2022-01,0.2709
521170,2023-01,0.0874
521170,2024-01,0.3353
521170,2025-01,
521180,2017-01,0.5211
521180,2018-01,0.6218
521180,2020-01,0.8335
521180,2021-01,0.6432
521180,2022-01,1.0339
521180,2023-01,0.5023
521180,2024-01,0.4623
521180,2025-01,
521190,2017-01,0.3048
521190,2018-01,0.1111
521190,2020-01,0.5151
521190,2021-01,0.4347
521190,2022-01,0.253
521190,2023-01,0.1358
521190,2024-01,3.8334
521190,2025-01,
521200,2017-01,0.4466
521200,2018-01,0.1317
521200,2020-01,0.7993
521200,2021-01,0.9325
521200,2022-01,0.258
521200,2023-01,0.8379
521200,2024-01,0.1321
521200,2025-01,
521205,2017-01,0.5312
521205,2018-01,0.6913
521205,2020-01,1.1662
521205,2021-01,0.6124
521205,2022-01,0.4124
521205,2023-01,3.7416
521205,2024-01,0.1297
521205,2025-01,
521210,2017-01,0.0079
521210,2018-01,0.2376
521210,2020-01,0.0188
521210,2021-01,0.1057
521210,2022-01,0.005
521210,2023-01,0.187
521210,2024-01,0.6597
521210,2025-01,
521220,2017-01,0.1466
521220,2018-01,0.0566
521220,2020-01,0.4931
521220,2021-01,0.8119
521220,2022-01,0.5578
521220,2023-01,0.2255
521220,2024-01,0.7288
521220,2025-01,
521225,2017-01,0.0
521225,2018-01,0.0138
521225,2020-01,0.02
521225,2021-01,0.0612
521225,2022-01,0.0847
521225,2023-01,0.0359
521225,2024-01,0.8155
521225,2025-01,
521230,2017-01,0.3021
521230,2018-01,0.1425
521230,2020-01,0.2592
521230,2021-01,0.6332
521230,2022-01,0.5465
521230,2023-01,0.0369
521230,2024-01,0.2036
521230,2025-01,
521250,2017-01,0.3343
521250,2018-01,0.1794
521250,2020-01,0.3115
521250,2021-01,0.5162
521250,2022-01,0.2194
521250,2023-01,0.164
521250,2024-01,0.3884
521250,2025-01,
521260,2017-01,0.0825
521260,2018-01,0.6309
521260,2020-01,0.2058
521260,2021-01,0.1142
521260,2022-01,0.0708
521260,2023-01,0.0
521260,2024-01,0.1098
521260,2025-01,
521270,2017-01,7.7872
521270,2018-01,1.268
521270,2020-01,0.2482
521270,2021-01,18.9688
521270,2022-01,3.8515
521270,2023-01,0.4758
521270,2024-01,0.3778
521270,2025-01,
521280,2017-01,0.4991
521280,2018-01,0.3701
521280,2020-01,0.6629
521280,2021-01,0.0709
521280,2022-01,0.0533
521280,2023-01,0.0633
521280,2024-01,0.0579
521280,2025-01,
521290,2017-01,0.0196
521290,2018-01,0.0
521290,2020-01,0.0758
521290,2021-01,0.0
521290,2022-01,0.2291
521290,2023-01,0.0499
521290,2024-01,0.3097
521290,2025-01,
521295,2017-01,0.2954
521295,2018-01,0.2521
521295,2020-01,0.5309
521295,2021-01,0.0199
521295,2022-01,0.9067
521295,2023-01,0.041
521295,2024-01,0.0769
521295,2025-01,
521300,2017-01,3.3607
521300,2018-01,2.2644
521300,2020-01,0.796
521300,2021-01,1.0248
521300,2022-01,4.2126
521300,2023-01,0.8563
521300,2024-01,1.5085
521300,2025-01,
521305,2017-01,11.1824
521305,2018-01,5.4075
521305,2020-01,5.1449
521305,2021-01,16.1088
521305,2022-01,5.8157
521305,2023-01,9.3544
521305,2024-01,14.697
521305,2025-01,
521308,2017-01,9.9323
521308,2018-01,0.2791
521308,2020-01,0.9595
521308,2021-01,2.4411
521308,2022-01,2.9377
521308,2023-01,1.2707
521308,2024-01,0.4639
521308,2025-01,
521310,2017-01,1.4916
521310,2018-01,1.1666
521310,2020-01,3.5119
521310,2021-01,4.3709
521310,2022-01,1.1033
521310,2023-01,0.9139
521310,2024-01,3.1521
521310,2025-01,
521340,2017-01,0.2294
521340,2018-01,0.0358
521340,2020-01,1.7581
521340,2021-01,0.229
521340,2022-01,0.198
521340,2023-01,0.5338
521340,2024-01,0.2624
521340,2025-01,
521350,2017-01,1.742
521350,2018-01,4.8498
521350,2020-01,4.5989
521350,2021-01,6.264
521350,2022-01,3.0591
521350,2023-01,5.019
521350,2024-01,0.8468
521350,2025-01,
521370,2017-01,0.9676
521370,2018-01,0.5276
521370,2020-01,0.9272
521370,2021-01,0.84
521370,2022-01,0.2076
521370,2023-01,0.6791
521370,2024-01,0.3404
521370,2025-01,
521375,2017-01,0.1121
521375,2018-01,0.5592
521375,2020-01,0.1071
521375,2021-01,0.0435
521375,2022-01,0.2611
521375,2023-01,0.086
521375,2024-01,1.4019
521375,2025-01,
521377,2017-01,0.3383
521377,2018-01,0.048
521377,2020-01,0.4896
521377,2021-01,1.4844
521377,2022-01,0.4614
521377,2023-01,0.0378
521377,2024-01,0.4878
521377,2025-01,
521380,2017-01,0.0837
521380,2018-01,0.1474
521380,2020-01,0.9026
521380,2021-01,0.0909
521380,2022-01,0.0971
521380,2023-01,0.0994
521380,2024-01,0.6022
521380,2025-01,
521385,2017-01,0.6257
521385,2018-01,0.0
521385,2020-01,0.2764
521385,2021-01,0.0564
521385,2022-01,0.0191
521385,2023-01,0.0
521385,2024-01,0.0108
521385,2025-01,
521390,2017-01,8.2064
521390,2018-01,0.5769
521390,2020-01,2.2451
521390,2021-01,3.9286
521390,2022-01,0.3619
521390,2023-01,0.3591
521390,2024-01,5.1227
521390,2025-01,
521400,2017-01,0.0845
521400,2018-01,0.1473
521400,2020-01,0.7166
521400,2021-01,0.1126
521400,2022-01,1.0205
521400,2023-01,0.4208
521400,2024-01,0.1023
521400,2025-01,
521405,2017-01,0.1463
521405,2018-01,0.2013
521405,2020-01,0.6312
521405,2021-01,0.6725
521405,2022-01,0.2247
521405,2023-01,0.0802
521405,2024-01,0.5746
521405,2025-01,
521410,2017-01,0.8484
521410,2018-01,0.2399
521410,2020-01,0.3183
521410,2021-01,0.0768
521410,2022-01,0.0949
521410,2023-01,0.0769
521410,2024-01,0.1355
521410,2025-01,
521440,2017-01,0.1165
521440,2018-01,0.106
521440,2020-01,0.4795
521440,2021-01,0.0224
521440,2022-01,0.1946
521440,2023-01,0.121
521440,2024-01,0.1348
521440,2025-01,
521450,2017-01,0.3447
521450,2018-01,0.9387
521450,2020-01,3.1048
521450,2021-01,0.2655
521450,2022-01,1.7542
521450,2023-01,0.4981
521450,2024-01,1.4205
521450,2025-01,
521460,2017-01,10.4544
521460,2018-01,1.3749
521460,2020-01,3.4953
521460,2021-01,5.3581
521460,2022-01,4.969
521460,2023-01,2.1051
521460,2024-01,1.4506
521460,2025-01,
521470,2017-01,0.1547
521470,2018-01,0.1448
521470,2020-01,0.1646
521470,2021-01,0.1074
521470,2022-01,0.4903
521470,2023-01,0.0434
521470,2024-01,0.0541
521470,2025-01,
521480,2017-01,0.0
521480,2018-01,0.0047
521480,2020-01,0.0
521480,2021-01,0.0439
521480,2022-01,0.0085
521480,2023-01,0.0
521480,2024-01,0.0275
521480,2025-01,
521483,2017-01,0.8385
521483,2018-01,0.0941
521483,2020-01,0.4721
521483,2021-01,0.262
521483,2022-01,0.0947
521483,2023-01,0.313
521483,2024-01,0.2014
521483,2025-01,
521486,2017-01,2.1439
521486,2018-01,1.6733
521486,2020-01,2.3626
521486,2021-01,2.5593
521486,2022-01,3.6932
521486,2023-01,2.3808
521486,2024-01,1.8029
521486,2025-01,
521487,2017-01,3.5965
521487,2018-01,0.0416
521487,2020-01,0.0702
521487,2021-01,2.2696
521487,2022-01,0.2542
521487,2023-01,0.0377
521487,2024-01,0.1689
521487,2025-01,
521490,2017-01,2.6064
521490,2018-01,1.51
521490,2020-01,0.7379
521490,2021-01,1.0337
521490,2022-01,10.9974
521490,2023-01,1.8415
521490,2024-01,0.3668
521490,2025-01,
521500,2017-01,0.1449
521500,2018-01,0.0566
521500,2020-01,0.1228
521500,2021-01,0.0118
521500,2022-01,0.5126
521500,2023-01,0.2309
521500,2024-01,0.2626
521500,2025-01,
521520,2017-01,0.2778
521520,2018-01,0.0886
521520,2020-01,0.0132
521520,2021-01,0.0312
521520,2022-01,0.3231
521520,2023-01,0.0
521520,2024-01,0.0035
521520,2025-01,
521523,2017-01,0.573
521523,2018-01,0.2392
521523,2020-01,0.9017
521523,2021-01,1.0337
521523,2022-01,0.7491
521523,2023-01,0.2229
521523,2024-01,0.8385
521523,2025-01,
521525,2017-01,1.4762
521525,2018-01,0.1502
521525,2020-01,0.033
521525,2021-01,0.1177
521525,2022-01,0.0949
521525,2023-01,0.337
521525,2024-01,0.0943
521525,2025-01,
521530,2017-01,0.0945
521530,2018-01,0.082
521530,2020-01,0.0372
521530,2021-01,0.0197
521530,2022-01,0.0947
521530,2023-01,0.0018
521530,2024-01,0.3504
521530,2025-01,
521540,2017-01,0.1664
521540,2018-01,0.0496
521540,2020-01,0.2517
521540,2021-01,0.2052
521540,2022-01,0.1452
521540,2023-01,0.1323
521540,2024-01,1.043
521540,2025-01,
521550,2017-01,0.1199
521550,2018-01,0.0473
521550,2020-01,0.014
521550,2021-01,0.0786
521550,2022-01,0.0783
521550,2023-01,0.0252
521550,2024-01,0.0514
521550,2025-01,
521560,2017-01,2.4391
521560,2018-01,1.9108
521560,2020-01,2.4299
521560,2021-01,5.6372
521560,2022-01,3.2668
521560,2023-01,2.6192
521560,2024-01,2.3449
521560,2025-01,
521565,2017-01,0.225
521565,2018-01,0.0708
521565,2020-01,0.3805
521565,2021-01,0.1885
521565,2022-01,0.1118
521565,2023-01,0.0619
521565,2024-01,0.1604
521565,2025-01,
521570,2017-01,0.1667
521570,2018-01,0.155
521570,2020-01,0.5468
521570,2021-01,0.2558
521570,2022-01,0.3535
521570,2023-01,0.0597
521570,2024-01,0.294
521570,2025-01,
521580,2017-01,0.0
521580,2018-01,0.1836
521580,2020-01,2.1819
521580,2021-01,0.0873
521580,2022-01,0.0
521580,2023-01,0.0
521580,2024-01,0.1806
521580,2025-01,
521590,2017-01,0.1382
521590,2018-01,0.3144
521590,2020-01,0.4595
521590,2021-01,0.3872
521590,2022-01,0.3881
521590,2023-01,0.6192
521590,2024-01,0.1357
521590,2025-01,
521600,2017-01,0.5441
521600,2018-01,2.8104
521600,2020-01,1.4277
521600,2021-01,0.9781
521600,2022-01,0.8542
521600,2023-01,0.1785
521600,2024-01,0.3426
521600,2025-01,
521630,2017-01,1.4047
521630,2018-01,0.1147
521630,2020-01,1.4768
521630,2021-01,0.0555
521630,2022-01,0.2912
521630,2023-01,1.0517
521630,2024-01,4.3439
521630,2025-01,
521640,2017-01,1.0104
521640,2018-01,0.3834
521640,2020-01,0.8272
521640,2021-01,0.5282
521640,2022-01,0.2497
521640,2023-01,0.5383
521640,2024-01,0.8487
521640,2025-01,
521645,2017-01,0.5041
521645,2018-01,0.9775
521645,2020-01,1.173
521645,2021-01,0.5999
521645,2022-01,0.1432
521645,2023-01,0.3801
521645,2024-01,2.5005
521645,2025-01,
521680,2017-01,0.248
521680,2018-01,0.623
521680,2020-01,0.3983
521680,2021-01,0.6968
521680,2022-01,0.7558
521680,2023-01,0.9551
521680,2024-01,0.9456
521680,2025-01,
521690,2017-01,1.2116
521690,2018-01,0.3527
521690,2020-01,0.0399
521690,2021-01,0.1121
521690,2022-01,0.4772
521690,2023-01,0.0128
521690,2024-01,0.1219
521690,2025-01,
521710,2017-01,0.2212
521710,2018-01,0.1092
521710,2020-01,0.3364
521710,2021-01,0.1354
521710,2022-01,0.1576
521710,2023-01,0.0442
521710,2024-01,0.4885
521710,2025-01,
521720,2017-01,0.3037
521720,2018-01,0.1315
521720,2020-01,0.3227
521720,2021-01,0.563
521720,2022-01,0.1472
521720,2023-01,0.1617
521720,2024-01,0.3098
521720,2025-01,
521730,2017-01,3.9168
521730,2018-01,0.7044
521730,2020-01,1.4283
521730,2021-01,2.77
521730,2022-01,1.3787
521730,2023-01,0.5402
521730,2024-01,0.4425
521730,2025-01,
521740,2017-01,0.3278
521740,2018-01,0.1252
521740,2020-01,0.043
521740,2021-01,0.2764
521740,2022-01,0.0544
521740,2023-01,0.0121
521740,2024-01,0.5693
521740,2025-01,
521760,2017-01,8.5328
521760,2018-01,0.9435
521760,2020-01,2.2851
521760,2021-01,15.133
521760,2022-01,2.8006
521760,2023-01,1.4443
521760,2024-01,2.3628
521760,2025-01,
521770,2017-01,0.1865
521770,2018-01,0.1748
521770,2020-01,0.1672
521770,2021-01,0.1777
521770,2022-01,0.0657
521770,2023-01,0.0159
521770,2024-01,0.2169
521770,2025-01,
521800,2017-01,0.8322
521800,2018-01,0.0497
521800,2020-01,0.4907
521800,2021-01,0.6775
521800,2022-01,0.1517
521800,2023-01,0.1043
521800,2024-01,0.1326
521800,2025-01,
521805,2017-01,3.2613
521805,2018-01,0.2231
521805,2020-01,1.1542
521805,2021-01,1.8144
521805,2022-01,1.7714
521805,2023-01,0.7743
521805,2024-01,1.1157
521805,2025-01,
521810,2017-01,0.1164
521810,2018-01,0.0704
521810,2020-01,0.1234
521810,2021-01,0.0081
521810,2022-01,0.042
521810,2023-01,0.0059
521810,2024-01,2.3758
521810,2025-01,
521830,2017-01,0.6171
521830,2018-01,0.8643
521830,2020-01,1.0095
521830,2021-01,0.916
521830,2022-01,2.3268
521830,2023-01,0.3684
521830,2024-01,0.3788
521830,2025-01,
521839,2017-01,0.413
521839,2018-01,0.0637
521839,2020-01,0.2031
521839,2021-01,0.0495
521839,2022-01,0.2172
521839,2023-01,0.0101
521839,2024-01,1.4179
521839,2025-01,
521850,2017-01,0.4956
521850,2018-01,0.1344
521850,2020-01,0.5659
521850,2021-01,0.3055
521850,2022-01,0.51
521850,2023-01,0.3266
521850,2024-01,2.0549
521850,2025-01,
521860,2017-01,3.2084
521860,2018-01,2.4497
521860,2020-01,2.6922
521860,2021-01,3.6056
521860,2022-01,5.3585
521860,2023-01,4.8906
521860,2024-01,4.3626
521860,2025-01,
521870,2017-01,0.3774
521870,2018-01,0.3706
521870,2020-01,0.8933
521870,2021-01,0.4518
521870,2022-01,1.4531
521870,2023-01,0.9247
521870,2024-01,1.2484
521870,2025-01,
521878,2017-01,0.0456
521878,2018-01,0.0224
521878,2020-01,0.2568
521878,2021-01,0.0283
521878,2022-01,0.0217
521878,2023-01,0.0261
521878,2024-01,0.0276
521878,2025-01,
521880,2017-01,0.4238
521880,2018-01,0.291
521880,2020-01,0.3038
521880,2021-01,0.6263
521880,2022-01,0.6101
521880,2023-01,0.1293
521880,2024-01,3.7436
521880,2025-01,
521890,2017-01,0.7582
521890,2018-01,0.4243
521890,2020-01,0.5717
521890,2021-01,0.2965
521890,2022-01,0.3605
521890,2023-01,0.5365
521890,2024-01,1.1294
521890,2025-01,
521900,2017-01,0.2256
521900,2018-01,0.1293
521900,2020-01,0.6558
521900,2021-01,0.2882
521900,2022-01,0.1804
521900,2023-01,0.351
521900,2024-01,0.4662
521900,2025-01,
521910,2017-01,0.756
521910,2018-01,0.3978
521910,2020-01,0.1654
521910,2021-01,0.1622
521910,2022-01,0.182
521910,2023-01,0.0102
521910,2024-01,0.0306
521910,2025-01,
521920,2017-01,0.0631
521920,2018-01,0.0714
521920,2020-01,0.2249
521920,2021-01,0.053
521920,2022-01,0.0827
521920,2023-01,0.0074
521920,2024-01,0.1106
521920,2025-01,
521925,2017-01,0.9279
521925,2018-01,0.4366
521925,2020-01,1.1637
521925,2021-01,0.5359
521925,2022-01,1.0009
521925,2023-01,2.5614
521925,2024-01,1.4241
521925,2025-01,
521930,2017-01,3.2402
521930,2018-01,2.6339
521930,2020-01,1.0504
521930,2021-01,0.7162
521930,2022-01,1.2806
521930,2023-01,0.4633
521930,2024-01,0.9307
521930,2025-01,
521935,2017-01,3.4195
521935,2018-01,1.2373
521935,2020-01,2.7726
521935,2021-01,2.6397
521935,2022-01,3.585
521935,2023-01,2.6953
521935,2024-01,1.4015
521935,2025-01,
521940,2017-01,0.0
521940,2018-01,0.072
521940,2020-01,1.0466
521940,2021-01,0.046
521940,2022-01,0.0826
521940,2023-01,0.0613
521940,2024-01,0.7578
521940,2025-01,
521945,2017-01,3.447
521945,2018-01,0.6708
521945,2020-01,1.565
521945,2021-01,0.9095
521945,2022-01,0.9352
521945,2023-01,1.9998
521945,2024-01,2.5872
521945,2025-01,
521950,2017-01,0.6278
521950,2018-01,1.1977
521950,2020-01,1.6319
521950,2021-01,2.1067
521950,2022-01,1.9115
521950,2023-01,2.4025
521950,2024-01,0.7089
521950,2025-01,
521960,2017-01,0.3127
521960,2018-01,0.215
521960,2020-01,0.2607
521960,2021-01,2.1016
521960,2022-01,0.0724
521960,2023-01,1.9076
521960,2024-01,0.3185
521960,2025-01,
521970,2017-01,0.041
521970,2018-01,0.2726
521970,2020-01,0.5398
521970,2021-01,0.0646
521970,2022-01,0.0244
521970,2023-01,0.0345
521970,2024-01,0.0277
521970,2025-01,
521971,2017-01,2.1041
521971,2018-01,0.7555
521971,2020-01,2.1563
521971,2021-01,1.6359
521971,2022-01,0.9723
521971,2023-01,0.7331
521971,2024-01,1.9484
521971,2025-01,
521973,2017-01,0.282
521973,2018-01,0.6519
521973,2020-01,0.4699
521973,2021-01,0.19
521973,2022-01,0.3813
521973,2023-01,0.08
521973,2024-01,2.0197
521973,2025-01,
521975,2017-01,0.8255
521975,2018-01,0.9222
521975,2020-01,0.5792
521975,2021-01,0.9287
521975,2022-01,0.3584
521975,2023-01,0.1829
521975,2024-01,0.5508
521975,2025-01,
521980,2017-01,2.0544
521980,2018-01,1.3767
521980,2020-01,0.5681
521980,2021-01,8.6196
521980,2022-01,2.9504
521980,2023-01,1.877
521980,2024-01,2.167
521980,2025-01,
521990,2017-01,0.4531
521990,2018-01,0.0897
521990,2020-01,1.1035
521990,2021-01,0.8572
521990,2022-01,0.3049
521990,2023-01,0.4786
521990,2024-01,0.4397
521990,2025-01,
522000,2017-01,7.5065
522000,2018-01,2.2228
522000,2020-01,2.0056
522000,2021-01,8.9473
522000,2022-01,2.053
522000,2023-01,1.628
522000,2024-01,1.727
522000,2025-01,
522005,2017-01,0.9584
522005,2018-01,0.4729
522005,2020-01,0.515
522005,2021-01,1.5411
522005,2022-01,0.228
522005,2023-01,0.4535
522005,2024-01,0.2976
522005,2025-01,
522010,2017-01,0.2568
522010,2018-01,0.3408
522010,2020-01,0.4239
522010,2021-01,0.332
522010,2022-01,0.9055
522010,2023-01,0.1661
522010,2024-01,0.2544
522010,2025-01,
522015,2017-01,5.6446
522015,2018-01,1.5211
522015,2020-01,1.4454
522015,2021-01,0.3782
522015,2022-01,2.0793
522015,2023-01,2.6195
522015,2024-01,1.5429
522015,2025-01,
522020,2017-01,1.4024
522020,2018-01,0.3249
522020,2020-01,0.636
522020,2021-01,0.1369
522020,2022-01,0.8976
522020,2023-01,0.2531
522020,2024-01,0.3584
522020,2025-01,
522026,2017-01,0.036
522026,2018-01,0.0248
522026,2020-01,0.0132
522026,2021-01,0.0894
522026,2022-01,0.0385
522026,2023-01,0.0055
522026,2024-01,0.1975
522026,2025-01,
522028,2017-01,0.722
522028,2018-01,0.9705
522028,2020-01,0.2183
522028,2021-01,1.295
522028,2022-01,0.8324
522028,2023-01,0.447
522028,2024-01,0.1162
522028,2025-01,
522040,2017-01,0.9368
522040,2018-01,0.3491
522040,2020-01,0.7924
522040,2021-01,0.0317
522040,2022-01,0.0
522040,2023-01,0.0466
522040,2024-01,0.6801
522040,2025-01,
522045,2017-01,0.9335
522045,2018-01,1.0133
522045,2020-01,2.3171
522045,2021-01,0.7936
522045,2022-01,0.2718
522045,2023-01,0.1782
522045,2024-01,1.7337
522045,2025-01,
522050,2017-01,0.1601
522050,2018-01,0.0787
522050,2020-01,0.4092
522050,2021-01,0.0907
522050,2022-01,0.0892
522050,2023-01,0.0527
522050,2024-01,0.758
522050,2025-01,
522060,2017-01,0.0824
522060,2018-01,0.1135
522060,2020-01,0.0752
522060,2021-01,0.0848
522060,2022-01,0.18
522060,2023-01,0.0128
522060,2024-01,0.0871
522060,2025-01,
522068,2017-01,0.15
522068,2018-01,0.7095
522068,2020-01,1.4405
522068,2021-01,0.1025
522068,2022-01,0.124
522068,2023-01,0.0099
522068,2024-01,0.0428
522068,2025-01,
522070,2017-01,0.2946
522070,2018-01,0.9228
522070,2020-01,1.1256
522070,2021-01,7.8589
522070,2022-01,0.92
522070,2023-01,0.2332
522070,2024-01,0.9076
522070,2025-01,
522100,2017-01,0.8397
522100,2018-01,0.4477
522100,2020-01,0.6967
522100,2021-01,1.6007
522100,2022-01,0.407
522100,2023-01,0.3706
522100,2024-01,0.3733
522100,2025-01,
522108,2017-01,5.1835
522108,2018-01,0.3957
522108,2020-01,1.6393
522108,2021-01,9.7739
522108,2022-01,4.0879
522108,2023-01,0.2975
522108,2024-01,0.67
522108,2025-01,
522119,2017-01,3.7653
522119,2018-01,0.4298
522119,2020-01,1.0482
522119,2021-01,0.4357
522119,2022-01,1.0808
522119,2023-01,0.8999
522119,2024-01,3.0984
522119,2025-01,
522130,2017-01,0.0992
522130,2018-01,0.2535
522130,2020-01,0.084
522130,2021-01,0.0469
522130,2022-01,0.0821
522130,2023-01,0.0399
522130,2024-01,0.0906
522130,2025-01,
522140,2017-01,1.4909
522140,2018-01,0.225
522140,2020-01,0.852
522140,2021-01,0.2498
522140,2022-01,0.6336
522140,2023-01,0.1671
522140,2024-01,0.6185
522140,2025-01,
522145,2017-01,3.806
522145,2018-01,0.062
522145,2020-01,1.2967
522145,2021-01,0.6499
522145,2022-01,1.1711
522145,2023-01,0.2013
522145,2024-01,0.3608
522145,2025-01,
522150,2017-01,0.4096
522150,2018-01,0.3482
522150,2020-01,1.0711
522150,2021-01,0.4255
522150,2022-01,0.3288
522150,2023-01,0.3564
522150,2024-01,0.6652
522150,2025-01,
522155,2017-01,1.9146
522155,2018-01,0.3798
522155,2020-01,0.8946
522155,2021-01,0.5931
522155,2022-01,1.069
522155,2023-01,1.039
522155,2024-01,1.6283
522155,2025-01,
522157,2017-01,0.0325
522157,2018-01,0.1321
522157,2020-01,0.1428
522157,2021-01,0.8697
522157,2022-01,0.1748
522157,2023-01,0.0752
522157,2024-01,0.3991
522157,2025-01,
522160,2017-01,2.057
522160,2018-01,2.418
522160,2020-01,2.7383
522160,2021-01,1.634
522160,2022-01,1.3343
522160,2023-01,0.7647
522160,2024-01,2.6128
522160,2025-01,
522170,2017-01,0.6829
522170,2018-01,0.4845
522170,2020-01,0.8086
522170,2021-01,0.9101
522170,2022-01,0.775
522170,2023-01,0.3645
522170,2024-01,1.0705
522170,2025-01,
522180,2017-01,0.0428
522180,2018-01,0.2631
522180,2020-01,1.3391
522180,2021-01,0.0068
522180,2022-01,0.0159
522180,2023-01,0.0254
522180,2024-01,0.1135
522180,2025-01,
522185,2017-01,1.3767
522185,2018-01,1.0636
522185,2020-01,1.8068
522185,2021-01,1.8097
522185,2022-01,2.6495
522185,2023-01,0.455
522185,2024-01,2.8206
522185,2025-01,
522190,2017-01,0.0143
522190,2018-01,0.4079
522190,2020-01,0.4159
522190,2021-01,0.0137
522190,2022-01,0.3677
522190,2023-01,0.0477
522190,2024-01,0.236
522190,2025-01,
522200,2017-01,0.04
522200,2018-01,0.0289
522200,2020-01,0.0734
522200,2021-01,0.0482
522200,2022-01,0.1199
522200,2023-01,0.0135
522200,2024-01,0.0174
522200,2025-01,
522205,2017-01,0.6499
522205,2018-01,1.7049
522205,2020-01,0.4577
522205,2021-01,0.1387
522205,2022-01,0.575
522205,2023-01,0.1307
522205,2024-01,1.2825
522205,2025-01,
522220,2017-01,2.0586
522220,2018-01,1.9745
522220,2020-01,3.0451
522220,2021-01,4.0569
522220,2022-01,3.7514
522220,2023-01,2.3279
522220,2024-01,1.4341
522220,2025-01,
522230,2017-01,3.1018
522230,2018-01,0.8583
522230,2020-01,1.9391
522230,2021-01,7.3384
522230,2022-01,3.2581
522230,2023-01,3.1703
522230,2024-01,4.8173
522230,2025-01,
