cod_mun,municipio,populacao,taxa_baseline,taxa_simulada,delta_abs,delta_pct,casos_baseline,casos_simulados,delta_casos
520005,ABADIA DE GOIAS,11887.0,0.0011615208586247569,0.0011917713600670178,3.0250501442260873e-05,2.604387275324313,14,14,0
520010,ABADIANIA,16846.0,0.0027444832717670948,0.0024413875468261136,-0.00030309572494098113,-11.043817539679388,46,41,-5
520013,ACREUNA,21500.0,0.014283097807335493,0.010924176395488188,-0.0033589214118473053,-23.516757058978026,307,235,-72
520015,ADELANDIA,2431.0,1.875805448055728e-05,1.4928046525029182e-05,-3.8300079555280995e-06,-20.417938115586036,0,0,0
520017,AGUA FRIA DE GOIAS,5162.0,0.00038920230722359536,0.0003356216571987748,-5.358065002482055e-05,-13.766786329465063,2,2,0
520020,AGUA LIMPA,1959.0,1.7310551525797846e-05,1.3517597794651402e-05,-3.7929537311464434e-06,-21.911224061774227,0,0,0
520025,AGUAS LINDAS DE GOIAS,200319.0,0.004381055296833588,0.004824633249027805,0.00044357795219421726,10.124911057726518,878,966,88
520030,ALEXANIA,26217.0,0.01821214368846349,0.015292628363268139,-0.0029195153251953525,-16.030596810219127,477,401,-76
520050,ALOANDIA,2042.0,0.0012509981892135861,0.0010772613555114973,-0.00017373683370208877,-13.887856529297201,3,2,-1
520055,ALTO HORIZONTE,5420.0,0.0015679962252912066,0.0011389456521825306,-0.000429050573108676,-27.362985075362232,8,6,-2
520060,ALTO PARAISO DE GOIAS,8716.0,0.0008416444720399011,0.000912640261841054,7.099578980115288e-05,8.435365782071823,7,8,1
520080,ALVORADA DO NORTE,8521.0,1.1621119591657972e-05,1.0549632438719291e-05,-1.0714871529386809e-06,-9.220171468744114,0,0,0
520082,AMARALINA,3431.0,1.2308170929315506e-05,1.3719387338002633e-05,1.411216408687127e-06,11.46568744285069,0,0,0
520085,AMERICANO DO BRASIL,5498.0,0.005630296739907923,0.00762624054181356,0.0019959438019056365,35.450064074922594,31,42,11
520090,AMORINOPOLIS,3311.0,0.0008778594694643356,0.000629628301777722,-0.00024823116768661363,-28.276868487627382,3,2,-1
520110,ANAPOLIS,380325.0,0.09702701681794156,0.11503960936963484,0.018012592551693282,18.56451238266095,36902,43752,6850
520120,ANHANGUERA,986.0,1.5820405766150322e-05,1.411553503079336e-05,-1.7048707353569615e-06,-10.776403339822922,0,0,0
520130,ANICUNS,19719.0,0.013794905925250175,0.014938199239510837,0.0011432933142606627,8.287793483013033,272,295,23
520140,APARECIDA DE GOIANIA,516323.0,0.06928435671669686,0.07198242175619093,0.002698065039494074,3.8941907919076724,35773,37166,1393
520145,APARECIDA DO RIO DOCE,2720.0,0.0013563418217104543,0.0010836365061475811,-0.0002727053155628732,-20.105943147795163,4,3,-1
520150,APORE,4190.0,0.0407737379347821,0.03493446276573866,-0.005839275169043444,-14.321167164961446,171,146,-25
520160,ARACU,3881.0,0.005897732588522097,0.006183710315205729,0.0002859777266836323,4.848943596394814,23,24,1
520170,ARAGARCAS,18822.0,0.017008303429383198,0.011487817258335182,-0.005520486171048016,-32.4575945741357,320,216,-104
520180,ARAGOIANIA,10295.0,0.002365733295271189,0.0023538566408523205,-1.1876654418868562e-05,-0.5020284595312811,24,24,0
520215,ARAGUAPAZ,7518.0,0.002584553062336375,0.0006433397548945947,-0.0019412133074417804,-75.10827832209293,19,5,-14
520235,ARENOPOLIS,3144.0,0.002638852201312793,0.0015648501961184242,-0.0010740020051943687,-40.69958918730149,8,5,-3
520250,ARUANA,8174.0,0.00844809542955135,0.0019398685364240913,-0.0065082268931272585,-77.03780038233882,69,16,-53
520260,AURILANDIA,3492.0,0.0008243635853156302,0.0007108783121568454,-0.00011348527315878485,-13.766410256383887,3,2,-1
520280,AVELINOPOLIS,2750.0,0.012045189195333471,0.01268941413268762,0.0006442249373541497,5.348400319056294,33,35,2
520310,BALIZA,3552.0,1.9602169518091228e-05,8.927395464886052e-06,-1.0674774053205176e-05,-54.457105083971534,0,0,0
520320,BARRO ALTO,9781.0,0.0013500047391757561,0.0012479421564775357,-0.00010206258269822039,-7.560164771016625,13,12,-1
520330,BELA VISTA DE GOIAS,30143.0,0.022480845628430397,0.02664204149966873,0.004161195871238334,18.50996150240843,678,803,125
520340,BOM JARDIM DE GOIAS,8274.0,0.0026417382755975854,0.0018708931164253232,-0.0007708451591722622,-29.17946740949915,22,15,-7
520350,BOM JESUS DE GOIAS,23016.0,0.007459096479214411,0.005708312868965396,-0.001750783610249015,-23.471791994214918,172,131,-41
520355,BONFINOPOLIS,9121.0,1.4146530992372894e-05,1.5710616632646596e-05,1.5640856402737022e-06,11.056319327451934,0,0,0
520357,BONOPOLIS,3446.0,1.1402908964936755e-05,6.313095033225341e-06,-5.0898139317114134e-06,-44.63610072975483,0,0,0
520360,BRAZABRANTES,3708.0,1.549800676692204e-05,1.548095249906911e-05,-1.7054267852930445e-08,-0.11004168542066964,0,0,0
520380,BRITANIA,5718.0,0.0021250583929890423,0.0005194400472950262,-0.001605618345694016,-75.55643416629141,12,3,-9
520390,BURITI ALEGRE,9996.0,0.010523538465488452,0.014134608034896409,0.0036110695694079563,34.31421457003576,105,141,36
520393,BURITI DE GOIAS,2692.0,0.0025012459622809195,0.001690778965461389,-0.0008104669968195305,-32.40253094023807,7,5,-2
520396,BURITINOPOLIS,3291.0,1.8168639204245486e-05,1.212275023127812e-05,-6.045888972967366e-06,-33.27650962189076,0,0,0
520400,CABECEIRAS,7700.0,0.002014051381992309,0.0020366073518845247,2.2555969892215644e-05,1.119930211010961,16,16,0
520410,CACHOEIRA ALTA,11364.0,0.0161227767656464,0.014158453413837688,-0.001964323351808711,-12.183530047964148,183,161,-22
520420,CACHOEIRA DE GOIAS,1446.0,1.095695814655543e-05,8.919222146377638e-06,-2.0377360001777915e-06,-18.59764336891622,0,0,0
520425,CACHOEIRA DOURADA,8171.0,0.001162374746366249,0.000580301593568574,-0.000582073152797675,-50.076204306512984,9,5,-4
520430,CACU,13886.0,0.010962569626227367,0.008043716289991145,-0.002918853336236222,-26.62563099488116,152,112,-40
520440,CAIAPONIA,17003.0,0.014960445204841992,0.013979888986734664,-0.0009805562181073278,-6.55432511988325,254,238,-16
520450,CALDAS NOVAS,86872.0,0.08359786347913632,0.0832961029365746,-0.0003017605425617159,-0.36096681183368623,7262,7236,-26
520455,CALDAZINHA,4024.0,0.0006115136451900797,0.0005799104106060298,-3.160323458404994e-05,-5.168034243001488,2,2,0
520460,CAMPESTRE DE GOIAS,3631.0,1.493391224929514e-05,1.1977347540343085e-05,-2.956564708952055e-06,-19.79765690059951,0,0,0
520465,CAMPINACU,3766.0,0.0004396507798322297,0.00044310989595251803,3.459116120288334e-06,0.7867872136172097,2,2,0
520470,CAMPINORTE,12058.0,0.0055951629806082585,0.0036713966050267387,-0.0019237663755815198,-34.38266914205927,67,44,-23
520480,CAMPO ALEGRE DE GOIAS,6992.0,1.2822228570519523e-05,1.34917811132377e-05,6.695525427181767e-07,5.221811006064823,0,0,0
520485,CAMPO LIMPO DE GOIAS,7361.0,0.0006599692429372348,0.0007814561085267729,0.00012148686558953806,18.40795868741596,5,6,1
520490,CAMPOS BELOS,18867.0,0.027375750970933834,0.03324836145149282,0.005872610480558985,21.45186989315552,516,627,111
520495,CAMPOS VERDES,4479.0,0.0013212108103806026,0.000972894390181102,-0.0003483164201995006,-26.363424932858422,6,4,-2
520500,CARMO DO RIO VERDE,9585.0,0.013907011648571476,0.019860461137724102,0.005953449489152626,42.80897751145669,133,190,57
520505,CASTELANDIA,3316.0,0.0076336171512911425,0.0067043130547886215,-0.000929304096502521,-12.173836833634489,25,22,-3
520510,CATALAO,104040.0,0.04832513446302529,0.04793632338283323,-0.0003888110801920572,-0.8045731988382687,5028,4987,-41
520520,CATURAI,5118.0,0.0009088773818638021,0.000998610947962161,8.973356609835899e-05,9.873011243204841,5,5,0
520530,CAVALCANTE,9811.0,1.2785262942403204e-05,9.466308328912192e-06,-3.3189546134910126e-06,-25.95922061550624,0,0,0
520540,CERES,21865.0,0.02920986588549012,0.028697579148153695,-0.0005122867373364252,-1.7538140686599373,639,627,-12
520545,CEZARINA,8007.0,0.03905578729706358,0.0394839102647603,0.00042812296769672437,1.0961831711145993,313,316,3
520547,CHAPADAO DO CEU,9909.0,0.0016916601576268365,0.0023719799568574103,0.0006803197992305738,40.216103462823625,17,24,7
520549,CIDADE OCIDENTAL,74983.0,0.008185772900891222,0.009204874216929334,0.001019101316038112,12.44966514923909,614,690,76
520551,COCALZINHO DE GOIAS,21801.0,0.0019024803535274105,0.0020027570287557343,0.00010027667522832383,5.270838936254963,41,44,3
520552,COLINAS DO SUL,3899.0,0.001612920317880064,0.0012068372070498962,-0.00040608311083016775,-25.17688606985258,6,5,-1
520570,CORREGO DO OURO,2579.0,0.005271755883569231,0.003118569940657433,-0.0021531859429117983,-40.84380973752503,14,8,-6
520580,CORUMBA DE GOIAS,10803.0,0.03539634751729315,0.035701303170135326,0.00030495565284217874,0.8615455385423323,382,386,4
520590,CORUMBAIBA,8908.0,0.03265956774999268,0.03371281003665436,0.0010532422866616833,3.224911899398667,291,300,9
520620,CRISTALINA,55968.0,0.012899402700464262,0.013987253121048456,0.0010878504205841938,8.433339479703514,722,783,61
520630,CRISTIANOPOLIS,3308.0,0.013435845222823343,0.01517995650565041,0.001744111282827067,12.981031367229221,44,50,6
520640,CRIXAS,16828.0,0.0010342781656732258,0.0007203662130290499,-0.00031391195264417594,-30.35082466812459,17,12,-5
520650,CROMINIA,3818.0,0.003410684622004273,0.003422069900265765,1.1385278261492014e-05,0.33381210880768886,13,13,0
520660,CUMARI,3028.0,0.002209714838098816,0.002051606786709023,-0.00015810805138979271,-7.1551337151641246,7,6,-1
520670,DAMIANOPOLIS,3623.0,0.0019611723910215287,0.0013060942519387121,-0.0006550781390828166,-33.402374114679525,7,5,-2
520680,DAMOLANDIA,2800.0,0.0008174325286072963,0.0011840265215802964,0.0003665939929730002,44.847003286936236,2,3,1
520690,DAVINOPOLIS,2028.0,1.1988357401724782e-05,1.1076268243322347e-05,-9.120891584024346e-07,-7.608124514799759,0,0,0
520710,DIORAMA,2266.0,0.051675394988591306,0.03298832123296036,-0.018687073755630945,-36.162420741547514,117,75,-42
520725,DOVERLANDIA,7492.0,0.0005070150690752503,0.0004311406035180532,-7.58744655571971e-05,-14.964933033565506,4,3,-1
520735,EDEALINA,3940.0,0.008618879702874348,0.005904163952050788,-0.002714715750823561,-31.497315711672115,34,23,-11
520740,EDEIA,11755.0,0.024874446126731124,0.022088668431780648,-0.0027857776949504753,-11.19935567914721,292,260,-32
520750,ESTRELA DO NORTE,3322.0,0.0003778764533736988,0.00040929463931907103,3.1418185945372235e-05,8.314406908625607,1,1,0
520753,FAINA,7203.0,0.0010125181450371585,0.0005327899808043033,-0.0004797281642328552,-47.379710337462605,7,4,-3
520760,FAZENDA NOVA,6226.0,0.01877720131901581,0.013766771773893523,-0.005010429545122288,-26.683580050069487,117,86,-31
520780,FIRMINOPOLIS,11118.0,0.03971915218354562,0.038044449697332304,-0.0016747024862133128,-4.216360103746346,442,423,-19
520790,FLORES DE GOIAS,13304.0,0.000532942659394484,0.0003591147329616647,-0.00017382792643281934,-32.61662833114509,7,5,-2
520800,FORMOSA,112731.0,0.027804886007693885,0.029117726576060834,0.0013128405683669499,4.721618236462735,3134,3282,148
520810,FORMOSO,4836.0,0.0007333395671713193,0.0005586858083246131,-0.00017465375884670616,-23.81621920666179,4,3,-1
520815,GAMELEIRA DE GOIAS,3401.0,1.2905102253769916e-05,1.358301701085179e-05,6.779147570818742e-07,5.25307544063696,0,0,0
520830,DIVINOPOLIS DE GOIAS,4796.0,0.003644437330740711,0.004260767051829563,0.0006163297210888519,16.91151925950628,17,20,3
520840,GOIANAPOLIS,12876.0,0.001122764664554845,0.0013893684819064078,0.00026660381735156276,23.74529817050006,14,18,4
520850,GOIANDIRA,5241.0,1.6225699884129243e-05,1.566277256139568e-05,-5.629273227335644e-07,-3.4693561865037172,0,0,0
520860,GOIANESIA,68984.0,0.04008009212940564,0.043680290890817,0.0036001987614113634,8.98251119230836,2765,3013,248
520870,GOIANIA,1439700.0,0.13175933028030626,0.15281323029512525,0.021053900014818994,15.979058158559772,189694,220005,30311
520880,GOIANIRA,51558.0,0.0016404677076742654,0.00209142107967683,0.0004509533720025644,27.48931721684988,85,108,23
520890,GOIAS,25035.0,0.021386779322764896,0.021370586701621945,-1.6192621142951252e-05,-0.0757132287128208,535,535,0
520910,GOIATUBA,35407.0,0.008163061033435276,0.006969091357135379,-0.0011939696762998976,-14.62649453935832,289,247,-42
520915,GOUVELANDIA,4755.0,0.0005347068074082904,0.00039181733198742863,-0.0001428894754208618,-26.722957972695966,3,2,-1
520920,GUAPO,16969.0,0.0006701634899566673,0.0006423910791282355,-2.777241082843184e-05,-4.144124716526649,11,11,0
520929,GUARAITA,2306.0,0.0054746806987459136,0.007896305927222019,0.0024216252284761054,44.23317745326823,13,18,5
520940,GUARANI DE GOIAS,4298.0,1.0091799604113301e-05,8.211715117511209e-06,-1.880084486602092e-06,-18.62982382087523,0,0,0
520945,GUARINOS,2279.0,9.809306119294253e-06,7.873583204256388e-06,-1.9357229150378642e-06,-19.73353559871504,0,0,0
520960,HEITORAI,3524.0,0.002320588678605076,0.003109848528871688,0.000789259850266612,34.011191106087885,8,11,3
520970,HIDROLANDIA,22738.0,0.005697558160531763,0.00625764815543813,0.0005600899949063662,9.830351514201867,130,142,12
520980,HIDROLINA,3844.0,1.1305714629107876e-05,1.0990360728708451e-05,-3.153539003994248e-07,-2.789331862202762,0,0,0
520990,IACIARA,11825.0,0.0015439072534044352,0.0006182143853201597,-0.0009256928680842755,-59.957802908371015,18,7,-11
520993,INACIOLANDIA,6012.0,0.000973429902851353,0.0007133006390187309,-0.0002601292638326221,-26.722957972695955,6,4,-2
520995,INDIARA,15894.0,0.010018402119419047,0.008322135007647752,-0.001696267111771295,-16.93151354429422,159,132,-27
521000,INHUMAS,51925.0,0.04271632417368435,0.050515099577417434,0.0077987754037330825,18.25713132998828,2218,2623,405
521010,IPAMERI,25873.0,0.006617739088238418,0.004692977295382395,-0.0019247617928560235,-29.084884840456553,171,121,-50
521015,IPIRANGA DE GOIAS,2952.0,0.0016663152563950638,0.0014596370596611982,-0.0002066781967338656,-12.403306993719596,5,4,-1
521020,IPORA,34495.0,0.04752830821798575,0.04816892629923673,0.0006406180812509807,1.347866366950879,1639,1662,23
521030,ISRAELANDIA,2758.0,1.4466911688500215e-05,1.3416135993336919e-05,-1.0507756951632959e-06,-7.2633034457420536,0,0,0
521040,ITABERAI,41290.0,0.013975305088557587,0.01548451716143538,0.0015092120728777934,10.799135069426677,577,639,62
521056,ITAGUARI,4877.0,0.002466290196086026,0.003220421193764894,0.0007541309976788679,30.577545127319773,12,16,4
521060,ITAGUARU,5246.0,0.03414551212537723,0.03499418006315235,0.0008486679377751188,2.4854450407975626,179,184,5
521080,ITAJA,4768.0,0.005619532407936091,0.0036292880234640407,-0.0019902443844720505,-35.41654785478879,27,17,-10
521090,ITAPACI,20300.0,0.041398355268615156,0.04484071275874874,0.0034423574901335866,8.315203509409226,840,910,70
521100,ITAPIRAPUA,8084.0,0.0013704178326954147,0.0007058332787879161,-0.0006645845539074985,-48.49503108116714,11,6,-5
521120,ITAPURANGA,26989.0,0.008951186333080825,0.010425265615821678,0.001474079282740853,16.46797673391191,242,281,39
521130,ITARUMA,6340.0,0.04111910154909177,0.02774120518675601,-0.013377896362335759,-32.53450551774336,261,176,-85
521140,ITAUCU,8270.0,0.0014387048624937802,0.0016900539073646543,0.00025134904487087405,17.470507775666928,12,14,2
521150,ITUMBIARA,103773.0,0.0830207430723102,0.07088563539739161,-0.012135107674918585,-14.616958636890342,8615,7356,-1259
521160,IVOLANDIA,2715.0,0.0015939604290146519,0.001204891437691337,-0.0003890689913233149,-24.40894919604924,4,3,-1
521170,JANDAIA,6375.0,0.0008409534275709653,0.0006922768245852459,-0.00014867660298571934,-17.679528748121193,5,4,-1
521180,JARAGUA,45233.0,0.04486836923650423,0.04303061506753166,-0.001837754168972569,-4.0958791243016694,2030,1946,-84
521190,JATAI,100748.0,0.04910765924710514,0.047943593564073225,-0.0011640656830319146,-2.370436100760668,4947,4830,-117
521200,JAUPACI,3009.0,1.45114156336392e-05,1.6868126727384593e-05,2.3567110937453925e-06,16.240394136890778,0,0,0
521205,JESUPOLIS,2232.0,1.713308242402926e-05,1.502027409946659e-05,-2.1128083245626675e-06,-12.331746689080537,0,0,0
521210,JOVIANIA,7282.0,0.011362767645833036,0.008233912078842139,-0.0031288555669908968,-27.53603404130431,83,60,-23
521220,JUSSARA,19813.0,0.008301575846833237,0.004768311281956537,-0.0035332645648767005,-42.56137184152233,164,94,-70
521225,LAGOA SANTA,1318.0,0.002263419660911004,0.0017877714723518341,-0.00047564818855916975,-21.014582349599547,3,2,-1
521230,LEOPOLDO DE BULHOES,8325.0,1.2086778157544024e-05,1.4603008385767828e-05,2.5162302282238036e-06,20.81803931061054,0,0,0
521250,LUZIANIA,201050.0,0.021951563066169345,0.027214676543611604,0.005263113477442259,23.976030597809718,4413,5472,1059
521260,MAIRIPOTABA,2534.0,0.0011666460391161096,0.0010749544531486837,-9.169158596742592e-05,-7.859417757668346,3,3,0
521270,MAMBAI,7697.0,1.8657362842524108e-05,1.1660132775377912e-05,-6.997230067146196e-06,-37.503853712905325,0,0,0
521280,MARA ROSA,10972.0,1.1545685844860382e-05,9.41706887934721e-06,-2.1286169655131722e-06,-18.436470506087225,0,0,0
521290,MARZAGAO,2443.0,0.005757959297681791,0.006315659437619673,0.000557700139937882,9.685725638290242,14,15,1
521295,MATRINCHA,4301.0,0.0004335090478851133,0.0002809061852523552,-0.00015260286263275809,-35.20177107657514,2,1,-1
521300,MAURILANDIA,11216.0,0.012707605334239466,0.013016631515672405,0.00030902618143293856,2.4318207349444205,143,146,3
521305,MIMOSO DE GOIAS,2701.0,1.0772160880024251e-05,7.51161248239661e-06,-3.260548397627641e-06,-30.268285388068772,0,0,0
521308,MINACU,29685.0,0.0011639294407627646,0.0009771398013810996,-0.00018678963938166494,-16.04819268591187,35,29,-6
521310,MINEIROS,63166.0,0.04287694304868521,0.04597396571657462,0.0030970226678894083,7.223049144088588,2708,2904,196
521340,MOIPORA,1747.0,1.6903294561538705e-05,1.5804937479021993e-05,-1.0983570825167116e-06,-6.497887607164365,0,0,0
521350,MONTE ALEGRE DE GOIAS,7340.0,1.604210525856228e-05,1.107697807564832e-05,-4.965127182913959e-06,-30.950595965351134,0,0,0
521370,MONTES CLAROS DE GOIAS,8537.0,0.007587756815519,0.003459821724322972,-0.004127935091196027,-54.40257498439186,65,30,-35
521375,MONTIVIDIU,11846.0,0.006053436500526726,0.0047229913861997356,-0.0013304451143269901,-21.97834427124534,72,56,-16
521377,MONTIVIDIU DO NORTE,3998.0,8.57545532694841e-06,7.393834654887765e-06,-1.1816206720606453e-06,-13.779101248972712,0,0,0
521380,MORRINHOS,47707.0,0.031051743900628016,0.02887762996405129,-0.0021741139365767277,-7.001584012589891,1481,1378,-103
521385,MORRO AGUDO DE GOIAS,2454.0,0.0028036420132108867,0.0018908201855504904,-0.0009128218276603962,-32.55843019041443,7,5,-2
521390,MOSSAMEDES,4901.0,1.4697508616558568e-05,1.4378484899772206e-05,-3.190237167863624e-07,-2.1705972427663185,0,0,0
521400,MOZARLANDIA,14442.0,0.0030202328804947143,0.0007505483688143084,-0.002269684511680406,-75.14932131023723,44,11,-33
521405,MUNDO NOVO,6479.0,0.004879289083098427,0.0009879620839893448,-0.003891326999109082,-79.75192559482511,32,6,-26
521410,MUTUNOPOLIS,3745.0,0.0103435164520266,0.00623366263086139,-0.004109853821165211,-39.73362289533526,39,23,-16
521440,NAZARIO,8210.0,0.0008550746005972153,0.0007185327134266222,-0.00013654188717059318,-15.968418086004114,7,6,-1
521450,NEROPOLIS,28760.0,0.24946266246317209,0.2974200691719763,0.04795740670880419,19.224282397725187,7175,8554,1379
521460,NIQUELANDIA,39459.0,0.0008638988023076177,0.0006979463369512836,-0.00016595246535633411,-19.209711243151098,34,28,-6
521470,NOVA AMERICA,2333.0,0.0005166189380384742,0.0003898024022990743,-0.00012681653573939992,-24.547403589365803,1,1,0
521480,NOVA AURORA,2141.0,1.5902606022250196e-05,1.366801569783192e-05,-2.2345903244182757e-06,-14.051724109191536,0,0,0
521483,NOVA CRIXAS,12684.0,0.0010345190912000822,0.0002272164573881048,-0.0008073026338119775,-78.0365138429176,13,3,-10
521486,NOVA GLORIA,8633.0,2.3669310470806846e-05,1.3176863793705767e-05,-1.049244667710108e-05,-44.329329703297475,0,0,0
521487,NOVA IGUACU DE GOIAS,3005.0,0.006068043059589439,0.004695457446148757,-0.0013725856134406819,-22.619905626272047,18,14,-4
521490,NOVA ROMA,3319.0,1.913198296119528e-05,8.119407731698239e-06,-1.101257522949704e-05,-57.56107587924082,0,0,0
521500,NOVA VENEZA,9070.0,1.2143290053687202e-05,1.5523017508745024e-05,3.379727455057822e-06,27.83205737584764,0,0,0
521520,NOVO BRASIL,3580.0,0.0014223443673710093,0.0012313755817343606,-0.00019096878563664875,-13.426339641617592,5,4,-1
521523,NOVO GAMA,104158.0,0.0016526149739038948,0.0017775170028629884,0.00012490202895909367,7.557842021971002,172,185,13
521525,NOVO PLANALTO,3896.0,1.1566940801212953e-05,1.0167986850951433e-05,-1.3989539502615194e-06,-12.094416097597904,0,0,0
521530,ORIZONA,15659.0,0.0017994154075088946,0.0020221936973202656,0.00022277828981137095,12.380592545874917,28,32,4
521540,OURO VERDE DE GOIAS,4100.0,1.1257040525993125e-05,1.342791738855474e-05,2.170876862561615e-06,19.28461443795055,0,0,0
521550,OUVIDOR,6486.0,1.2738186538182225e-05,1.2769979046756296e-05,3.1792508574070427e-08,0.2495842597278161,0,0,0
521560,PADRE BERNARDO,32498.0,0.00015574303075025563,0.00017097845257313957,1.523542182288394e-05,9.78241000543707,5,6,1
521565,PALESTINA DE GOIAS,3284.0,0.007770150831087505,0.00624861363832532,-0.0015215371927621854,-19.581823131086274,26,21,-5
521570,PALMEIRAS DE GOIAS,28099.0,0.010836063034302547,0.009195506520482172,-0.0016405565138203747,-15.139783781499272,304,258,-46
521580,PALMELO,2322.0,0.0011198123491663384,0.0011929909924952504,7.317864332891198e-05,6.53490233282308,3,3,0
521590,PALMINOPOLIS,3765.0,0.000844490083256592,0.0006967744179424174,-0.0001477156653141746,-17.49169922097147,3,3,0
521600,PANAMA,2607.0,0.0036554393915990227,0.003720443298343855,6.500390674483254e-05,1.778278881992281,10,10,0
521630,PARANAIGUARA,8476.0,0.04533934355198795,0.03976141304900212,-0.005577930502985835,-12.302627400394432,384,337,-47
521640,PARAUNA,11032.0,0.001904558260246685,0.0018946172868092377,-9.940973437447351e-06,-0.5219569096384461,21,21,0
521645,PEROLANDIA,3020.0,1.6524306855491185e-05,1.3922866980450437e-05,-2.6014398750407475e-06,-15.743110423879983,0,0,0
521680,PETROLINA DE GOIAS,10142.0,0.0028624510955271186,0.003089999073056198,0.00022754797752907964,7.949410136111926,29,31,2
521690,PILAR DE GOIAS,2529.0,1.065619508718276e-05,8.73077055010961e-06,-1.9254245370731487e-06,-18.068593164074517,0,0,0
521710,PIRACANJUBA,24910.0,0.039645159150684894,0.04058864428647554,0.0009434851357906435,2.379824311474215,988,1011,23
521720,PIRANHAS,11709.0,0.009832264036489567,0.00523101517167172,-0.004601248864817847,-46.79745018788816,115,61,-54
521730,PIRENOPOLIS,25677.0,0.02679579919043145,0.024146165716038025,-0.0026496334743934258,-9.88824201720241,688,620,-68
521740,PIRES DO RIO,31581.0,0.022239158319995657,0.017315804073365013,-0.004923354246630644,-22.138222030660042,702,547,-155
521760,PLANALTINA,97045.0,0.0153516204047142,0.014266387050628784,-0.0010852333540854152,-7.069177881392638,1490,1384,-106
521770,PONTALINA,18158.0,0.0008488618010125872,0.0008703989564857913,2.1537155473204048e-05,2.537180427663594,15,16,1
521800,PORANGATU,45115.0,0.02206061487113932,0.020277664426213884,-0.0017829504449254352,-8.082052360462402,995,915,-80
521805,PORTEIRAO,3824.0,0.0007240242601502502,0.0006296542323002562,-9.437002784999399e-05,-13.034097480436667,3,2,-1
521810,PORTELANDIA,3589.0,8.621507949092397e-06,7.3370921525058e-06,-1.2844157965865975e-06,-14.897809109157178,0,0,0
521830,POSSE,34732.0,0.01705181937577776,0.017783061598228192,0.0007312422224504331,4.288353086176647,592,618,26
521839,PROFESSOR JAMIL,3602.0,2.187479833006589e-05,2.0166744184698307e-05,-1.7080541453675833e-06,-7.80831950811607,0,0,0
521850,QUIRINOPOLIS,47536.0,0.029720906406533878,0.026945155518088876,-0.002775750888445002,-9.339388410559302,1413,1281,-132
521860,RIALMA,11562.0,0.030129688844150192,0.030374215368218115,0.00024452652406792286,0.8115799845553291,348,351,3
521870,RIANAPOLIS,4341.0,0.0006854928152353571,0.0006164649077836122,-6.902790745174487e-05,-10.069822165538646,3,3,0
521878,RIO QUENTE,3671.0,1.0033653250904135e-05,9.243566151551305e-06,-7.900870993528301e-07,-7.874371174643045,0,0,0
521880,RIO VERDE,209677.0,0.03977588335443229,0.04363785108291104,0.0038619677284787504,9.709319825950278,8340,9150,810
521890,RUBIATABA,19844.0,0.041728765406595425,0.034720688594951324,-0.007008076811644101,-16.794354549814795,828,689,-139
521900,SANCLERLANDIA,7923.0,0.00983297071177317,0.007941437099682232,-0.0018915336120909378,-19.2366444235024,78,63,-15
521910,SANTA BARBARA DE GOIAS,6136.0,0.012320445158165117,0.016270671252937016,0.003950226094771898,32.062364988118695,76,100,24
521920,SANTA CRUZ DE GOIAS,3134.0,0.0010453462097435417,0.000719132164039051,-0.00032621404570449067,-31.20631640157971,3,2,-1
521925,SANTA FE DE GOIAS,5000.0,0.006640050538428015,0.0030033339986397984,-0.003636716539788216,-54.76941054501647,33,15,-18
521930,SANTA HELENA DE GOIAS,38930.0,0.021319212228961236,0.022283315280416233,0.0009641030514549974,4.522226436422002,830,867,37
521935,SANTA ISABEL,3652.0,2.18118051608265e-05,1.1148828152821065e-05,-1.0662977008005434e-05,-48.886265622599154,0,0,0
521940,SANTA RITA DO ARAGUAIA,6486.0,1.1042262356010001e-05,9.629256220407028e-06,-1.4130061356029729e-06,-12.796346346850854,0,0,0
521945,SANTA RITA DO NOVO DESTINO,2943.0,1.0099390521524064e-05,1.0045967978163874e-05,-5.3422543360189244e-08,-0.5289679931312077,0,0,0
521950,SANTA ROSA DE GOIAS,2924.0,1.3504237102316896e-05,1.4930209592360041e-05,1.4259724900431457e-06,10.559445004105374,0,0,0
521960,SANTA TEREZA DE GOIAS,3672.0,0.0017637609193725304,0.0013833374575384773,-0.00038042346183405316,-21.568879186266997,6,5,-1
521970,SANTA TEREZINHA DE GOIAS,10732.0,0.008343104861053005,0.006398759628405942,-0.0019443452326470632,-23.304815953154186,90,69,-21
521971,SANTO ANTONIO DA BARRA,4456.0,0.0007548683130088995,0.0005664721626084322,-0.00018839615040046733,-24.957485584408975,3,3,0
521973,SANTO ANTONIO DE GOIAS,6143.0,0.03308715933804699,0.03879629899417133,0.005709139656124337,17.254849827979598,203,238,35
521975,SANTO ANTONIO DO DESCOBERTO,70571.0,0.0032436192796755988,0.0027896206757262267,-0.000453998603949372,-13.996667450896929,229,197,-32
521980,SAO DOMINGOS,10716.0,0.0003998774936565151,0.0004356007589904242,3.572326533390907e-05,8.93355237556692,4,5,1
521990,SAO FRANCISCO DE GOIAS,6438.0,1.9015282215382187e-05,1.784680547501544e-05,-1.1684767403667473e-06,-6.1449350429388945,0,0,0
522000,SAO JOAO D'ALIANCA,12448.0,0.02273600886215855,0.01733373866379205,-0.005402270198366501,-23.760855439135376,283,216,-67
522005,SAO JOAO DA PARAUNA,1781.0,1.84562093444029e-05,1.3085380083078801e-05,-5.3708292613241e-06,-29.1003919662023,0,0,0
522010,SAO LUIS DE MONTES BELOS,32954.0,0.03509025676504169,0.03329862734359879,-0.0017916294214428974,-5.105774612706139,1156,1097,-59
522015,SAO LUIZ DO NORTE,4880.0,0.0011731330462675653,0.0010881220566822801,-8.501098958528519e-05,-7.24649176457485,6,5,-1
522020,SAO MIGUEL DO ARAGUAIA,22652.0,0.04113522381667852,0.011418167004740196,-0.029717056811938328,-72.24236081557278,932,259,-673
522026,SAO MIGUEL DO PASSA QUATRO,4261.0,0.0009551758423613182,0.0009539527322326181,-1.2231101287001707e-06,-0.12805078127567426,4,4,0
522028,SAO PATRICIO,2121.0,1.7971888930035454e-05,1.621454610257686e-05,-1.7573428274585944e-06,-9.778286713766862,0,0,0
522040,SAO SIMAO,17414.0,0.03568853281055573,0.0313203097120411,-0.004368223098514631,-12.239850603280127,621,545,-76
522045,SENADOR CANEDO,119502.0,0.03080274826082832,0.0377718066673235,0.0069690584064951815,22.62479421473471,3681,4514,833
522050,SERRANOPOLIS,7970.0,0.0051485414310285145,0.003980937611765428,-0.0011676038192630868,-22.678341718808635,41,32,-9
522060,SILVANIA,21287.0,0.008778951182033132,0.006875747183476251,-0.0019032039985568804,-21.67917282023334,187,146,-41
522068,SIMOLANDIA,6283.0,0.0013753583326605561,0.0009482888899874201,-0.0004270694426731361,-31.051503635928345,9,6,-3
522070,SITIO D'ABADIA,2959.0,9.709897806946227e-06,7.916526143518429e-06,-1.793371663427798e-06,-18.469521503561687,0,0,0
522100,TAQUARAL DE GOIAS,3851.0,0.011117430182082192,0.015056304660285765,0.003938874478203572,35.42972084098897,43,58,15
522108,TERESINA DE GOIAS,2908.0,1.1393587286636764e-05,9.831896495090856e-06,-1.5616907915459076e-06,-13.706752335829938,0,0,0
522119,TEREZOPOLIS DE GOIAS,7501.0,0.0014576854266889869,0.0013058247439465926,-0.00015186068274239428,-10.417932426431221,11,10,-1
522130,TRES RANCHOS,2933.0,9.195420995928502e-06,9.237317811569392e-06,4.189681564089092e-08,0.4556269436651325,0,0,0
522140,TRINDADE,126928.0,0.03994530889460609,0.04636724775927363,0.006421938864667541,16.07682864992117,5070,5885,815
522145,TROMBAS,3349.0,1.0751366387945278e-05,9.409904371851601e-06,-1.3414620160936768e-06,-12.477130512431984,0,0,0
522150,TURVANIA,4725.0,0.007949553091212659,0.007260639917569336,-0.000688913173643323,-8.666061673389407,38,34,-4
522155,TURVELANDIA,4843.0,0.0006386308345835127,0.0004682638952014273,-0.00017036693938208539,-26.676904739996044,3,2,-1
522157,UIRAPURU,2917.0,1.0737089645266795e-05,8.524837815595936e-06,-2.212251829670859e-06,-20.603831231362406,0,0,0
522160,URUACU,41281.0,0.06704997150926251,0.06573894090255038,-0.0013110306067121297,-1.9553037491313767,2768,2714,-54
522170,URUANA,14132.0,0.0016815789835478948,0.001989430223629441,0.00030785124008154605,18.30727209922803,24,28,4
522180,URUTAI,3384.0,0.0014708993069929303,0.001299001005234453,-0.00017189830175847734,-11.68661246498932,5,4,-1
522185,VALPARAISO DE GOIAS,170296.0,0.007700065866585015,0.005830502934885592,-0.0018695629316994233,-24.279830381874067,1311,993,-318
522190,VARJAO,3778.0,1.641742109941998e-05,1.3796635050545414e-05,-2.620786048874567e-06,-15.963445373080907,0,0,0
522200,VIANOPOLIS,14042.0,0.0028948067111555197,0.003274942921948636,0.00038013621079311614,13.131661237629825,41,46,5
522205,VICENTINOPOLIS,8259.0,1.546010048111948e-05,1.2087685905309683e-05,-3.372414575809796e-06,-21.813665311737974,0,0,0
522220,VILA BOA,4562.0,1.3154294999077576e-05,1.251284507750165e-05,-6.414499215759253e-07,-4.876353477103151,0,0,0
522230,VILA PROPICIO,5619.0,1.2722396392312902e-05,1.1212434725810128e-05,-1.5099616665027746e-06,-11.868531838979017,0,0,0
