cod_mun,municipio,populacao,baseline_srag_municipio,year_trend,month_sin,month_cos,fase_covid,meteo_temp_media,meteo_temp_min,meteo_temp_max,meteo_temp_amplitude,meteo_precipitacao,meteo_umidade,fogo_pct_territorio,mapbiomas_pct_forest,mapbiomas_pct_non_forest_natural,mapbiomas_pct_non_vegetated,mapbiomas_pct_water,taxa_GradientBoosting,casos_GradientBoosting,taxa_Poisson_GLM,casos_Poisson_GLM,taxa_Random_Forest,casos_Random_Forest,taxa_XGBoost,casos_XGBoost,taxa_predita,casos_esperados,rank_risco
521450,NEROPOLIS,28760.0,0.342943664560462,1.0,0.0,0.0,2.0,25.945138888888888,17.115000000000002,32.67,17.955,2.38,51.63777777777778,1.4205,23.681541666666664,0.1321,3.9323833333333327,1.7914166666666667,0.2974200691719763,8554,0.07538480648343328,2168,0.2349474969069358,6757,0.14934915,4295,0.2974200691719763,8554,1
520870,GOIANIA,1439700.0,0.3391146771355097,1.0,0.0,0.0,2.0,25.945138888888888,17.115000000000002,32.67,17.955,2.38,51.63777777777778,1.2181,16.583458333333333,0.6034208333333333,41.216350000000006,1.0566,0.15281323029512525,220005,0.06456221852561217,92950,0.16792586659215916,241763,0.11172828,160855,0.15281323029512525,220005,2
520110,ANAPOLIS,380325.0,0.2415520118209079,1.0,0.0,0.0,2.0,24.767083333333332,15.465,31.490000000000002,17.96,2.3722222222222222,52.89222222222222,1.113,22.03050833333333,0.1003708333333333,12.715204166666666,0.23384166666666667,0.11503960936963484,43752,0.032376753316721664,12314,0.1181133368557192,44921,0.07616003,28966,0.11503960936963484,43752,3
520450,CALDAS NOVAS,86872.0,0.2592786746606659,1.0,0.0,0.0,2.0,26.696805555555557,17.39,33.515,18.244999999999997,2.230277777777778,51.24444444444445,0.048,33.490345833333336,0.2796458333333333,3.294220833333333,2.3184,0.0832961029365746,7236,0.027295677726677632,2371,0.0963657534242765,8371,0.08433737,7327,0.0832961029365746,7236,4
520140,APARECIDA DE GOIANIA,516323.0,0.2094716791131582,1.0,0.0,0.0,2.0,26.372916666666665,17.115000000000002,33.335,18.784999999999997,2.4120833333333334,51.36333333333334,0.4784,17.375445833333334,2.2654916666666667,49.05973333333333,0.06967083333333329,0.07198242175619093,37166,0.020864718858253566,10773,0.0939128556659976,48489,0.0813917,42024,0.07198242175619093,37166,5
521150,ITUMBIARA,103773.0,0.4580421362721112,1.0,0.0,0.0,2.0,27.416805555555555,17.634999999999998,34.239999999999995,19.485,2.0805555555555557,49.45,2.5893,11.7773875,1.6904124999999999,1.7151666666666667,4.2966,0.07088563539739161,7356,0.141508997615826,14685,0.21092992662111382,21889,0.09963213,10339,0.07088563539739161,7356,6
522160,URUACU,41281.0,0.3701707882059129,1.0,0.0,0.0,2.0,28.62027777777778,19.25,35.19499999999999,18.215,2.243888888888889,48.885555555555555,1.634,38.688429166666666,0.2343,0.9815,7.677945833333334,0.06573894090255038,2714,0.03397975733095305,1403,0.16167308912473544,6674,0.07443778,3073,0.06573894090255038,2714,7
521000,INHUMAS,51925.0,0.1299505094870701,1.0,0.0,0.0,2.0,25.945138888888888,17.115000000000002,32.67,17.955,2.38,51.63777777777778,0.7646,15.226404166666665,0.066375,2.6237,0.30036666666666667,0.050515099577417434,2623,0.011657649841655427,605,0.04762265980110374,2473,0.049865995,2589,0.050515099577417434,2623,8
521020,IPORA,34495.0,0.2243252924370907,1.0,0.0,0.0,2.0,27.624861111111112,18.205,33.620000000000005,17.97,2.156388888888889,48.9288888888889,0.7809,24.428325,0.050629166666666656,1.84945,0.23552916666666662,0.04816892629923673,1662,0.012622138153121366,435,0.06620262103110502,2284,0.044791464,1545,0.04816892629923673,1662,9
521190,JATAI,100748.0,0.2653211795640965,1.0,0.0,0.0,2.0,26.270833333333332,16.325000000000003,32.900000000000006,19.915,1.9716666666666667,50.861111111111114,0.4347,17.3891875,3.9827541666666666,0.5875375,0.1954,0.047943593564073225,4830,0.03299769937928142,3324,0.054392545290575155,5480,0.056893602,5732,0.047943593564073225,4830,10
520510,CATALAO,104040.0,0.2769781741556191,1.0,0.0,0.0,2.0,25.394166666666667,15.84,32.93,18.939999999999998,1.9454166666666666,51.742222222222225,0.1335,24.209516666666666,2.364720833333333,1.47835,4.2645625,0.04793632338283323,4987,0.05186036255529574,5396,0.09155564982276335,9525,0.06377172,6635,0.04793632338283323,4987,11
522140,TRINDADE,126928.0,0.1445754757359174,1.0,0.0,0.0,2.0,25.945138888888888,17.115000000000002,32.67,17.955,2.38,51.63777777777778,0.6185,15.783883333333335,0.6963625,5.8406875,0.4352625,0.04636724775927363,5885,0.013065859667924095,1658,0.05326940789097894,6761,0.043769617,5556,0.04636724775927363,5885,12
521310,MINEIROS,63166.0,0.2069405212078064,1.0,0.0,0.0,2.0,26.13111111111111,16.725,32.345,18.92,2.069861111111111,50.878888888888895,3.1521,31.1690125,13.529933333333332,0.37762083333333335,0.05759999999999995,0.04597396571657462,2904,0.013168581288728644,832,0.09838057330266954,6214,0.050030608,3160,0.04597396571657462,2904,13
521090,ITAPACI,20300.0,0.1361925027389062,1.0,0.0,0.0,2.0,27.560138888888886,18.314999999999998,34.235,17.975,2.26625,49.800000000000004,0.2958,33.37675,0.1655333333333333,0.6958458333333333,0.3162708333333333,0.04484071275874874,910,0.008198400891241303,166,0.04741362758013203,962,0.033026878,670,0.04484071275874874,910,14
520860,GOIANESIA,68984.0,0.1016583031648971,1.0,0.0,0.0,2.0,27.225277777777777,17.985,34.135000000000005,17.79,2.376111111111111,49.720000000000006,2.552,26.6568625,0.1225875,1.7171708333333333,0.3205,0.043680290890817,3013,0.006732550223423287,464,0.04341729855845402,2995,0.032354284,2232,0.043680290890817,3013,15
521880,RIO VERDE,209677.0,0.1514150622966496,1.0,0.0,0.0,2.0,25.590694444444445,15.735,32.185,19.275,1.9765277777777777,51.973333333333336,0.6101,15.257275,4.4451833333333335,0.8396375,0.14687916666666664,0.04363785108291104,9150,0.011039566328747209,2315,0.046638820387073274,9779,0.041582797,8719,0.04363785108291104,9150,16
521180,JARAGUA,45233.0,0.1536734373521641,1.0,0.0,0.0,2.0,27.225277777777777,17.985,34.135000000000005,17.79,2.376111111111111,49.720000000000006,0.6432,30.366279166666665,0.0766166666666666,0.7460374999999999,0.2999333333333333,0.04303061506753166,1946,0.012003449095382373,543,0.048082857503468315,2175,0.05063805,2291,0.04303061506753166,1946,17
521710,PIRACANJUBA,24910.0,0.1409783626427305,1.0,0.0,0.0,2.0,26.160416666666666,16.465,33.504999999999995,19.16,2.3002777777777776,51.41555555555556,0.1576,20.038062500000002,0.35762083333333333,0.35878333333333334,0.35119583333333326,0.04058864428647554,1011,0.016236696659027442,404,0.04882559127244229,1216,0.035091117,874,0.04058864428647554,1011,18
521630,PARANAIGUARA,8476.0,0.2110444852982608,1.0,0.0,0.0,2.0,28.25263888888889,17.8,35.42,19.82,1.847222222222222,47.884444444444455,1.0517,11.16725,0.41172499999999995,0.3154,7.553158333333333,0.03976141304900212,337,0.010947548002449334,93,0.06403780145391721,543,0.026419437,224,0.03976141304900212,337,19
520545,CEZARINA,8007.0,0.1773666904395864,1.0,0.0,0.0,2.0,27.13791666666667,17.41,33.775000000000006,19.75,2.240972222222222,50.36555555555555,0.1824,20.786091666666664,0.8526125,1.2292833333333335,0.4617,0.0394839102647603,316,0.013951181528164014,112,0.0516832158071679,414,0.039476678,316,0.0394839102647603,316,20
521973,SANTO ANTONIO DE GOIAS,6143.0,0.1515845455677166,1.0,0.0,0.0,2.0,25.945138888888888,17.115000000000002,32.67,17.955,2.38,51.63777777777778,0.3813,21.098625000000002,0.3362,2.1308125,0.757,0.03879629899417133,238,0.013975237883100617,86,0.04724227582589874,290,0.03736326,230,0.03879629899417133,238,21
520780,FIRMINOPOLIS,11118.0,0.0768757032741955,1.0,0.0,0.0,2.0,27.44027777777778,18.07,34.230000000000004,19.130000000000003,2.338194444444444,50.69555555555556,0.7714,10.443408333333334,0.12154999999999995,0.8119916666666667,0.2334916666666666,0.038044449697332304,423,0.0056457710185485975,63,0.026474096321135704,294,0.017018782,189,0.038044449697332304,423,22
522045,SENADOR CANEDO,119502.0,0.0980346862159256,1.0,0.0,0.0,2.0,25.945138888888888,17.115000000000002,32.67,17.955,2.38,51.63777777777778,0.7936,24.573162500000002,0.2965791666666666,18.355541666666667,0.29199166666666665,0.0377718066673235,4514,0.007806377553727924,933,0.03499151434376146,4182,0.031089688,3715,0.0377718066673235,4514,23
520580,CORUMBA DE GOIAS,10803.0,0.1025192416142246,1.0,0.0,0.0,2.0,25.08638888888889,15.8,31.835,17.445,2.37125,51.62222222222222,0.4521,34.90884583333333,1.5592916666666665,0.33886249999999996,0.13116250000000002,0.035701303170135326,386,0.009025478277643982,98,0.03984786465774427,430,0.028563451,309,0.035701303170135326,386,24
521060,ITAGUARU,5246.0,0.1232066182645565,1.0,0.0,0.0,2.0,26.24111111111111,17.155,32.89,17.564999999999998,2.415,51.18,0.2588,12.8892125,0.0018,0.5723125,0.11035416666666664,0.03499418006315235,184,0.009534817355132322,50,0.040670209134831346,213,0.034066614,179,0.03499418006315235,184,25
520150,APORE,4190.0,0.1009325770009548,1.0,0.0,0.0,2.0,26.92013888888889,16.634999999999998,33.785,20.15,1.9201388888888886,49.53333333333333,0.1035,17.204554166666668,4.313091666666667,0.1610583333333333,1.08925,0.03493446276573866,146,0.006697870992520446,28,0.037414514035316836,157,0.024607124,103,0.03493446276573866,146,26
521890,RUBIATABA,19844.0,0.0994702598110662,1.0,0.0,0.0,2.0,28.37097222222222,19.17,35.790000000000006,18.54,2.0902777777777777,48.574444444444445,0.5365,19.778329166666666,0.0386125,0.8291166666666667,0.11106250000000001,0.034720688594951324,689,0.008470847325136326,168,0.03960990461490099,786,0.021016002,417,0.034720688594951324,689,27
520590,CORUMBAIBA,8908.0,0.0950208107892966,1.0,0.0,0.0,2.0,26.696805555555557,17.39,33.515,18.244999999999997,2.230277777777778,51.24444444444445,0.0451,23.344654166666665,0.21939166666666665,0.177225,8.387245833333335,0.03371281003665436,300,0.004009071709663621,36,0.03917091485534011,349,0.023362145,208,0.03371281003665436,300,28
522010,SAO LUIS DE MONTES BELOS,32954.0,0.3133388911923209,1.0,0.0,0.0,2.0,27.44027777777778,18.07,34.230000000000004,19.130000000000003,2.338194444444444,50.69555555555556,0.332,10.791929166666666,0.0059874999999999495,1.3110125,0.1502333333333333,0.03329862734359879,1097,0.05423966351762633,1787,0.07837401670766588,2583,0.051972177,1713,0.03329862734359879,1097,29
520490,CAMPOS BELOS,18867.0,0.0630567313180493,1.0,0.0,0.0,2.0,26.73,17.615000000000002,33.290000000000006,16.91,2.2079166666666667,48.79444444444445,1.7168,49.9409,6.324595833333333,1.1413166666666665,0.0724666666666666,0.03324836145149282,627,0.003931070322126418,74,0.036957298509646616,697,0.019032672,359,0.03324836145149282,627,30
520710,DIORAMA,2266.0,0.1228964791893951,1.0,0.0,0.0,2.0,28.71152777777778,18.995,35.34,19.525,2.2895833333333333,49.27555555555556,0.8135,27.6538125,0.0149416666666666,0.2471666666666666,0.32544166666666663,0.03298832123296036,75,0.006051921794727206,14,0.043992700359065565,100,0.020055762,45,0.03298832123296036,75,31
522040,SAO SIMAO,17414.0,0.2414977676487366,1.0,0.0,0.0,2.0,28.25263888888889,17.8,35.42,19.82,1.847222222222222,47.884444444444455,0.0466,8.974833333333333,0.0152,2.6189208333333336,8.9977,0.0313203097120411,545,0.013846918876922297,241,0.05557154073161565,968,0.028025359,488,0.0313203097120411,545,32
521860,RIALMA,11562.0,0.1080211890388704,1.0,0.0,0.0,2.0,27.225277777777777,17.985,34.135000000000005,17.79,2.376111111111111,49.720000000000006,4.3626,17.277620833333334,0.1061,1.39075,1.4632541666666667,0.030374215368218115,351,0.006234967146136894,72,0.03812664236175713,441,0.03139846,363,0.030374215368218115,351,33
520800,FORMOSA,112731.0,0.1311603170677958,1.0,0.0,0.0,2.0,25.138333333333335,15.36,32.555,19.134999999999998,1.8093055555555553,51.49333333333333,2.6075,55.9696125,6.365070833333333,0.8425083333333334,0.4189708333333333,0.029117726576060834,3282,0.012880657745311068,1452,0.05094354147865454,5743,0.025274713,2849,0.029117726576060834,3282,34
521380,MORRINHOS,47707.0,0.0968217093018565,1.0,0.0,0.0,2.0,26.618194444444445,17.035,33.54,18.95,2.2224999999999997,50.72777777777778,0.0994,20.129375000000003,0.2929791666666667,0.6940708333333334,0.38055,0.02887762996405129,1378,0.007884506000162548,376,0.035178284811889164,1678,0.026421068,1260,0.02887762996405129,1378,35
520540,CERES,21865.0,0.1086793386902346,1.0,0.0,0.0,2.0,27.225277777777777,17.985,34.135000000000005,17.79,2.376111111111111,49.720000000000006,1.6227,9.836129166666666,0.0166,3.2106,0.7226083333333333,0.028697579148153695,627,0.007496363638487499,164,0.03816506664286654,834,0.025671985,561,0.028697579148153695,627,36
521130,ITARUMA,6340.0,0.1140838939273779,1.0,0.0,0.0,2.0,27.848194444444445,17.39,34.875,19.95,1.9201388888888886,48.51111111111111,0.2266,15.393895833333334,2.848583333333333,0.10521249999999999,2.3876,0.02774120518675601,176,0.006230705905466905,40,0.03702138876486191,235,0.013589801,86,0.02774120518675601,176,37
521250,LUZIANIA,201050.0,0.1359310589775918,1.0,0.0,0.0,2.0,25.4475,15.605,32.215,18.71,2.0261111111111108,50.857777777777784,0.3115,37.753275,1.3718375,2.4279875,3.1005708333333333,0.027214676543611604,5472,0.00912981461338695,1836,0.04154046222312516,8352,0.026615331,5351,0.027214676543611604,5472,38
521850,QUIRINOPOLIS,47536.0,0.1030695712229728,1.0,0.0,0.0,2.0,27.606250000000003,17.865,34.115,18.975,1.9181944444444445,48.597777777777786,0.51,11.829525,2.173975,0.5465958333333334,2.03425,0.026945155518088876,1281,0.004855591981191226,231,0.0344608673413183,1638,0.016250955,773,0.026945155518088876,1281,39
520330,BELA VISTA DE GOIAS,30143.0,0.0864463205772528,1.0,0.0,0.0,2.0,25.481250000000003,16.02,32.625,18.615000000000002,2.2244444444444444,51.72666666666667,0.1582,21.36525,0.19592916666666665,0.9519291666666666,0.21034166666666665,0.02664204149966873,803,0.009667721246791347,291,0.02479519238899948,747,0.015530538,468,0.02664204149966873,803,40
521730,PIRENOPOLIS,25677.0,0.1135338972701022,1.0,0.0,0.0,2.0,25.08638888888889,15.8,31.835,17.445,2.37125,51.62222222222222,1.3787,51.79314166666666,1.3188875,0.3771625,0.06672916666666664,0.024146165716038025,620,0.00935996228024061,240,0.038801806411763125,996,0.02186148,561,0.024146165716038025,620,41
521930,SANTA HELENA DE GOIAS,38930.0,0.088412661063644,1.0,0.0,0.0,2.0,27.070138888888888,16.95,33.87,20.05,2.025138888888889,49.31222222222223,0.9307,7.2291,3.0716791666666667,1.2494375,1.0276291666666668,0.022283315280416233,867,0.005965104664474068,232,0.028797184554027147,1121,0.019041846,741,0.022283315280416233,867,42
520740,EDEIA,11755.0,0.1171138923174562,1.0,0.0,0.0,2.0,27.686111111111114,17.395,34.415,20.09,2.183611111111111,49.28,0.3132,11.260554166666667,5.636704166666666,0.44129583333333333,0.5353541666666666,0.022088668431780648,260,0.0068092807848191906,80,0.03537872154749756,416,0.013777959,162,0.022088668431780648,260,43
520890,GOIAS,25035.0,0.1852712388855664,1.0,0.0,0.0,2.0,26.86402777777778,18.03,33.44,17.535,2.446111111111111,50.82666666666667,0.3255,37.76529583333333,0.4982458333333333,0.22626666666666664,0.13917916666666663,0.021370586701621945,535,0.014980019310349507,375,0.0432981159806782,1084,0.02821111,706,0.021370586701621945,535,44
521800,PORANGATU,45115.0,0.1575403674024303,1.0,0.0,0.0,2.0,29.50347222222222,20.14,36.735,17.96,2.429583333333333,48.940000000000005,0.1517,35.09549166666667,0.4035333333333333,0.3906625,0.3256458333333333,0.020277664426213884,915,0.009397231423248185,424,0.03980348680719712,1796,0.017218877,777,0.020277664426213884,915,45
520500,CARMO DO RIO VERDE,9585.0,0.0599447588016338,1.0,0.0,0.0,2.0,27.29611111111111,18.15,34.215,18.125,2.37125,50.60111111111112,1.2339,14.750770833333334,0.06922499999999995,0.6838958333333334,0.438975,0.019860461137724102,190,0.004845102991369351,46,0.02016337231984547,193,0.01330809,128,0.019860461137724102,190,46
521830,POSSE,34732.0,0.0722383538676843,1.0,0.0,0.0,2.0,26.545416666666668,17.02,33.614999999999995,17.795,2.0193055555555555,48.17777777777778,0.916,33.88279583333333,3.890345833333333,1.0230875,0.2712833333333333,0.017783061598228192,618,0.0063598156923916176,221,0.02392999414653848,831,0.016192222,562,0.017783061598228192,618,47
522000,SAO JOAO D'ALIANCA,12448.0,0.0956190691688602,1.0,0.0,0.0,2.0,26.04222222222222,16.15,33.635000000000005,19.375,1.9580555555555557,49.903333333333336,2.0056,60.185545833333336,4.358125,0.777775,0.9179250000000001,0.01733373866379205,216,0.009805051661885321,122,0.03319165076558934,413,0.016259039,202,0.01733373866379205,216,48
521740,PIRES DO RIO,31581.0,0.0571376685328431,1.0,0.0,0.0,2.0,25.894027777777776,16.14,32.925,19.065,2.0406944444444446,50.31888888888889,0.0544,31.143583333333332,0.054825,0.9916958333333333,0.6212916666666666,0.017315804073365013,547,0.006238236505883706,197,0.02017411425272677,637,0.0116450265,368,0.017315804073365013,547,49
521910,SANTA BARBARA DE GOIAS,6136.0,0.0606885428157094,1.0,0.0,0.0,2.0,25.945138888888888,17.115000000000002,32.67,17.955,2.38,51.63777777777778,0.1622,17.44891666666667,0.76975,1.7423250000000001,0.8762333333333333,0.016270671252937016,100,0.0059528366738048925,37,0.019293478686878418,118,0.012853179,79,0.016270671252937016,100,50
521040,ITABERAI,41290.0,0.0397592367634185,1.0,0.0,0.0,2.0,26.86402777777778,18.03,33.44,17.535,2.446111111111111,50.82666666666667,1.1865,17.14885,0.12341249999999995,0.9632375,0.506,0.01548451716143538,639,0.003685205610449797,152,0.015669972210212282,647,0.00849745,351,0.01548451716143538,639,51
520030,ALEXANIA,26217.0,0.0896822238437,1.0,0.0,0.0,2.0,25.08638888888889,15.8,31.835,17.445,2.37125,51.62222222222222,0.0964,34.717437499999996,0.4392708333333333,2.9856333333333334,4.479208333333333,0.015292628363268139,401,0.0060840827369078,160,0.02718096464079584,713,0.01742803,457,0.015292628363268139,401,52
520630,CRISTIANOPOLIS,3308.0,0.0903998106199132,1.0,0.0,0.0,2.0,25.481250000000003,16.02,32.625,18.615000000000002,2.2244444444444444,51.72666666666667,0.0747,27.78965,0.5224583333333334,0.817625,0.16450416666666665,0.01517995650565041,50,0.00996223461697286,33,0.027819911614009225,92,0.013616635,45,0.01517995650565041,50,53
522100,TAQUARAL DE GOIAS,3851.0,0.1167087853811204,1.0,0.0,0.0,2.0,26.24111111111111,17.155,32.89,17.564999999999998,2.415,51.18,0.407,21.8216,0.0,0.5765291666666666,0.15552916666666666,0.015056304660285765,58,0.008730040043738159,34,0.038548210952889454,148,0.018915664,73,0.015056304660285765,58,54
520130,ANICUNS,19719.0,0.0375370810656475,1.0,0.0,0.0,2.0,26.64138888888889,17.595,33.44,18.47,2.364444444444444,51.1,0.7767,14.055083333333334,0.0469,0.5987666666666667,0.2511,0.014938199239510837,295,0.004576414225436863,90,0.013532340929522208,267,0.008449184,167,0.014938199239510837,295,55
521760,PLANALTINA,97045.0,0.0485516482729007,1.0,0.0,0.0,2.0,25.138333333333335,15.36,32.555,19.134999999999998,1.8093055555555553,51.49333333333333,2.3628,64.89989166666666,0.7800625000000001,1.6188583333333333,0.29376250000000004,0.014266387050628784,1384,0.006154894008120002,597,0.01933489349227399,1876,0.0059672077,579,0.014266387050628784,1384,56
520410,CACHOEIRA ALTA,11364.0,0.0794611746679757,1.0,0.0,0.0,2.0,27.431805555555556,17.465,34.945,20.215,1.8569444444444443,48.606666666666676,0.3331,15.876212500000001,2.933608333333333,0.289975,1.4642875,0.014158453413837688,161,0.007888849046349485,90,0.020164696720504055,229,0.010578485,120,0.014158453413837688,161,57
520390,BURITI ALEGRE,9996.0,0.0404329579749754,1.0,0.0,0.0,2.0,26.696805555555557,17.39,33.515,18.244999999999997,2.230277777777778,51.24444444444445,0.1817,19.883758333333333,0.1092,0.5752833333333334,7.403241666666666,0.014134608034896409,141,0.0025483591158559633,25,0.01375107483384886,137,0.007188216,72,0.014134608034896409,141,58
520620,CRISTALINA,55968.0,0.0352071529794842,1.0,0.0,0.0,2.0,25.29222222222222,15.41,32.345,18.725,1.9036111111111111,50.70666666666668,0.8783,26.12377083333333,5.727712500000001,0.8068916666666667,1.8275333333333332,0.013987253121048456,783,0.00434275564083756,243,0.013387724581013383,749,0.005291967,296,0.013987253121048456,783,59
520440,CAIAPONIA,17003.0,0.0790288697381048,1.0,0.0,0.0,2.0,26.28375,16.84,32.385,18.185,2.0290277777777774,50.84,0.0833,35.191500000000005,5.675279166666666,0.20795,0.07491666666666665,0.013979888986734664,238,0.003832342983081451,65,0.02093660394166276,356,0.011951905,203,0.013979888986734664,238,60
520760,FAZENDA NOVA,6226.0,0.0775510287275784,1.0,0.0,0.0,2.0,28.452916666666667,19.045,35.32,18.605,2.427638888888889,49.46,0.1322,32.10230416666667,0.3966,0.1855375,0.46154999999999996,0.013766771773893523,86,0.004767539139255586,30,0.018632994413171372,116,0.005000286,31,0.013766771773893523,86,61
521300,MAURILANDIA,11216.0,0.0681147475458313,1.0,0.0,0.0,2.0,27.070138888888888,16.95,33.87,20.05,2.025138888888889,49.31222222222223,1.0248,6.727670833333333,4.834479166666666,0.867175,0.7782,0.013016631515672405,146,0.00492495245974756,55,0.019888026749775314,223,0.0148332985,166,0.013016631515672405,146,62
520280,AVELINOPOLIS,2750.0,0.03658666719587,1.0,0.0,0.0,2.0,26.64138888888889,17.595,33.44,18.47,2.364444444444444,51.1,0.276,14.177425,0.2255333333333333,0.6705166666666666,0.2923666666666666,0.01268941413268762,35,0.004617049115357475,13,0.01343734994737284,37,0.0066873548,18,0.01268941413268762,35,63
520170,ARAGARCAS,18822.0,0.1177737264519509,1.0,0.0,0.0,2.0,29.01888888888889,19.23,35.515,19.225,2.1525,48.224444444444444,0.9272,44.368475000000004,1.3793,0.9112416666666665,1.3591291666666667,0.011487817258335182,216,0.004354212208988776,82,0.033906950633655335,638,0.013734194,259,0.011487817258335182,216,64
522020,SAO MIGUEL DO ARAGUAIA,22652.0,0.1216592515797711,1.0,0.0,0.0,2.0,29.932916666666667,20.67,37.415,17.61,2.224444444444444,49.107777777777784,0.3584,30.107545833333333,8.342241666666666,0.1819,1.0258,0.011418167004740196,259,0.005643797003795532,128,0.04044261300107076,916,0.019838559,449,0.011418167004740196,259,65
520013,ACREUNA,21500.0,0.0512268723913005,1.0,0.0,0.0,2.0,27.157638888888886,17.060000000000002,33.775,20.185,2.1330555555555555,49.66444444444445,0.6412,8.0417,12.444783333333334,0.7305333333333334,0.8334,0.010924176395488188,235,0.003642810824797096,78,0.017448460360454332,375,0.00893722,192,0.010924176395488188,235,66
521120,ITAPURANGA,26989.0,0.0388703855264161,1.0,0.0,0.0,2.0,27.29611111111111,18.15,34.215,18.125,2.37125,50.60111111111112,0.1753,26.299075,0.1056,0.5068708333333334,0.18186249999999998,0.010425265615821678,281,0.004143882429144137,112,0.011543182210733624,312,0.006133309,166,0.010425265615821678,281,67
520549,CIDADE OCIDENTAL,74983.0,0.0684878203346198,1.0,0.0,0.0,2.0,25.049305555555556,15.274999999999999,31.825,17.99,2.078611111111111,51.361111111111114,0.3525,41.301125,2.4174458333333337,5.903304166666667,0.19366249999999996,0.009204874216929334,690,0.005603664651022618,420,0.020464396831553832,1534,0.008518448,639,0.009204874216929334,690,68
521570,PALMEIRAS DE GOIAS,28099.0,0.0591252548501641,1.0,0.0,0.0,2.0,27.13791666666667,17.41,33.775000000000006,19.75,2.240972222222222,50.36555555555555,0.294,14.780237499999998,0.8428583333333333,0.7201416666666667,0.37670000000000003,0.009195506520482172,258,0.004619714292040718,130,0.016157343414230297,454,0.008562186,241,0.009195506520482172,258,69
520995,INDIARA,15894.0,0.0347020508194636,1.0,0.0,0.0,2.0,27.13791666666667,17.41,33.775000000000006,19.75,2.240972222222222,50.36555555555555,0.2915,15.326633333333334,2.4239083333333333,0.7356416666666667,0.42696666666666666,0.008322135007647752,132,0.003603343534739452,57,0.011851315905148168,188,0.0044108625,70,0.008322135007647752,132,70
521210,JOVIANIA,7282.0,0.050123044915914,1.0,0.0,0.0,2.0,26.618194444444445,17.035,33.54,18.95,2.2224999999999997,50.72777777777778,0.1057,12.5348,1.20175,0.6331583333333333,0.338225,0.008233912078842139,60,0.00511654241582694,37,0.012901537352188106,94,0.0069186995,50,0.008233912078842139,60,71
520430,CACU,13886.0,0.0367775318524633,1.0,0.0,0.0,2.0,27.431805555555556,17.465,34.945,20.215,1.8569444444444443,48.606666666666676,0.5924,13.996633333333333,1.9971833333333335,0.2797,3.758779166666667,0.008043716289991145,112,0.004528032841556549,63,0.012642669927694947,176,0.0040931934,57,0.008043716289991145,112,72
521900,SANCLERLANDIA,7923.0,0.0433556934513598,1.0,0.0,0.0,2.0,27.44027777777778,18.07,34.230000000000004,19.130000000000003,2.338194444444444,50.69555555555556,0.351,13.190054166666666,0.0034,0.534975,0.061787499999999995,0.007941437099682232,63,0.0042240832030285775,33,0.014019644477787927,111,0.004288176,34,0.007941437099682232,63,73
520929,GUARAITA,2306.0,0.0269662389313203,1.0,0.0,0.0,2.0,27.29611111111111,18.15,34.215,18.125,2.37125,50.60111111111112,0.0,24.0355,0.0444,0.2128083333333333,0.1159458333333333,0.007896305927222019,18,0.003771204960059906,9,0.00715456881187021,16,0.0021267799,5,0.007896305927222019,18,74
520085,AMERICANO DO BRASIL,5498.0,0.0701801288510865,1.0,0.0,0.0,2.0,26.64138888888889,17.595,33.44,18.47,2.364444444444444,51.1,0.3476,14.579804166666667,0.0,1.5052208333333335,0.1514666666666666,0.00762624054181356,42,0.006365076605662989,35,0.022762305017859294,125,0.011737205,65,0.00762624054181356,42,75
522150,TURVANIA,4725.0,0.0558450126882728,1.0,0.0,0.0,2.0,26.64138888888889,17.595,33.44,18.47,2.364444444444444,51.1,0.4255,11.6993875,0.393225,0.355575,0.3052,0.007260639917569336,34,0.005526038197165238,26,0.013774374879556182,65,0.0075290524,36,0.007260639917569336,34,76
520910,GOIATUBA,35407.0,0.0480414940797852,1.0,0.0,0.0,2.0,26.618194444444445,17.035,33.54,18.95,2.2224999999999997,50.72777777777778,0.3014,11.263716666666667,3.0484625,0.6544208333333332,0.40991666666666665,0.006969091357135379,247,0.004886675833059147,173,0.012155040218395705,430,0.006174408,219,0.006969091357135379,247,77
522060,SILVANIA,21287.0,0.0325673944804164,1.0,0.0,0.0,2.0,24.767083333333332,15.465,31.490000000000002,17.96,2.3722222222222222,52.89222222222222,0.0848,26.871604166666664,0.6039916666666667,0.48945,0.99385,0.006875747183476251,146,0.004675729578581456,100,0.009328111219482403,199,0.0049205082,105,0.006875747183476251,146,78
520505,CASTELANDIA,3316.0,0.029318427863624,1.0,0.0,0.0,2.0,27.070138888888888,16.95,33.87,20.05,2.025138888888889,49.31222222222223,0.7358,8.509037500000002,3.112166666666667,0.40537083333333335,0.4811,0.0067043130547886215,22,0.0035692311863627663,12,0.008399843087961732,28,0.0035160491,12,0.0067043130547886215,22,79
521970,SANTA TEREZINHA DE GOIAS,10732.0,0.0433094944592147,1.0,0.0,0.0,2.0,28.62027777777778,19.25,35.19499999999999,18.215,2.243888888888889,48.885555555555555,0.0345,25.888720833333334,0.05025,0.270425,0.4880333333333333,0.006398759628405942,69,0.002727251919748484,29,0.01280778796121559,137,0.002669651,29,0.006398759628405942,69,80
521290,MARZAGAO,2443.0,0.0334726781983342,1.0,0.0,0.0,2.0,26.696805555555557,17.39,33.515,18.244999999999997,2.230277777777778,51.24444444444445,0.0758,23.894037500000003,0.27124166666666666,0.48280416666666665,2.0277708333333333,0.006315659437619673,15,0.0033816229507884323,8,0.009523958514885448,23,0.00424864,10,0.006315659437619673,15,81
520970,HIDROLANDIA,22738.0,0.0215523225554848,1.0,0.0,0.0,2.0,26.372916666666665,17.115000000000002,33.335,18.784999999999997,2.4120833333333334,51.36333333333334,0.1816,24.9670625,0.55695,1.6272458333333333,0.2642,0.00625764815543813,142,0.004458072785274391,101,0.006773135263336644,154,0.0037246763,85,0.00625764815543813,142,82
521565,PALESTINA DE GOIAS,3284.0,0.0474514900452906,1.0,0.0,0.0,2.0,27.624861111111112,18.205,33.620000000000005,17.97,2.156388888888889,48.9288888888889,0.1604,27.180925000000002,0.5544625000000001,0.2272333333333333,0.5658416666666666,0.00624861363832532,21,0.0023760630528008716,8,0.011896478838701494,39,0.0029576551,10,0.00624861363832532,21,83
521410,MUTUNOPOLIS,3745.0,0.0747505546730914,1.0,0.0,0.0,2.0,29.50347222222222,20.14,36.735,17.96,2.429583333333333,48.940000000000005,0.0949,30.290275,0.02880416666666665,0.1936875,0.2379,0.00623366263086139,23,0.004383467314444799,16,0.01946766160530767,73,0.0054240176,20,0.00623366263086139,23,84
520160,ARACU,3881.0,0.0351543274977149,1.0,0.0,0.0,2.0,26.64138888888889,17.595,33.44,18.47,2.364444444444444,51.1,0.0264,13.711008333333334,0.034425,0.8314250000000001,0.2352375,0.006183710315205729,24,0.004631313456798686,18,0.011414213619350999,44,0.0048052575,19,0.006183710315205729,24,85
520735,EDEALINA,3940.0,0.0601906723532605,1.0,0.0,0.0,2.0,27.686111111111114,17.395,34.415,20.09,2.183611111111111,49.28,0.0092,13.5153,2.7770583333333336,0.296025,0.6041874999999999,0.005904163952050788,23,0.004088225964466137,16,0.015399638837152703,61,0.004190073,17,0.005904163952050788,23,86
522185,VALPARAISO DE GOIAS,170296.0,0.0429439607929345,1.0,0.0,0.0,2.0,25.049305555555556,15.274999999999999,31.825,17.99,2.078611111111111,51.361111111111114,1.8097,35.47143333333334,0.9128333333333334,52.68472083333333,0.0084583333333333,0.005830502934885592,993,0.003381225267754159,576,0.018971188142279938,3231,0.005204299,886,0.005830502934885592,993,87
520350,BOM JESUS DE GOIAS,23016.0,0.0386160641147658,1.0,0.0,0.0,2.0,27.536388888888887,17.18,35.535,21.02,2.10875,49.72111111111111,0.8421,8.308904166666668,3.7537458333333333,0.5192333333333333,0.9465874999999999,0.005708312868965396,131,0.006841311339333466,157,0.012110665105618893,279,0.004658115,107,0.005708312868965396,131,88
521720,PIRANHAS,11709.0,0.0522999472262605,1.0,0.0,0.0,2.0,27.824166666666667,18.525,33.575,17.675,2.092222222222222,48.05666666666667,0.3098,30.833466666666666,0.5614291666666666,0.2150875,0.1517708333333333,0.00523101517167172,61,0.002203501086923388,26,0.013772769140498459,161,0.0034562435,40,0.00523101517167172,61,89
520025,AGUAS LINDAS DE GOIAS,200319.0,0.0410018801216991,1.0,0.0,0.0,2.0,25.96138888888889,16.33,33.015,18.195,2.043611111111111,49.83222222222222,4.9378,39.403875,1.1597374999999999,30.06116666666667,1.9385,0.004824633249027805,966,0.003175010129800726,636,0.015730434941672467,3151,0.0049102446,984,0.004824633249027805,966,90
521220,JUSSARA,19813.0,0.0500917837385786,1.0,0.0,0.0,2.0,29.70138888888889,19.595,36.88,19.795,2.1398611111111108,47.272222222222226,0.5578,27.618458333333336,1.0525,0.206,1.4211,0.004768311281956537,94,0.0031774923596021203,63,0.013369508512787523,265,0.003139182,62,0.004768311281956537,94,91
521375,MONTIVIDIU,11846.0,0.0290634190633587,1.0,0.0,0.0,2.0,26.511944444444442,17.035,32.695,18.56,2.065,50.27777777777778,0.1071,12.111470833333335,3.7856916666666667,0.4296,0.061275,0.0047229913861997356,56,0.0027683755967213087,33,0.006767924074117713,80,0.0027513811,33,0.0047229913861997356,56,92
521487,NOVA IGUACU DE GOIAS,3005.0,0.0445309773793702,1.0,0.0,0.0,2.0,28.62027777777778,19.25,35.19499999999999,18.215,2.243888888888889,48.885555555555555,0.1689,34.90235416666667,0.0456,0.179,0.08660416666666665,0.004695457446148757,14,0.0027689738156373048,8,0.013037043277364067,39,0.0031202128,9,0.004695457446148757,14,93
521010,IPAMERI,25873.0,0.0330037552664532,1.0,0.0,0.0,2.0,25.894027777777776,16.14,32.925,19.065,2.0406944444444446,50.31888888888889,0.0978,34.96893333333334,1.0997249999999998,0.338,0.6381833333333333,0.004692977295382395,121,0.004886842170068371,126,0.009127973147579564,236,0.0041915677,108,0.004692977295382395,121,94
520830,DIVINOPOLIS DE GOIAS,4796.0,0.0363097929022483,1.0,0.0,0.0,2.0,26.73,17.615000000000002,33.290000000000006,16.91,2.2079166666666667,48.79444444444445,0.4805,40.37609583333333,4.9774625,0.33865833333333334,0.0484333333333333,0.004260767051829563,20,0.003340482793889276,16,0.010671973457349024,51,0.0027171646,13,0.004260767051829563,20,95
522050,SERRANOPOLIS,7970.0,0.0223600675494571,1.0,0.0,0.0,2.0,26.15888888888889,16.225,32.395,19.384999999999998,2.135972222222222,51.46888888888889,0.0907,28.3258375,3.9849875,0.11882083333333329,0.3179,0.003980937611765428,32,0.002528976401915094,20,0.004545726743501039,36,0.0031073517,25,0.003980937611765428,32,96
521600,PANAMA,2607.0,0.0240741152308215,1.0,0.0,0.0,2.0,26.618194444444445,17.035,33.54,18.95,2.2224999999999997,50.72777777777778,0.8542,15.871500000000001,1.3249791666666666,0.28755416666666667,0.3726541666666666,0.003720443298343855,10,0.0038348298958295426,10,0.005471319658367764,14,0.0021045455,5,0.003720443298343855,10,97
520470,CAMPINORTE,12058.0,0.0481709473348761,1.0,0.0,0.0,2.0,28.304166666666667,18.665,35.845,18.46,2.4976388888888885,47.96222222222223,0.7477,45.1521625,0.55025,0.5844416666666667,0.21382916666666665,0.0036713966050267387,44,0.005517988619897444,67,0.01300253627341721,157,0.0026420336,32,0.0036713966050267387,44,98
521080,ITAJA,4768.0,0.0301789448231276,1.0,0.0,0.0,2.0,27.848194444444445,17.39,34.875,19.95,1.9201388888888886,48.51111111111111,0.0711,17.720462500000004,2.3678125000000003,0.1004958333333333,3.4989,0.0036292880234640407,17,0.002634030681953042,13,0.010158691388049862,48,0.0012724289,6,0.0036292880234640407,17,99
521370,MONTES CLAROS DE GOIAS,8537.0,0.0411462048341844,1.0,0.0,0.0,2.0,28.71152777777778,18.995,35.34,19.525,2.2895833333333333,49.27555555555556,0.6791,23.876245833333332,0.9041,0.2276875,1.2185,0.003459821724322972,30,0.0026477170462382055,23,0.01197814728728845,102,0.0020029976,17,0.003459821724322972,30,100
520650,CROMINIA,3818.0,0.0230616238310419,1.0,0.0,0.0,2.0,26.456944444444446,16.810000000000002,33.32,19.130000000000003,2.361527777777778,51.3088888888889,0.1238,22.45135416666667,0.822525,0.3283,0.0851208333333333,0.003422069900265765,13,0.00399560984235638,15,0.004530060998481836,17,0.0024766587,9,0.003422069900265765,13,101
522200,VIANOPOLIS,14042.0,0.0213005273456614,1.0,0.0,0.0,2.0,25.665694444444444,15.95,32.6,19.119999999999997,2.018333333333333,50.43555555555556,0.0482,22.712029166666667,0.1717208333333333,0.7249083333333334,0.1313458333333333,0.003274942921948636,46,0.004677788935651377,66,0.00592911108070692,83,0.0022974338,32,0.003274942921948636,46,102
521056,ITAGUARI,4877.0,0.0182292901363726,1.0,0.0,0.0,2.0,26.24111111111111,17.155,32.89,17.564999999999998,2.415,51.18,1.9577,14.941104166666666,0.0042,1.3731958333333334,0.4125,0.003220421193764894,16,0.003178412003624265,16,0.006324606877567012,31,0.0022578854,11,0.003220421193764894,16,103
520570,CORREGO DO OURO,2579.0,0.0181388423918084,1.0,0.0,0.0,2.0,27.44027777777778,18.07,34.230000000000004,19.130000000000003,2.338194444444444,50.69555555555556,0.0094,27.3212875,0.0501,0.1419,0.2310125,0.003118569940657433,8,0.0032576466670270147,8,0.004327530748755682,11,0.0020599347,5,0.003118569940657433,8,104
520960,HEITORAI,3524.0,0.0132379284849836,1.0,0.0,0.0,2.0,27.29611111111111,18.15,34.215,18.125,2.37125,50.60111111111112,1.0169,22.679645833333332,0.15357916666666666,0.4784208333333333,0.24177499999999996,0.003109848528871688,11,0.0031380857314196853,11,0.0033187910800418895,12,0.00086339,3,0.003109848528871688,11,105
521680,PETROLINA DE GOIAS,10142.0,0.0184399755350755,1.0,0.0,0.0,2.0,26.24111111111111,17.155,32.89,17.564999999999998,2.415,51.18,0.7558,20.850391666666663,0.0028,0.5145833333333333,0.2009208333333333,0.003089999073056198,31,0.00338560336045672,34,0.003989234657573803,40,0.001976272,20,0.003089999073056198,31,106
521925,SANTA FE DE GOIAS,5000.0,0.0390687775793167,1.0,0.0,0.0,2.0,29.70138888888889,19.595,36.88,19.795,2.1398611111111108,47.272222222222226,1.1637,23.3778875,0.8254,0.19575416666666667,0.7585708333333333,0.0030033339986397984,15,0.002938132796973576,15,0.011607460488339898,58,0.0014940237,7,0.0030033339986397984,15,107
521975,SANTO ANTONIO DO DESCOBERTO,70571.0,0.0196672621059174,1.0,0.0,0.0,2.0,25.049305555555556,15.274999999999999,31.825,17.99,2.078611111111111,51.361111111111114,0.5508,49.0618,3.6834,3.6991916666666667,5.042254166666666,0.0027896206757262267,197,0.002509429083358885,177,0.006268506001316046,442,0.0018538281,131,0.0027896206757262267,197,108
520010,ABADIANIA,16846.0,0.0051905965589553,1.0,0.0,0.0,2.0,25.08638888888889,15.8,31.835,17.445,2.37125,51.62222222222222,0.338,29.516058333333334,0.3007208333333333,1.859245833333333,2.426216666666667,0.0024413875468261136,41,0.003145155290295653,53,0.0042990761853115315,72,0.0006299908,11,0.0024413875468261136,41,109
520547,CHAPADAO DO CEU,9909.0,0.0186803578085211,1.0,0.0,0.0,2.0,25.688194444444445,15.690000000000001,32.15,19.325,2.135972222222222,52.04222222222222,1.6594,13.179620833333333,11.80155,0.47829166666666667,0.06154166666666665,0.0023719799568574103,24,0.0026206044059839464,26,0.004711166088067364,47,0.0017243346,17,0.0023719799568574103,24,110
520180,ARAGOIANIA,10295.0,0.0079456620579169,1.0,0.0,0.0,2.0,26.372916666666665,17.115000000000002,33.335,18.784999999999997,2.4120833333333334,51.36333333333334,0.0441,20.7553,0.7903708333333332,2.799625,0.2942333333333333,0.0023538566408523205,24,0.003936763612166942,41,0.004626555766483496,48,0.00093196594,10,0.0023538566408523205,24,111
520880,GOIANIRA,51558.0,0.0066350635312452,1.0,0.0,0.0,2.0,25.945138888888888,17.115000000000002,32.67,17.955,2.38,51.63777777777778,0.799,15.151841666666666,0.5699875000000001,12.249004166666666,0.47552916666666667,0.00209142107967683,108,0.0033979243554843465,175,0.005246300955561355,270,0.0011011813,57,0.00209142107967683,108,112
520660,CUMARI,3028.0,0.0151279842230829,1.0,0.0,0.0,2.0,26.074722222222224,16.8,33.005,17.505,1.9940277777777775,51.60444444444444,0.0198,21.652529166666667,0.05549166666666665,0.1851125,2.1319,0.002051606786709023,6,0.0028914663953926124,9,0.003789535023244274,11,0.0017341626,5,0.002051606786709023,6,113
520400,CABECEIRAS,7700.0,0.0117783319054286,1.0,0.0,0.0,2.0,26.047916666666666,16.03,33.845,19.424999999999997,1.750972222222222,49.86555555555555,0.4677,29.94978333333333,4.862491666666667,0.7054291666666667,0.7610083333333334,0.0020366073518845247,16,0.005173403931709882,40,0.004084470516626642,31,0.0008452504,7,0.0020366073518845247,16,114
521530,ORIZONA,15659.0,0.0120062536106837,1.0,0.0,0.0,2.0,25.665694444444444,15.95,32.6,19.119999999999997,2.018333333333333,50.43555555555556,0.0372,27.791454166666668,0.19829166666666664,0.30822499999999997,0.48260000000000003,0.0020221936973202656,32,0.00415563073313791,65,0.00308068678320344,48,0.0006689983,10,0.0020221936973202656,32,115
520551,COCALZINHO DE GOIAS,21801.0,0.0147175097012264,1.0,0.0,0.0,2.0,26.47875,17.165,33.519999999999996,17.744999999999997,2.35375,49.53555555555556,1.1576,50.430049999999994,1.1013166666666665,0.8279124999999999,0.1696958333333333,0.0020027570287557343,44,0.0038084783901997927,83,0.004361089682756595,95,0.001149747,25,0.0020027570287557343,44,116
522170,URUANA,14132.0,0.0065039741390908,1.0,0.0,0.0,2.0,27.225277777777777,17.985,34.135000000000005,17.79,2.376111111111111,49.720000000000006,0.8086,17.3875,0.17035,0.6928208333333332,0.7348333333333333,0.001989430223629441,28,0.0029435708920221293,42,0.004254714429821918,60,0.0008639628,12,0.001989430223629441,28,117
520250,ARUANA,8174.0,0.0486427686945392,1.0,0.0,0.0,2.0,30.560833333333335,20.555,38.195,19.534999999999997,1.9181944444444445,45.90555555555556,0.1416,32.460750000000004,8.321091666666666,0.4321,2.4273416666666665,0.0019398685364240913,16,0.003031978427803411,25,0.012170295837174399,99,0.002700551,22,0.0019398685364240913,16,118
521640,PARAUNA,11032.0,0.0083330935463576,1.0,0.0,0.0,2.0,26.751805555555556,17.025,32.72,19.435000000000002,2.1787499999999995,50.097777777777786,0.5383,19.138908333333333,5.641554166666667,0.2808,0.28644166666666665,0.0018946172868092377,21,0.0019831178339765982,22,0.0025528090035236346,28,0.0005709999,6,0.0018946172868092377,21,119
521385,MORRO AGUDO DE GOIAS,2454.0,0.036412204770089,1.0,0.0,0.0,2.0,27.29611111111111,18.15,34.215,18.125,2.37125,50.60111111111112,0.0191,25.062708333333333,0.06916249999999999,0.26105,0.031125,0.0018908201855504904,5,0.0041336396476740955,10,0.011373535224888511,28,0.0025149826,6,0.0018908201855504904,5,120
520340,BOM JARDIM DE GOIAS,8274.0,0.033869346721785,1.0,0.0,0.0,2.0,29.01888888888889,19.23,35.515,19.225,2.1525,48.224444444444444,0.416,39.082504166666666,0.744075,0.2480666666666666,0.20971666666666666,0.0018708931164253232,15,0.0022111166469647317,18,0.009078255046519507,75,0.0011808848,10,0.0018708931164253232,15,121
521225,LAGOA SANTA,1318.0,0.0108847091605712,1.0,0.0,0.0,2.0,27.848194444444445,17.39,34.875,19.95,1.9201388888888886,48.51111111111111,0.0612,13.593329166666667,3.641075,0.2421,0.3819,0.0017877714723518341,2,0.0026843289106818677,4,0.0042378169827340635,6,0.00033957043,0,0.0017877714723518341,2,122
521523,NOVO GAMA,104158.0,0.0094099732465184,1.0,0.0,0.0,2.0,25.049305555555556,15.274999999999999,31.825,17.99,2.078611111111111,51.361111111111114,0.8385,38.51206666666667,6.389333333333333,15.547029166666665,0.1815458333333333,0.0017775170028629884,185,0.002908766166070643,303,0.006213007653138318,647,0.00077497435,81,0.0017775170028629884,185,123
520393,BURITI DE GOIAS,2692.0,0.0385155981298449,1.0,0.0,0.0,2.0,28.452916666666667,19.045,35.32,18.605,2.427638888888889,49.46,0.5714,26.540016666666666,4.500333333333334,0.6173833333333333,0.0037,0.001690778965461389,5,0.0032458437243605073,9,0.011828643925254272,32,0.001408486,4,0.001690778965461389,5,124
521140,ITAUCU,8270.0,0.0075741786842725,1.0,0.0,0.0,2.0,26.24111111111111,17.155,32.89,17.564999999999998,2.415,51.18,0.3259,17.699666666666666,0.0027083333333333,0.5597166666666666,0.176825,0.0016900539073646543,14,0.0031373305505403033,26,0.0026409454931802245,22,0.0007027124,6,0.0016900539073646543,14,125
520235,ARENOPOLIS,3144.0,0.014845816950453,1.0,0.0,0.0,2.0,27.824166666666667,18.525,33.575,17.675,2.092222222222222,48.05666666666667,0.23,29.898825,0.26157499999999995,0.12244166666666664,1.0495375,0.0015648501961184242,5,0.0014692342899257863,5,0.003671971401407443,12,0.00085713965,3,0.0015648501961184242,5,126
521015,IPIRANGA DE GOIAS,2952.0,0.0051152988357579,1.0,0.0,0.0,2.0,27.560138888888886,18.314999999999998,34.235,17.975,2.26625,49.800000000000004,1.3936,11.432783333333333,0.01494166666666665,0.37379166666666663,0.15179166666666666,0.0014596370596611982,4,0.002383061050867932,7,0.0032107629911394694,9,0.00022760553,1,0.0014596370596611982,4,127
520840,GOIANAPOLIS,12876.0,0.0066254814752742,1.0,0.0,0.0,2.0,25.945138888888888,17.115000000000002,32.67,17.955,2.38,51.63777777777778,0.3883,28.72678333333333,0.0227,3.394358333333333,2.5805249999999997,0.0013893684819064078,18,0.0030842176061514678,40,0.004064031514112492,52,0.00079781556,10,0.0013893684819064078,18,128
521960,SANTA TEREZA DE GOIAS,3672.0,0.0133063748932294,1.0,0.0,0.0,2.0,29.135,19.69,36.705,18.22,2.4616666666666664,47.43444444444445,0.3185,37.8201875,0.1642,0.366475,0.32152499999999995,0.0013833374575384773,5,0.003605692233583212,13,0.003466462314164766,13,0.0006480793,2,0.0013833374575384773,5,129
520670,DAMIANOPOLIS,3623.0,0.0240332250530063,1.0,0.0,0.0,2.0,26.851527777777775,17.05,33.74,17.645,1.9794444444444441,47.282222222222224,0.2491,48.13355416666667,2.6815583333333333,0.4355083333333333,0.0452375,0.0013060942519387121,5,0.0033753842364901976,12,0.00524074322841546,19,0.0010439102,4,0.0013060942519387121,5,130
522119,TEREZOPOLIS DE GOIAS,7501.0,0.0057087158330469,1.0,0.0,0.0,2.0,24.767083333333332,15.465,31.490000000000002,17.96,2.3722222222222222,52.89222222222222,1.0482,22.526991666666667,0.179,2.8319666666666667,1.0046375,0.0013058247439465926,10,0.00346911162387263,26,0.004456285036624438,33,0.0006228712,5,0.0013058247439465926,10,131
522180,URUTAI,3384.0,0.0042680324370465,1.0,0.0,0.0,2.0,25.894027777777776,16.14,32.925,19.065,2.0406944444444446,50.31888888888889,0.0254,28.738604166666665,0.0725333333333333,0.28525,0.6944791666666668,0.001299001005234453,4,0.003797912896289762,13,0.0019409923575109595,7,0.00028410566,1,0.001299001005234453,4,132
520320,BARRO ALTO,9781.0,0.0161911753926416,1.0,0.0,0.0,2.0,28.001944444444447,18.244999999999997,35.495,18.21,2.263333333333333,47.67555555555556,4.964,45.635245833333336,0.6648999999999999,3.140808333333333,0.6279,0.0012479421564775357,12,0.0030123075932072057,29,0.0071630604141722076,70,0.0008479175,8,0.0012479421564775357,12,133
521520,NOVO BRASIL,3580.0,0.0126779188662342,1.0,0.0,0.0,2.0,28.452916666666667,19.045,35.32,18.605,2.427638888888889,49.46,0.0132,25.563204166666665,0.0524,0.20108333333333334,0.03476666666666665,0.0012313755817343606,4,0.002707340460756082,10,0.0032693076861087787,12,0.00022835868,1,0.0012313755817343606,4,134
520552,COLINAS DO SUL,3899.0,0.0186439156786767,1.0,0.0,0.0,2.0,28.322916666666668,18.835,35.715,18.6,2.4179166666666663,46.95222222222222,2.3188,79.2942,1.8377291666666662,0.14134583333333328,3.7926416666666665,0.0012068372070498962,5,0.002956142764632491,12,0.0042397369883766705,17,0.0004975282,2,0.0012068372070498962,5,135
521160,IVOLANDIA,2715.0,0.0110554652692558,1.0,0.0,0.0,2.0,27.624861111111112,18.205,33.620000000000005,17.97,2.156388888888889,48.9288888888889,0.1201,33.136399999999995,0.5468416666666667,0.1457,0.43685416666666665,0.001204891437691337,3,0.0016823239011132995,5,0.0031816850190266323,9,0.0003639954,1,0.001204891437691337,3,136
521580,PALMELO,2322.0,0.026413718013556,1.0,0.0,0.0,2.0,25.894027777777776,16.14,32.925,19.065,2.0406944444444446,50.31888888888889,0.0873,21.898600000000002,0.0229,1.6049625,0.0357,0.0011929909924952504,3,0.004910775593477439,11,0.007275653835114648,17,0.0012596074,3,0.0011929909924952504,3,137
520005,ABADIA DE GOIAS,11887.0,0.0043586727227587,1.0,0.0,0.0,2.0,26.372916666666665,17.115000000000002,33.335,18.784999999999997,2.4120833333333334,51.36333333333334,0.4652,17.1983125,0.24615,9.1298375,0.23030833333333328,0.0011917713600670178,14,0.003673874124331841,44,0.004611059648748455,55,0.0005699099,7,0.0011917713600670178,14,138
520680,DAMOLANDIA,2800.0,0.0327410791198789,1.0,0.0,0.0,2.0,25.945138888888888,17.115000000000002,32.67,17.955,2.38,51.63777777777778,0.1579,17.084316666666666,0.0,1.1309333333333333,0.03694166666666665,0.0011840265215802964,3,0.00487651807301821,14,0.0112807526578338,32,0.0018472726,5,0.0011840265215802964,3,139
520055,ALTO HORIZONTE,5420.0,0.0099952897279964,1.0,0.0,0.0,2.0,29.243472222222223,19.845,36.275000000000006,18.104999999999997,2.315833333333333,48.65555555555556,0.1596,29.683366666666664,0.1591083333333333,6.3374041666666665,0.40722083333333325,0.0011389456521825306,6,0.002160302413413174,12,0.005488415345308131,30,0.0007715997,4,0.0011389456521825306,6,140
522015,SAO LUIZ DO NORTE,4880.0,0.0092162500921625,1.0,0.0,0.0,2.0,27.560138888888886,18.314999999999998,34.235,17.975,2.26625,49.800000000000004,1.5429,28.249650000000003,0.2987,0.45677499999999993,1.196925,0.0010881220566822801,5,0.002219413021718123,11,0.002927299673846044,14,0.00029929398,1,0.0010881220566822801,5,141
520145,APARECIDA DO RIO DOCE,2720.0,0.00528295507375,1.0,0.0,0.0,2.0,26.25861111111111,16.345,32.81,19.645000000000003,1.937638888888889,50.522222222222226,0.095,14.91895,4.385250000000001,0.32800416666666665,0.3918,0.0010836365061475811,3,0.0026886001253059334,7,0.002782958625254362,8,0.00044667712,1,0.0010836365061475811,3,142
520050,ALOANDIA,2042.0,0.0075493349035949,1.0,0.0,0.0,2.0,26.456944444444446,16.810000000000002,33.32,19.130000000000003,2.361527777777778,51.3088888888889,0.0,9.647166666666665,0.9570625000000001,0.765,0.6737583333333332,0.0010772613555114973,2,0.0034087595617235174,7,0.003826548286257087,8,0.00060486095,1,0.0010772613555114973,2,143
521260,MAIRIPOTABA,2534.0,0.0058749574065588,1.0,0.0,0.0,2.0,26.456944444444446,16.810000000000002,33.32,19.130000000000003,2.361527777777778,51.3088888888889,0.1098,26.433054166666665,1.9079041666666665,0.24082499999999996,0.2193,0.0010749544531486837,3,0.003314444413809033,8,0.0023275376468748937,6,0.00038470628,1,0.0010749544531486837,3,144
520520,CATURAI,5118.0,0.0028970392259111,1.0,0.0,0.0,2.0,25.945138888888888,17.115000000000002,32.67,17.955,2.38,51.63777777777778,0.3599,13.952295833333334,0.07091249999999999,0.7963333333333333,0.2971375,0.000998610947962161,5,0.003606220883495872,18,0.002869799674677471,15,0.0003231153,2,0.000998610947962161,5,145
521405,MUNDO NOVO,6479.0,0.047801791632795,1.0,0.0,0.0,2.0,30.024444444444445,20.525,37.370000000000005,18.455,2.017361111111111,47.470000000000006,0.5746,29.318641666666664,0.7147,0.09727916666666665,1.0693,0.0009879620839893448,6,0.003021851493572649,20,0.013038392003379942,84,0.002330176,15,0.0009879620839893448,6,146
521308,MINACU,29685.0,0.0063883082793469,1.0,0.0,0.0,2.0,28.64,19.200000000000003,36.120000000000005,18.65,2.547222222222222,46.875555555555565,1.2707,72.11439999999999,0.76895,0.8709166666666667,3.2181583333333332,0.0009771398013810996,29,0.003038039518646996,90,0.0035740023678193724,106,0.0001825523,5,0.0009771398013810996,29,147
520495,CAMPOS VERDES,4479.0,0.007388298527539,1.0,0.0,0.0,2.0,29.243472222222223,19.845,36.275000000000006,18.104999999999997,2.315833333333333,48.65555555555556,0.0408,23.762366666666665,0.0235875,0.3641,0.1975,0.000972894390181102,4,0.002240696137351602,10,0.002717480717387496,12,0.00025744052,1,0.000972894390181102,4,148
522026,SAO MIGUEL DO PASSA QUATRO,4261.0,0.0068527898014122,1.0,0.0,0.0,2.0,25.481250000000003,16.02,32.625,18.615000000000002,2.2244444444444444,51.72666666666667,0.0385,28.659129166666666,0.12645416666666665,0.26477083333333334,0.1390333333333333,0.0009539527322326181,4,0.004550312138275194,19,0.0023939053421725685,10,0.00034904157,1,0.0009539527322326181,4,149
522068,SIMOLANDIA,6283.0,0.0025210507739625,1.0,0.0,0.0,2.0,28.324305555555554,17.564999999999998,36.019999999999996,19.725,1.965833333333333,47.18333333333334,0.1025,25.225541666666665,1.1760208333333333,0.5507,0.4934625,0.0009482888899874201,6,0.003181855133274697,20,0.00155661698506349,10,8.147592e-05,1,0.0009482888899874201,6,150
520060,ALTO PARAISO DE GOIAS,8716.0,0.0091005818010819,1.0,0.0,0.0,2.0,25.813055555555554,16.185000000000002,32.879999999999995,18.32,2.105833333333333,50.17333333333334,6.1016,63.7402875,20.224454166666664,0.35199583333333334,0.0789083333333333,0.000912640261841054,8,0.002510309423527131,22,0.0027405967178095684,24,0.000353574,3,0.000912640261841054,8,151
521770,PONTALINA,18158.0,0.0016269322465415,1.0,0.0,0.0,2.0,26.456944444444446,16.810000000000002,33.32,19.130000000000003,2.361527777777778,51.3088888888889,0.1672,18.11499583333333,1.5159875,0.4002708333333333,0.4122,0.0008703989564857913,16,0.0031932305785988425,58,0.0014136312457773098,26,0.000105632214,2,0.0008703989564857913,16,152
520485,CAMPO LIMPO DE GOIAS,7361.0,0.0018703265216041,1.0,0.0,0.0,2.0,25.945138888888888,17.115000000000002,32.67,17.955,2.38,51.63777777777778,1.7209,20.0217125,0.0193,1.4372250000000002,0.31731666666666664,0.0007814561085267729,6,0.003306504677593332,24,0.0036985157547517545,27,0.00017628798,1,0.0007814561085267729,6,153
521400,MOZARLANDIA,14442.0,0.0265648483871477,1.0,0.0,0.0,2.0,29.946111111111108,20.225,37.290000000000006,18.79,2.0776388888888886,46.842222222222226,0.4208,27.020429166666666,0.4778416666666666,0.2689666666666667,0.5543541666666667,0.0007505483688143084,11,0.0027791759747209746,40,0.006128760209900591,89,0.0008947227,13,0.0007505483688143084,11,154
520640,CRIXAS,16828.0,0.0114259342904577,1.0,0.0,0.0,2.0,29.51125,20.185,36.985,18.545,2.004722222222222,47.33444444444445,0.2733,42.37436666666667,0.0931583333333333,0.1181625,0.13190000000000002,0.0007203662130290499,12,0.0029322779078297815,49,0.0034103071177166407,57,0.00033380027,6,0.0007203662130290499,12,155
521920,SANTA CRUZ DE GOIAS,3134.0,0.0098691077641963,1.0,0.0,0.0,2.0,26.160416666666666,16.465,33.504999999999995,19.16,2.3002777777777776,51.41555555555556,0.0827,35.474125,0.42117499999999997,0.0965,0.2410208333333333,0.000719132164039051,2,0.004607297458128728,14,0.0028279056010449767,9,0.0003503948,1,0.000719132164039051,2,156
521440,NAZARIO,8210.0,0.0036450389474395,1.0,0.0,0.0,2.0,26.64138888888889,17.595,33.44,18.47,2.364444444444444,51.1,0.1348,16.537662500000003,0.4149,1.125975,0.35415416666666666,0.0007185327134266222,6,0.0033595332895960226,28,0.003675620436306628,30,0.00038319273,3,0.0007185327134266222,6,157
520993,INACIOLANDIA,6012.0,0.004989795867451,1.0,0.0,0.0,2.0,28.12388888888889,18.115000000000002,34.8,19.605,1.9775,48.19888888888889,1.721,6.579529166666667,3.241204166666667,0.30080416666666665,8.209679166666668,0.0007133006390187309,4,0.001252739145577522,8,0.002645006599296237,16,0.00013668978,1,0.0007133006390187309,4,158
520260,AURILANDIA,3492.0,0.0045080378314534,1.0,0.0,0.0,2.0,27.44027777777778,18.07,34.230000000000004,19.130000000000003,2.338194444444444,50.69555555555556,0.497,21.049733333333336,0.30154166666666665,0.20405,0.064,0.0007108783121568454,2,0.002858900356365542,10,0.0019647431963061243,7,0.00013788001,0,0.0007108783121568454,2,159
521100,ITAPIRAPUA,8084.0,0.0074418060383352,1.0,0.0,0.0,2.0,29.367361111111112,19.845,36.415000000000006,18.735,2.3041666666666663,47.98222222222222,0.05,19.8901125,1.0205,0.1554833333333333,0.47538333333333327,0.0007058332787879161,6,0.0023900257008793073,19,0.0031794059504379303,26,0.00023990375,2,0.0007058332787879161,6,160
521460,NIQUELANDIA,39459.0,0.0086462745358865,1.0,0.0,0.0,2.0,27.149444444444445,17.615000000000002,34.565,18.255000000000003,2.2001388888888886,48.167777777777786,3.4953,60.71080833333333,1.7143916666666668,0.8842708333333333,7.313570833333333,0.0006979463369512836,28,0.002226049799226795,88,0.004161972186757312,164,0.0004935905,19,0.0006979463369512836,28,161
521590,PALMINOPOLIS,3765.0,0.0039000039000039,1.0,0.0,0.0,2.0,27.13791666666667,17.41,33.775000000000006,19.75,2.240972222222222,50.36555555555555,0.3881,9.6026875,0.7799541666666667,0.34305416666666666,0.5747583333333335,0.0006967744179424174,3,0.00272460397364764,10,0.0022482338561295996,8,0.00021335202,1,0.0006967744179424174,3,162
521170,JANDAIA,6375.0,0.0023640997271828,1.0,0.0,0.0,2.0,27.13791666666667,17.41,33.775000000000006,19.75,2.240972222222222,50.36555555555555,0.2709,16.060858333333336,1.7445791666666666,0.48596666666666666,0.2885916666666667,0.0006922768245852459,4,0.002693891495345247,17,0.0016160959723957374,10,0.0001162686,1,0.0006922768245852459,4,163
520215,ARAGUAPAZ,7518.0,0.0226439873853659,1.0,0.0,0.0,2.0,29.946111111111108,20.225,37.290000000000006,18.79,2.0776388888888886,46.842222222222226,0.3177,37.9765125,0.46301666666666663,0.10725416666666665,0.25863749999999996,0.0006433397548945947,5,0.0026889701589469127,20,0.005485832983891686,41,0.0010368498,8,0.0006433397548945947,5,164
520920,GUAPO,16969.0,0.0008130676228341,1.0,0.0,0.0,2.0,26.372916666666665,17.115000000000002,33.335,18.784999999999997,2.4120833333333334,51.36333333333334,0.1362,16.8961,0.6811833333333333,1.4545458333333334,0.33411666666666673,0.0006423910791282355,11,0.0037097545181815996,63,0.003543611915316377,60,6.375789e-05,1,0.0006423910791282355,11,165
521805,PORTEIRAO,3824.0,0.0037662230055966,1.0,0.0,0.0,2.0,27.536388888888887,17.18,35.535,21.02,2.10875,49.72111111111111,1.1542,9.1335,6.1831708333333335,0.4279625,1.1377916666666668,0.0006296542323002562,2,0.004689951587419054,18,0.002160225183257383,8,0.00017286492,1,0.0006296542323002562,2,166
520090,AMORINOPOLIS,3311.0,0.0146771203506891,1.0,0.0,0.0,2.0,27.624861111111112,18.205,33.620000000000005,17.97,2.156388888888889,48.9288888888889,0.3247,21.355004166666667,0.0363,0.4523833333333333,0.03278749999999995,0.000629628301777722,2,0.001816253464409755,6,0.0036439011285909154,12,0.00032811912,1,0.000629628301777722,2,167
520990,IACIARA,11825.0,0.0013490797926734,1.0,0.0,0.0,2.0,27.804722222222225,17.37,35.235,19.475,2.020277777777778,47.89000000000001,0.1486,19.433995833333334,0.21901666666666664,0.2791083333333333,0.39274166666666666,0.0006182143853201597,7,0.003202785586331094,38,0.0013308489577073287,16,4.0549792e-05,0,0.0006182143853201597,7,168
521870,RIANAPOLIS,4341.0,0.0037126966801066,1.0,0.0,0.0,2.0,27.225277777777777,17.985,34.135000000000005,17.79,2.376111111111111,49.720000000000006,0.9247,27.267658333333337,0.27791666666666665,0.9295,0.8143958333333333,0.0006164649077836122,3,0.002778438229082206,12,0.0028020759943733434,12,0.00018306592,1,0.0006164649077836122,3,169
520425,CACHOEIRA DOURADA,8171.0,0.0018927564211761,1.0,0.0,0.0,2.0,27.416805555555555,17.634999999999998,34.239999999999995,19.485,2.0805555555555557,49.45,2.6141,10.307445833333334,2.4170708333333337,0.9436291666666665,3.841025,0.000580301593568574,5,0.0019384259065868097,16,0.003317510353265938,27,0.00010597023,1,0.000580301593568574,5,170
520455,CALDAZINHA,4024.0,0.003525247824922,1.0,0.0,0.0,2.0,24.767083333333332,15.465,31.490000000000002,17.96,2.3722222222222222,52.89222222222222,0.0744,26.199716666666667,0.0242833333333333,0.4618041666666666,0.1095208333333333,0.0005799104106060298,2,0.0037883871119359525,15,0.001785440769453731,7,0.00013233059,1,0.0005799104106060298,2,171
521971,SANTO ANTONIO DA BARRA,4456.0,0.0034545178184029,1.0,0.0,0.0,2.0,27.157638888888886,17.060000000000002,33.775,20.185,2.1330555555555555,49.66444444444445,1.6359,11.771325000000001,8.514529166666666,0.4640916666666667,0.464675,0.0005664721626084322,3,0.002329972103222801,10,0.002111136193549162,9,0.00015585947,1,0.0005664721626084322,3,172
520810,FORMOSO,4836.0,0.0063349131641331,1.0,0.0,0.0,2.0,29.135,19.69,36.705,18.22,2.4616666666666664,47.43444444444445,0.1246,53.608774999999994,0.01632499999999995,0.25382916666666666,0.0578125,0.0005586858083246131,3,0.0033678467956227416,16,0.002513743965012014,12,0.00014659652,1,0.0005586858083246131,3,173
520753,FAINA,7203.0,0.0083895435144402,1.0,0.0,0.0,2.0,29.367361111111112,19.845,36.415000000000006,18.735,2.3041666666666663,47.98222222222222,0.1333,39.45837916666667,0.0730333333333333,0.087975,0.07069583333333329,0.0005327899808043033,4,0.0023962317757078157,17,0.0028075860554237697,20,0.00029276707,2,0.0005327899808043033,4,174
520380,BRITANIA,5718.0,0.0078618450603132,1.0,0.0,0.0,2.0,30.274444444444445,20.075000000000003,37.599999999999994,19.744999999999997,1.9949999999999997,46.263333333333335,0.3207,25.9056,2.3959583333333336,0.3913041666666667,2.3266,0.0005194400472950262,3,0.001914877255065644,11,0.003540576095175058,20,0.00030593606,2,0.0005194400472950262,3,175
522155,TURVELANDIA,4843.0,0.0030321223036852,1.0,0.0,0.0,2.0,27.070138888888888,16.95,33.87,20.05,2.025138888888889,49.31222222222223,1.039,7.746025,7.126420833333333,0.2913125,2.0093625,0.0004682638952014273,2,0.0024081074878167406,12,0.002106129895545101,10,0.00013498189,1,0.0004682638952014273,2,176
520465,CAMPINACU,3766.0,0.0040093980289799,1.0,0.0,0.0,2.0,28.304166666666667,18.665,35.845,18.46,2.4976388888888885,47.96222222222223,1.0993,62.518704166666666,0.17082916666666664,0.1884416666666667,11.261079166666665,0.00044310989595251803,2,0.0016844845625402095,6,0.006825156871023669,26,5.9891972e-05,0,0.00044310989595251803,2,177
521980,SAO DOMINGOS,10716.0,0.0044937761200736,1.0,0.0,0.0,2.0,26.761944444444442,17.634999999999998,33.45,17.16,2.1068055555555554,48.121111111111105,2.167,41.21273333333333,7.356141666666666,0.360975,0.22792499999999993,0.0004356007589904242,5,0.002492544400878231,27,0.0018682963935509709,20,0.00018384184,2,0.0004356007589904242,5,178
520725,DOVERLANDIA,7492.0,0.004282510915872,1.0,0.0,0.0,2.0,27.397916666666667,18.155,33.525,17.955,2.030972222222222,48.144444444444446,0.0609,31.71030833333333,2.3868333333333336,0.09750833333333325,0.3091541666666666,0.0004311406035180532,3,0.0019237500934949894,14,0.0018447117439185417,14,9.726277e-05,1,0.0004311406035180532,3,179
520750,ESTRELA DO NORTE,3322.0,0.0046264168401572,1.0,0.0,0.0,2.0,29.243472222222223,19.845,36.275000000000006,18.104999999999997,2.315833333333333,48.65555555555556,0.0646,38.09173333333334,0.00722499999999995,0.5799291666666666,0.33785,0.00040929463931907103,1,0.002100468120448345,7,0.0022089013863969787,7,0.00012506152,0,0.00040929463931907103,1,180
520915,GOUVELANDIA,4755.0,0.0033610282057487,1.0,0.0,0.0,2.0,28.12388888888889,18.115000000000002,34.8,19.605,1.9775,48.19888888888889,1.2669,5.297924999999999,3.09165,0.2449375,11.764170833333333,0.00039181733198742863,2,0.001001221660692646,5,0.0023970080644230797,11,6.4340304e-05,0,0.00039181733198742863,2,181
521470,NOVA AMERICA,2333.0,0.0063742175647939,1.0,0.0,0.0,2.0,28.37097222222222,19.17,35.790000000000006,18.54,2.0902777777777777,48.574444444444445,0.1074,26.825679166666667,0.0037333333333333003,0.3169,0.0251625,0.0003898024022990743,1,0.0035586842462216957,8,0.0023870716155337613,6,8.871582e-05,0,0.0003898024022990743,1,182
520790,FLORES DE GOIAS,13304.0,0.0033023442320347,1.0,0.0,0.0,2.0,28.324305555555554,17.564999999999998,36.019999999999996,19.725,1.965833333333333,47.18333333333334,1.072,36.46630416666666,2.0858375000000002,0.12030416666666666,0.35415833333333335,0.0003591147329616647,5,0.003015051262626245,40,0.0015165971637742682,20,7.452397e-05,1,0.0003591147329616647,5,183
520017,AGUA FRIA DE GOIAS,5162.0,0.0029890540839445,1.0,0.0,0.0,2.0,26.441388888888888,16.455,34.3,19.275,1.847222222222222,49.27000000000001,1.5607,53.631879166666664,2.058325,0.28266250000000004,0.9661166666666665,0.0003356216571987748,2,0.004417032997868983,23,0.0015552707236345933,8,8.3352716e-05,0,0.0003356216571987748,2,184
521295,MATRINCHA,4301.0,0.0036553715685199,1.0,0.0,0.0,2.0,29.367361111111112,19.845,36.415000000000006,18.735,2.3041666666666663,47.98222222222222,0.0769,27.7894,0.6281,0.1163,0.7685833333333334,0.0002809061852523552,1,0.0022330536277826996,10,0.0019598633808780566,8,6.800709e-05,0,0.0002809061852523552,1,185
521483,NOVA CRIXAS,12684.0,0.0081896047664219,1.0,0.0,0.0,2.0,30.341666666666665,20.795,37.705,18.535,1.98625,47.11333333333334,0.262,28.6036,2.2895875,0.09845,1.1067,0.0002272164573881048,3,0.001980286069892725,25,0.0038690359277249904,49,0.00030664614,4,0.0002272164573881048,3,186
521560,PADRE BERNARDO,32498.0,0.0004372731645458,1.0,0.0,0.0,2.0,25.96138888888889,16.33,33.015,18.195,2.043611111111111,49.83222222222222,2.6192,49.35790416666667,0.8312416666666667,0.8720749999999999,0.31825000000000003,0.00017097845257313957,6,0.0030378212236034665,99,0.0021003340710754478,68,1.07338e-05,0,0.00017097845257313957,6,187
521839,PROFESSOR JAMIL,3602.0,0.0,1.0,0.0,0.0,2.0,26.456944444444446,16.810000000000002,33.32,19.130000000000003,2.361527777777778,51.3088888888889,0.2031,25.599400000000003,0.49219166666666664,0.5915666666666666,0.23479166666666665,2.0166744184698307e-05,0,0.0031543689789066552,11,0.0015243910710722702,5,1.4980255e-06,0,2.0166744184698307e-05,0,188
521990,SAO FRANCISCO DE GOIAS,6438.0,0.0,1.0,0.0,0.0,2.0,26.24111111111111,17.155,32.89,17.564999999999998,2.415,51.18,0.4786,23.932108333333332,0.00957499999999995,0.6639708333333334,0.16190416666666663,1.784680547501544e-05,0,0.002867103817456139,18,0.0015931078505903703,10,1.2234646e-06,0,1.784680547501544e-05,0,189
521200,JAUPACI,3009.0,0.0,1.0,0.0,0.0,2.0,28.71152777777778,18.995,35.34,19.525,2.2895833333333333,49.27555555555556,0.7993,33.999070833333334,0.1169833333333333,0.30325,0.5314333333333333,1.6868126727384593e-05,0,0.0018412379338889247,6,0.0012374017167784226,4,5.5251206e-07,0,1.6868126727384593e-05,0,190
522028,SAO PATRICIO,2121.0,0.0,1.0,0.0,0.0,2.0,27.29611111111111,18.15,34.215,18.125,2.37125,50.60111111111112,0.447,12.4241,0.0479166666666666,0.2867,0.0984,1.621454610257686e-05,0,0.0029290475046967403,6,0.0017588046496074452,4,8.1382643e-07,0,1.621454610257686e-05,0,191
521340,MOIPORA,1747.0,0.0,1.0,0.0,0.0,2.0,27.44027777777778,18.07,34.230000000000004,19.130000000000003,2.338194444444444,50.69555555555556,0.2624,32.85302083333333,0.0735083333333333,0.1678708333333333,0.28864166666666663,1.5804937479021993e-05,0,0.0026729607068773707,5,0.0013069342820540022,2,8.530642e-07,0,1.5804937479021993e-05,0,192
520355,BONFINOPOLIS,9121.0,0.0,1.0,0.0,0.0,2.0,24.767083333333332,15.465,31.490000000000002,17.96,2.3722222222222222,52.89222222222222,0.3078,25.8002125,0.0499,2.8793958333333336,0.2533,1.5710616632646596e-05,0,0.0035505565920836567,32,0.0034210353722982935,31,1.7487306e-06,0,1.5710616632646596e-05,0,193
520850,GOIANDIRA,5241.0,0.0,1.0,0.0,0.0,2.0,26.05013888888889,16.395000000000003,33.6,19.435000000000002,1.9775,50.95333333333334,0.0256,28.31491666666667,0.04275416666666665,0.3405333333333333,1.1651833333333332,1.566277256139568e-05,0,0.0045591547427176905,24,0.0014269017948783903,7,1.4766233e-06,0,1.566277256139568e-05,0,194
521500,NOVA VENEZA,9070.0,0.0,1.0,0.0,0.0,2.0,25.945138888888888,17.115000000000002,32.67,17.955,2.38,51.63777777777778,0.2309,20.0377,0.0009333333333333,2.0881958333333337,0.1845083333333333,1.5523017508745024e-05,0,0.0034938125206901475,32,0.003459132248017568,31,1.4490823e-06,0,1.5523017508745024e-05,0,195
520360,BRAZABRANTES,3708.0,0.0,1.0,0.0,0.0,2.0,25.945138888888888,17.115000000000002,32.67,17.955,2.38,51.63777777777778,0.3311,16.718183333333336,0.22176249999999997,1.3325291666666668,0.33471666666666666,1.548095249906911e-05,0,0.0034725891063563264,13,0.0035207000679168886,13,1.9811575e-06,0,1.548095249906911e-05,0,196
521205,JESUPOLIS,2232.0,0.0,1.0,0.0,0.0,2.0,26.24111111111111,17.155,32.89,17.564999999999998,2.415,51.18,0.6124,18.778879166666666,0.0045,0.8226208333333334,0.11206250000000001,1.502027409946659e-05,0,0.002885173497498557,6,0.0023791523783681045,5,1.5647947e-06,0,1.502027409946659e-05,0,197
521950,SANTA ROSA DE GOIAS,2924.0,0.0,1.0,0.0,0.0,2.0,26.24111111111111,17.155,32.89,17.564999999999998,2.415,51.18,1.9115,17.857975000000003,0.0574,0.5177541666666667,0.36277916666666665,1.4930209592360041e-05,0,0.002684157432427247,8,0.0013896487944892071,4,1.4504539e-06,0,1.4930209592360041e-05,0,198
520015,ADELANDIA,2431.0,0.0,1.0,0.0,0.0,2.0,26.64138888888889,17.595,33.44,18.47,2.364444444444444,51.1,0.3511,10.6620625,0.0171,0.6404208333333334,0.1931208333333333,1.4928046525029182e-05,0,0.0033032712146829346,8,0.0019403282253593378,5,1.277169e-06,0,1.4928046525029182e-05,0,199
521230,LEOPOLDO DE BULHOES,8325.0,0.0,1.0,0.0,0.0,2.0,24.767083333333332,15.465,31.490000000000002,17.96,2.3722222222222222,52.89222222222222,0.2592,24.506237499999997,0.0606583333333333,0.7224791666666668,0.16398333333333331,1.4603008385767828e-05,0,0.0036265096912593353,30,0.0025123364100379264,21,1.406119e-06,0,1.4603008385767828e-05,0,200
521390,MOSSAMEDES,4901.0,0.0,1.0,0.0,0.0,2.0,26.86402777777778,18.03,33.44,17.535,2.446111111111111,50.82666666666667,2.2451,20.363866666666667,3.5023791666666666,0.22466249999999993,0.144275,1.4378484899772206e-05,0,0.0023960058407644373,12,0.0013391901196609397,7,7.514629e-07,0,1.4378484899772206e-05,0,201
520120,ANHANGUERA,986.0,0.0,1.0,0.0,0.0,2.0,26.074722222222224,16.8,33.005,17.505,1.9940277777777775,51.60444444444444,0.0259,25.1987375,0.0046625,0.8730375000000001,4.828991666666667,1.411553503079336e-05,0,0.002078369785017845,2,0.002615102330919704,3,1.2645631e-06,0,1.411553503079336e-05,0,202
521645,PEROLANDIA,3020.0,0.0,1.0,0.0,0.0,2.0,26.13111111111111,16.725,32.345,18.92,2.069861111111111,50.878888888888895,0.5999,16.57945,3.0785583333333335,0.2811916666666666,0.0606458333333333,1.3922866980450437e-05,0,0.00233091164254757,7,0.001406421430973354,4,9.310886e-07,0,1.3922866980450437e-05,0,203
522190,VARJAO,3778.0,0.0,1.0,0.0,0.0,2.0,26.372916666666665,17.115000000000002,33.335,18.784999999999997,2.4120833333333334,51.36333333333334,0.236,28.09766666666666,2.2924083333333334,0.1847083333333333,0.1507583333333333,1.3796635050545414e-05,0,0.003606342602343408,14,0.001415760385088332,5,1.2716717e-06,0,1.3796635050545414e-05,0,204
520082,AMARALINA,3431.0,0.0,1.0,0.0,0.0,2.0,29.243472222222223,19.845,36.275000000000006,18.104999999999997,2.315833333333333,48.65555555555556,0.1709,34.32223333333333,0.10401666666666665,0.06404166666666665,0.3558875,1.3719387338002633e-05,0,0.0020164055474936756,7,0.0014585765944919865,5,5.37988e-07,0,1.3719387338002633e-05,0,205
521480,NOVA AURORA,2141.0,0.0,1.0,0.0,0.0,2.0,26.05013888888889,16.395000000000003,33.6,19.435000000000002,1.9775,50.95333333333334,0.0085,19.88215833333333,0.061325,0.21896249999999995,2.2710875,1.366801569783192e-05,0,0.004314032175858027,9,0.0014533284663572777,3,1.2827511e-06,0,1.366801569783192e-05,0,206
520815,GAMELEIRA DE GOIAS,3401.0,0.0,1.0,0.0,0.0,2.0,24.767083333333332,15.465,31.490000000000002,17.96,2.3722222222222222,52.89222222222222,0.0586,23.837533333333333,0.3467291666666667,0.2794625,0.0691583333333333,1.358301701085179e-05,0,0.0036865455091813853,13,0.0014317851492704617,5,9.610202e-07,0,1.358301701085179e-05,0,207
520020,AGUA LIMPA,1959.0,0.0,1.0,0.0,0.0,2.0,26.696805555555557,17.39,33.515,18.244999999999997,2.230277777777778,51.24444444444445,0.0039,17.195675,0.4993708333333333,0.1255833333333333,5.9463333333333335,1.3517597794651402e-05,0,0.0019353197149800032,4,0.0016684391791224262,3,1.403366e-06,0,1.3517597794651402e-05,0,208
520480,CAMPO ALEGRE DE GOIAS,6992.0,0.0,1.0,0.0,0.0,2.0,25.265,15.55,32.575,19.37,1.9016666666666666,50.965555555555554,0.1669,31.2666875,2.5345125,0.4122291666666667,1.5582416666666665,1.34917811132377e-05,0,0.004317707765744784,30,0.0017211294098331473,12,1.0297812e-06,0,1.34917811132377e-05,0,209
521540,OURO VERDE DE GOIAS,4100.0,0.0,1.0,0.0,0.0,2.0,26.24111111111111,17.155,32.89,17.564999999999998,2.415,51.18,0.2052,18.3618625,0.0,0.5210625,0.1558208333333333,1.342791738855474e-05,0,0.002937091031707802,12,0.0014524868512762613,6,1.6103702e-06,0,1.342791738855474e-05,0,210
521030,ISRAELANDIA,2758.0,0.0,1.0,0.0,0.0,2.0,27.44027777777778,18.07,34.230000000000004,19.130000000000003,2.338194444444444,50.69555555555556,0.428,35.638975,0.21128749999999996,0.256225,0.5714791666666668,1.3416135993336919e-05,0,0.002586502122951628,7,0.001177524010969601,3,6.7671436e-07,0,1.3416135993336919e-05,0,211
521486,NOVA GLORIA,8633.0,0.0,1.0,0.0,0.0,2.0,27.560138888888886,18.314999999999998,34.235,17.975,2.26625,49.800000000000004,2.3808,13.54485,0.0801166666666666,0.8985041666666667,1.2627291666666667,1.3176863793705767e-05,0,0.002004474822510057,17,0.003007117993880461,26,9.544614e-07,0,1.3176863793705767e-05,0,212
522005,SAO JOAO DA PARAUNA,1781.0,0.0,1.0,0.0,0.0,2.0,26.751805555555556,17.025,32.72,19.435000000000002,2.1787499999999995,50.097777777777786,0.4535,9.915745833333332,0.4016499999999999,0.29908749999999995,0.43419166666666664,1.3085380083078801e-05,0,0.0019347762134569154,3,0.001693866009396011,3,9.576223e-07,0,1.3085380083078801e-05,0,213
521550,OUVIDOR,6486.0,0.0,1.0,0.0,0.0,2.0,25.394166666666667,15.84,32.93,18.939999999999998,1.9454166666666666,51.742222222222225,0.0514,25.63725833333333,1.8046791666666666,4.137012500000001,2.449329166666667,1.2769979046756296e-05,0,0.004207132670441013,27,0.00325730442671375,21,1.5656202e-06,0,1.2769979046756296e-05,0,214
522220,VILA BOA,4562.0,0.0,1.0,0.0,0.0,2.0,27.075555555555557,16.795,35.03,19.634999999999998,1.8258333333333332,48.56888888888889,3.0451,45.314949999999996,2.7831166666666665,0.3347458333333333,0.30237916666666664,1.251284507750165e-05,0,0.0039111758816211435,18,0.0011976866840032103,5,7.00691e-07,0,1.251284507750165e-05,0,215
520396,BURITINOPOLIS,3291.0,0.0,1.0,0.0,0.0,2.0,26.851527777777775,17.05,33.74,17.645,1.9794444444444441,47.282222222222224,0.1031,32.97594166666667,0.109375,0.47014999999999996,0.47196666666666665,1.212275023127812e-05,0,0.0027651515256638484,9,0.0012453012570022256,4,1.1911621e-06,0,1.212275023127812e-05,0,216
522205,VICENTINOPOLIS,8259.0,0.0,1.0,0.0,0.0,2.0,27.686111111111114,17.395,34.415,20.09,2.183611111111111,49.28,0.4577,9.027175,5.261866666666666,0.6256958333333333,0.8354875,1.2087685905309683e-05,0,0.002201932088768815,18,0.0019002992543059622,16,9.289555e-07,0,1.2087685905309683e-05,0,217
520460,CAMPESTRE DE GOIAS,3631.0,0.0,1.0,0.0,0.0,2.0,27.13791666666667,17.41,33.775000000000006,19.75,2.240972222222222,50.36555555555555,0.0719,27.820779166666668,0.41717499999999996,0.2896333333333333,0.17377916666666665,1.1977347540343085e-05,0,0.0026499101282579066,10,0.0013064436423326719,5,7.3099824e-07,0,1.1977347540343085e-05,0,218
521270,MAMBAI,7697.0,0.0,1.0,0.0,0.0,2.0,26.851527777777775,17.05,33.74,17.645,1.9794444444444441,47.282222222222224,0.4758,67.4377,19.1664375,1.1914166666666666,0.5818,1.1660132775377912e-05,0,0.0021572103066440505,17,0.004908541587895362,38,9.4418215e-07,0,1.1660132775377912e-05,0,219
522230,VILA PROPICIO,5619.0,0.0,1.0,0.0,0.0,2.0,28.001944444444447,18.244999999999997,35.495,18.21,2.263333333333333,47.67555555555556,3.2581,42.82212083333333,0.9271541666666665,0.2569041666666666,0.41337916666666663,1.1212434725810128e-05,0,0.0028805589380498666,16,0.0012080237070867634,7,4.954859e-07,0,1.1212434725810128e-05,0,220
521935,SANTA ISABEL,3652.0,0.0,1.0,0.0,0.0,2.0,27.560138888888886,18.314999999999998,34.235,17.975,2.26625,49.800000000000004,2.6953,19.905675000000002,0.055725,0.19783749999999994,0.734,1.1148828152821065e-05,0,0.002028828857538345,7,0.001487308485772954,5,5.2784054e-07,0,1.1148828152821065e-05,0,221
521350,MONTE ALEGRE DE GOIAS,7340.0,0.0,1.0,0.0,0.0,2.0,28.435694444444444,18.130000000000003,35.94,18.995,2.0902777777777777,46.99444444444445,4.5989,61.21805416666666,3.1910291666666666,0.132625,0.3133083333333333,1.107697807564832e-05,0,0.0022495111938113945,17,0.001247755486791341,9,5.7054723e-07,0,1.107697807564832e-05,0,222
520690,DAVINOPOLIS,2028.0,0.0,1.0,0.0,0.0,2.0,25.394166666666667,15.84,32.93,18.939999999999998,1.9454166666666666,51.742222222222225,0.0157,33.3816375,1.1801125,0.233675,1.4033958333333334,1.1076268243322347e-05,0,0.004557543093526492,9,0.001384298845136682,3,9.005609e-07,0,1.1076268243322347e-05,0,223
520980,HIDROLINA,3844.0,0.0,1.0,0.0,0.0,2.0,28.62027777777778,19.25,35.19499999999999,18.215,2.243888888888889,48.885555555555555,0.4096,35.5398125,0.21378750000000002,0.19644583333333332,0.3878,1.0990360728708451e-05,0,0.001756747853903229,7,0.0013096881334788526,5,4.5130858e-07,0,1.0990360728708451e-05,0,224
520080,ALVORADA DO NORTE,8521.0,0.0,1.0,0.0,0.0,2.0,28.324305555555554,17.564999999999998,36.019999999999996,19.725,1.965833333333333,47.18333333333334,2.719,40.9557375,4.783841666666667,0.6096125,0.43795,1.0549632438719291e-05,0,0.0026106448615473917,22,0.0013525326613161367,12,6.9380286e-07,0,1.0549632438719291e-05,0,225
521525,NOVO PLANALTO,3896.0,0.0,1.0,0.0,0.0,2.0,29.839861111111112,20.6,37.11,17.935000000000002,2.3858333333333333,49.06111111111111,0.0949,32.50875833333333,0.3036,0.16882499999999995,0.4252,1.0167986850951433e-05,0,0.0020155001254983235,8,0.0019389133534369223,8,6.853524e-07,0,1.0167986850951433e-05,0,226
521945,SANTA RITA DO NOVO DESTINO,2943.0,0.0,1.0,0.0,0.0,2.0,28.001944444444447,18.244999999999997,35.495,18.21,2.263333333333333,47.67555555555556,1.565,40.36195416666667,0.33261666666666667,0.3117,2.542295833333333,1.0045967978163874e-05,0,0.0027291896364133334,8,0.0013189958345990007,4,5.186234e-07,0,1.0045967978163874e-05,0,227
522108,TERESINA DE GOIAS,2908.0,0.0,1.0,0.0,0.0,2.0,27.346805555555555,17.845,34.480000000000004,18.205,2.2293055555555554,48.24666666666667,1.6393,80.76942500000001,6.467158333333333,0.2343,0.1876875,9.831896495090856e-06,0,0.0027174376445796315,8,0.00115749142787824,3,4.3776967e-07,0,9.831896495090856e-06,0,228
521940,SANTA RITA DO ARAGUAIA,6486.0,0.0,1.0,0.0,0.0,2.0,26.25625,17.035,32.24,18.21,2.0824999999999996,49.85111111111112,0.0826,35.440537500000005,3.5601208333333334,0.25260416666666663,0.277175,9.629256220407028e-06,0,0.0020224149733181107,13,0.0012177553224748904,8,9.495378e-07,0,9.629256220407028e-06,0,229
520530,CAVALCANTE,9811.0,0.0,1.0,0.0,0.0,2.0,27.346805555555555,17.845,34.480000000000004,18.205,2.2293055555555554,48.24666666666667,9.2002,79.45359583333334,12.137066666666666,0.10234999999999994,1.0137375,9.466308328912192e-06,0,0.00175308123016829,17,0.0012882048430033796,13,5.955586e-07,0,9.466308328912192e-06,0,230
521280,MARA ROSA,10972.0,0.0,1.0,0.0,0.0,2.0,29.243472222222223,19.845,36.275000000000006,18.104999999999997,2.315833333333333,48.65555555555556,0.0633,32.92568333333334,0.1446,0.23397916666666665,0.1886708333333333,9.41706887934721e-06,0,0.0020515932481800308,23,0.0014356812504007427,16,4.433716e-07,0,9.41706887934721e-06,0,231
522145,TROMBAS,3349.0,0.0,1.0,0.0,0.0,2.0,29.135,19.69,36.705,18.22,2.4616666666666664,47.43444444444445,0.6499,50.66419583333334,0.37373333333333336,0.17528749999999996,0.2599958333333333,9.409904371851601e-06,0,0.0030660784161158305,10,0.0015068511372203924,5,5.7915855e-07,0,9.409904371851601e-06,0,232
521878,RIO QUENTE,3671.0,0.0,1.0,0.0,0.0,2.0,26.696805555555557,17.39,33.515,18.244999999999997,2.230277777777778,51.24444444444445,0.0276,39.63965416666666,0.1275,0.9410916666666667,0.1961,9.243566151551305e-06,0,0.002698226508394725,10,0.0022183502510097547,8,9.605997e-07,0,9.243566151551305e-06,0,233
522130,TRES RANCHOS,2933.0,0.0,1.0,0.0,0.0,2.0,25.39236111111111,15.89,32.3,18.025,2.0513888888888885,52.342222222222226,0.0821,17.218720833333332,0.6528624999999999,1.1049333333333333,25.02470833333333,9.237317811569392e-06,0,0.0006222788223860154,2,0.0030709267801150492,9,1.6545032e-06,0,9.237317811569392e-06,0,234
520310,BALIZA,3552.0,0.0,1.0,0.0,0.0,2.0,27.731250000000003,18.345,33.595,17.990000000000002,2.030972222222222,48.04333333333333,0.782,50.00857083333334,4.2738125,0.19604166666666667,0.3560958333333333,8.927395464886052e-06,0,0.0013201212388770248,5,0.001351688864761323,5,5.3034427e-07,0,8.927395464886052e-06,0,235
520420,CACHOEIRA DE GOIAS,1446.0,0.0,1.0,0.0,0.0,2.0,27.44027777777778,18.07,34.230000000000004,19.130000000000003,2.338194444444444,50.69555555555556,0.1955,31.6431,1.1605166666666666,0.2879166666666666,0.02012499999999995,8.919222146377638e-06,0,0.002709242773394425,4,0.0012052698556619128,2,6.263505e-07,0,8.919222146377638e-06,0,236
521690,PILAR DE GOIAS,2529.0,0.0,1.0,0.0,0.0,2.0,28.62027777777778,19.25,35.19499999999999,18.215,2.243888888888889,48.885555555555555,0.1121,38.0065625,0.0834708333333333,0.1129,0.14945416666666667,8.73077055010961e-06,0,0.00180273391974402,5,0.0012377513499801174,3,4.685707e-07,0,8.73077055010961e-06,0,237
522157,UIRAPURU,2917.0,0.0,1.0,0.0,0.0,2.0,30.024444444444445,20.525,37.370000000000005,18.455,2.017361111111111,47.470000000000006,0.1748,35.11989583333333,0.02343749999999995,0.09667916666666665,0.4739,8.524837815595936e-06,0,0.0020235354134936147,6,0.0019117171307744768,6,5.308599e-07,0,8.524837815595936e-06,0,238
520940,GUARANI DE GOIAS,4298.0,0.0,1.0,0.0,0.0,2.0,26.545416666666668,17.02,33.614999999999995,17.795,2.0193055555555555,48.17777777777778,1.0114,40.2592375,5.396766666666666,0.29519166666666663,0.01503749999999995,8.211715117511209e-06,0,0.003182293627659808,14,0.001217199521811242,5,5.4422844e-07,0,8.211715117511209e-06,0,239
521490,NOVA ROMA,3319.0,0.0,1.0,0.0,0.0,2.0,27.804722222222225,17.37,35.235,19.475,2.020277777777778,47.89000000000001,1.0337,66.9766875,2.7245,0.076575,0.4489,8.119407731698239e-06,0,0.0027123836257936353,9,0.001175465714705842,4,3.6947492e-07,0,8.119407731698239e-06,0,240
522070,SITIO D'ABADIA,2959.0,0.0,1.0,0.0,0.0,2.0,26.281944444444445,16.490000000000002,33.3,18.035,1.81125,47.77444444444444,0.92,44.92634583333333,13.975070833333334,0.7085166666666667,0.0282625,7.916526143518429e-06,0,0.002832147922251415,8,0.002688223082754931,8,7.1235274e-07,0,7.916526143518429e-06,0,241
520945,GUARINOS,2279.0,0.0,1.0,0.0,0.0,2.0,29.51125,20.185,36.985,18.545,2.004722222222222,47.33444444444445,0.2358,40.43642916666666,0.2037333333333333,0.12099166666666665,0.1222333333333333,7.873583204256388e-06,0,0.0026449897515650527,6,0.0014337648532207715,3,4.875479e-07,0,7.873583204256388e-06,0,242
521305,MIMOSO DE GOIAS,2701.0,0.0,1.0,0.0,0.0,2.0,26.346666666666668,16.71,33.605000000000004,18.145,1.9920833333333332,49.02777777777778,9.3544,55.35087083333333,0.2702583333333334,0.08178333333333329,0.39379166666666665,7.51161248239661e-06,0,0.002359561859595234,6,0.0012525834451053487,3,6.687169e-07,0,7.51161248239661e-06,0,243
521377,MONTIVIDIU DO NORTE,3998.0,0.0,1.0,0.0,0.0,2.0,29.516805555555557,20.415,37.015,18.215,2.4334722222222225,48.36,0.4878,48.021025,0.2732,0.09947499999999995,0.34928333333333333,7.393834654887765e-06,0,0.002743802710739894,11,0.001836878904798222,7,4.3326946e-07,0,7.393834654887765e-06,0,244
521810,PORTELANDIA,3589.0,0.0,1.0,0.0,0.0,2.0,26.13111111111111,16.725,32.345,18.92,2.069861111111111,50.878888888888895,0.042,28.389508333333332,2.1844,0.5184875,0.023720833333333302,7.3370921525058e-06,0,0.00235723940540184,8,0.0013896897741336538,5,8.0087614e-07,0,7.3370921525058e-06,0,245
520357,BONOPOLIS,3446.0,0.0,1.0,0.0,0.0,2.0,30.03402777777778,20.595,37.58,18.11,2.0931944444444444,48.21666666666667,0.2778,33.041695833333335,0.3775208333333333,0.08795,0.9767083333333334,6.313095033225341e-06,0,0.0020291006046497233,7,0.0018166757541953722,6,6.202417e-07,0,6.313095033225341e-06,0,246
