rank_real,rank_modelo,diferenca_rank,cod_mun,municipio,srag_taxa_casos_median,pred_atemporal,fogo_pct_territorio,mapbiomas_pct_farming,mapbiomas_pct_forest,mapbiomas_pct_non_forest_natural,mapbiomas_pct_non_vegetated,mapbiomas_pct_water,meteo_precipitacao,meteo_temp_amplitude,meteo_temp_max,meteo_temp_media,meteo_temp_min,meteo_umidade,pct_pop_60mais,pct_pop_menor12
1,20,19,521450,NEROPOLIS,0.18513705288337878,0.012709273025393486,1.58735,70.50770833333334,23.681541666666664,0.1321,3.9323833333333327,1.7914166666666667,3.0,17.955,32.67,23.634999999999998,17.115000000000002,69.19999999999999,12.1,17.4
2,6,4,520110,ANAPOLIS,0.13453456042511547,0.029707839712500572,1.0813000000000001,64.91998333333333,22.03050833333333,0.1003708333333333,12.715204166666666,0.23384166666666667,2.85,17.96,31.490000000000002,22.73,15.465,69.9,13.649999999999999,16.3
3,1,2,520870,GOIANIA,0.11808518224636999,0.08468817919492722,1.53935,40.46035833333333,16.583458333333333,0.6034208333333333,41.216350000000006,1.0566,3.0,17.955,32.67,23.634999999999998,17.115000000000002,69.19999999999999,14.45,14.6
4,16,12,520140,APARECIDA DE GOIANIA,0.1085941057073672,0.013893620111048222,0.5263,31.229658333333333,17.375445833333334,2.2654916666666667,49.05973333333333,0.06967083333333329,2.8,18.784999999999997,33.335,24.235,17.115000000000002,67.8,10.0,17.05
5,9,4,520450,CALDAS NOVAS,0.10326317006930705,0.022856011986732483,0.048,60.59551666666667,33.490345833333336,0.2796458333333333,3.294220833333333,2.3184,2.5,18.244999999999997,33.515,24.645,17.39,67.55000000000001,12.8,16.6
6,126,120,521880,RIO VERDE,0.058160262535639454,0.002346256049349904,0.45694999999999997,79.31102916666666,15.257275,4.4451833333333335,0.8396375,0.14687916666666664,2.45,19.275,32.185,23.465,15.735,65.94999999999999,10.3,17.3
7,110,103,521020,IPORA,0.054419601178797405,0.002737136324867606,0.7202999999999999,73.44689166666666,24.428325,0.050629166666666656,1.84945,0.23552916666666662,2.6,17.97,33.620000000000005,25.035,18.205,60.7,18.8,14.1
8,162,154,521190,JATAI,0.047078406203223455,0.0014369454002007842,0.4749,77.8425125,17.3891875,3.9827541666666666,0.5875375,0.1954,2.6500000000000004,19.915,32.900000000000006,24.07,16.325000000000003,65.8,13.350000000000001,16.4
9,33,24,521090,ITAPACI,0.046278105851144655,0.007940353825688362,0.5175,65.44559583333333,33.37675,0.1655333333333333,0.6958458333333333,0.3162708333333333,2.55,17.975,34.235,25.045,18.314999999999998,68.25,14.45,16.2
10,68,58,522160,URUACU,0.0460278397967456,0.004374335985630751,2.1234,53.3790625,38.688429166666666,0.2343,0.9815,7.677945833333334,2.5,18.215,35.19499999999999,26.03,19.25,65.75,14.850000000000001,15.95
11,53,42,520510,CATALAO,0.045744016117357456,0.005089086014777422,0.1335,67.78282916666666,24.209516666666666,2.364720833333333,1.47835,4.2645625,1.9,18.939999999999998,32.93,23.335,15.84,66.8,13.1,15.4
12,17,5,520540,CERES,0.0444266843849707,0.013767432421445847,1.3933499999999999,86.227125,9.836129166666666,0.0166,3.2106,0.7226083333333333,2.7,17.79,34.135000000000005,24.79,17.985,68.4,17.8,13.9
13,232,219,521710,PIRACANJUBA,0.0396031843893179,0.0005383475800044835,0.247,78.8948875,20.038062500000002,0.35762083333333333,0.35878333333333334,0.35119583333333326,2.6,19.16,33.504999999999995,23.91,16.465,67.35,20.95,13.3
14,90,76,521730,PIRENOPOLIS,0.0375551963363944,0.003493393072858453,1.4035,46.444158333333334,51.79314166666666,1.3188875,0.3771625,0.06672916666666664,2.9000000000000004,17.445,31.835,22.77,15.8,69.80000000000001,16.8,15.149999999999999
15,37,22,521000,INHUMAS,0.03743495897907905,0.007074093446135521,0.7603,81.78275,15.226404166666665,0.066375,2.6237,0.30036666666666667,3.0,17.955,32.67,23.634999999999998,17.115000000000002,69.19999999999999,16.5,14.5
16,35,19,521150,ITUMBIARA,0.036758126298519656,0.007536801043897867,2.5893,80.53415416666667,11.7773875,1.6904124999999999,1.7151666666666667,4.2966,2.55,19.485,34.239999999999995,25.1,17.634999999999998,63.9,15.45,15.5
17,156,139,521310,MINEIROS,0.0278161130645061,0.001539532677270472,3.332,54.8653625,31.1690125,13.529933333333332,0.37762083333333335,0.05759999999999995,2.55,18.92,32.345,23.93,16.725,65.45,11.2,18.0
18,25,7,520860,GOIANESIA,0.02665693774772815,0.010222671553492546,2.6326,71.1748,26.6568625,0.1225875,1.7171708333333333,0.3205,2.7,17.79,34.135000000000005,24.79,17.985,68.4,13.1,16.1
19,91,72,521930,SANTA HELENA DE GOIAS,0.0254796640239179,0.0034276177175343037,0.99055,87.421425,7.2291,3.0716791666666667,1.2494375,1.0276291666666668,2.55,20.05,33.87,24.725,16.95,61.15,16.25,15.1
20,175,155,521890,RUBIATABA,0.02482498386376045,0.0011868772562593222,0.5541,79.24262916666666,19.778329166666666,0.0386125,0.8291166666666667,0.11106250000000001,2.25,18.54,35.790000000000006,25.735,19.17,64.44999999999999,17.35,14.2
21,27,6,521180,JARAGUA,0.021610174799095,0.009932811371982098,0.7383500000000001,68.51152916666666,30.366279166666665,0.0766166666666666,0.7460374999999999,0.2999333333333333,2.7,17.79,34.135000000000005,24.79,17.985,68.4,14.1,15.649999999999999
22,5,17,522140,TRINDADE,0.02080308317849825,0.036600641906261444,0.62605,77.2439,15.783883333333335,0.6963625,5.8406875,0.4352625,3.0,17.955,32.67,23.634999999999998,17.115000000000002,69.19999999999999,11.45,17.6
23,174,151,521380,MORRINHOS,0.0192026764093216,0.0011990813072770834,0.3508,78.49264583333334,20.129375000000003,0.2929791666666667,0.6940708333333334,0.38055,2.55,18.95,33.54,24.380000000000003,17.035,66.1,16.1,15.1
24,26,2,520620,CRISTALINA,0.0158702552744829,0.009970694780349731,0.8783,65.51399583333333,26.12377083333333,5.727712500000001,0.8068916666666667,1.8275333333333332,1.7,18.725,32.345,23.15,15.41,67.15,9.8,19.8
25,58,33,521740,PIRES DO RIO,0.01489203276247205,0.004915610421448946,0.04869999999999999,67.18850833333333,31.143583333333332,0.054825,0.9916958333333333,0.6212916666666666,2.4,19.065,32.925,23.564999999999998,16.14,65.4,16.9,14.1
26,31,5,521250,LUZIANIA,0.0091489981505617,0.008862272836267948,0.3115,55.34623333333333,37.753275,1.3718375,2.4279875,3.1005708333333333,2.3499999999999996,18.71,32.215,23.2,15.605,68.55,9.7,18.95
27,44,17,522185,VALPARAISO DE GOIAS,0.00743830240723015,0.006143978331238031,1.8082500000000001,11.038791666666667,35.47143333333334,0.9128333333333334,52.68472083333333,0.0084583333333333,2.25,17.99,31.825,22.810000000000002,15.274999999999999,68.8,7.3,18.95
28,11,17,522045,SENADOR CANEDO,0.0029782291449504,0.021247735247015953,1.26365,56.45623333333334,24.573162500000002,0.2965791666666666,18.355541666666667,0.29199166666666665,3.0,17.955,32.67,23.634999999999998,17.115000000000002,69.19999999999999,7.9,19.6
137,147,10,520090,AMORINOPOLIS,0.0,0.0017462309915572405,0.3718,78.12966666666668,21.355004166666667,0.0363,0.4523833333333333,0.03278749999999995,2.6,17.97,33.620000000000005,25.035,18.205,60.7,26.3,11.2
137,165,28,520120,ANHANGUERA,0.0,0.0013882409548386931,0.01295,69.0835,25.1987375,0.0046625,0.8730375000000001,4.828991666666667,2.45,17.505,33.005,24.25,16.8,64.94999999999999,22.75,12.75
137,21,116,520013,ACREUNA,0.0,0.012051677331328392,0.70615,77.94175833333333,8.0417,12.444783333333334,0.7305333333333334,0.8334,2.75,20.185,33.775,24.685000000000002,17.060000000000002,62.2,14.1,16.2
137,84,53,520017,AGUA FRIA DE GOIAS,0.0,0.0036096149124205112,1.3955,43.069045833333334,53.631879166666664,2.058325,0.28266250000000004,0.9661166666666665,1.55,19.275,34.3,24.005000000000003,16.455,62.25,14.850000000000001,17.1
137,134,3,520330,BELA VISTA DE GOIAS,0.0,0.002046610927209258,0.2511,77.3186625,21.36525,0.19592916666666665,0.9519291666666666,0.21034166666666665,2.7,18.615000000000002,32.625,23.365000000000002,16.02,68.25,16.25,15.2
137,71,66,520320,BARRO ALTO,0.0,0.0040311431512236595,5.5634,49.93282083333334,45.635245833333336,0.6648999999999999,3.140808333333333,0.6279,2.55,18.21,35.495,25.46,18.244999999999997,63.1,12.3,17.5
137,206,69,520310,BALIZA,0.0,0.0008734636940062046,0.5201,45.169441666666664,50.00857083333334,4.2738125,0.19604166666666667,0.3560958333333333,2.3,17.990000000000002,33.595,25.16,18.345,58.25,19.2,14.6
137,218,81,520340,BOM JARDIM DE GOIAS,0.0,0.0007470748969353735,0.416,59.71695,39.082504166666666,0.744075,0.2480666666666666,0.20971666666666666,2.3,19.225,35.515,26.425,19.23,60.55,21.1,13.2
137,23,114,520360,BRAZABRANTES,0.0,0.011277961544692516,0.61015,81.4042,16.718183333333336,0.22176249999999997,1.3325291666666668,0.33471666666666666,3.0,17.955,32.67,23.634999999999998,17.115000000000002,69.19999999999999,17.35,14.5
137,215,78,520380,BRITANIA,0.0,0.0007679410045966506,0.3207,68.93360000000001,25.9056,2.3959583333333336,0.3913041666666667,2.3266,2.3,19.744999999999997,37.599999999999994,27.76,20.075000000000003,56.95,16.6,15.5
137,8,129,520355,BONFINOPOLIS,0.0,0.024350395426154137,0.45065,71.0085125,25.8002125,0.0499,2.8793958333333336,0.2533,2.85,17.96,31.490000000000002,22.73,15.465,69.9,14.2,16.15
137,39,98,520350,BOM JESUS DE GOIAS,0.0,0.0065808482468128204,0.8278,86.47087916666666,8.308904166666668,3.7537458333333333,0.5192333333333333,0.9465874999999999,2.5,21.02,35.535,25.31,17.18,64.85,12.25,16.85
137,95,42,520393,BURITI DE GOIAS,0.0,0.0033017185050994158,0.3148,68.34141249999999,26.540016666666666,4.500333333333334,0.6173833333333333,0.0037,2.6500000000000004,18.605,35.32,25.815,19.045,67.15,20.75,13.4
137,233,96,520396,BURITINOPOLIS,0.0,0.000536763749551028,0.1117,65.9650125,32.97594166666667,0.109375,0.47014999999999996,0.47196666666666665,1.85,17.645,33.74,24.61,17.05,58.3,15.4,16.9
137,140,3,520410,CACHOEIRA ALTA,0.0,0.0018885183380916715,0.43300000000000005,79.423575,15.876212500000001,2.933608333333333,0.289975,1.4642875,2.25,20.215,34.945,25.32,17.465,61.8,15.3,16.1
137,12,125,520400,CABECEIRAS,0.0,0.0151276346296072,0.46885,63.72254583333333,29.94978333333333,4.862491666666667,0.7054291666666667,0.7610083333333334,1.4,19.424999999999997,33.845,23.965,16.03,64.15,13.2,17.0
137,214,77,520420,CACHOEIRA DE GOIAS,0.0,0.0007711335201747715,0.23915,66.9223,31.6431,1.1605166666666666,0.2879166666666666,0.02012499999999995,2.95,19.130000000000003,34.230000000000004,24.905,18.07,67.44999999999999,20.9,12.5
137,52,85,520425,CACHOEIRA DOURADA,0.0,0.005111007485538721,2.15,82.48200416666666,10.307445833333334,2.4170708333333337,0.9436291666666665,3.841025,2.55,19.485,34.239999999999995,25.1,17.634999999999998,63.9,19.75,14.4
137,216,79,520390,BURITI ALEGRE,0.0,0.0007671660860069096,0.21545,72.03285833333334,19.883758333333333,0.1092,0.5752833333333334,7.403241666666666,2.5,18.244999999999997,33.515,24.645,17.39,67.55000000000001,18.3,14.5
137,221,84,520357,BONOPOLIS,0.0,0.0007136738859117031,0.3484,65.51622083333334,33.041695833333335,0.3775208333333333,0.08795,0.9767083333333334,2.8,18.11,37.58,27.735,20.595,65.75,15.55,16.0
137,160,23,520440,CAIAPONIA,0.0,0.0014895917847752571,0.11779999999999999,58.828500000000005,35.191500000000005,5.675279166666666,0.20795,0.07491666666666665,2.6500000000000004,18.185,32.385,23.875,16.84,63.6,18.65,14.1
137,196,59,520430,CACU,0.0,0.0010168504668399692,0.5952999999999999,79.97764166666667,13.996633333333333,1.9971833333333335,0.2797,3.758779166666667,2.25,20.215,34.945,25.32,17.465,61.8,17.8,14.8
137,75,62,520130,ANICUNS,0.0,0.003907875157892704,0.8242,85.06908333333334,14.055083333333334,0.0469,0.5987666666666667,0.2511,2.95,18.47,33.44,24.195,17.595,68.2,18.4,13.8
137,123,14,520145,APARECIDA DO RIO DOCE,0.0,0.0024195704609155655,0.1186,79.97662916666667,14.91895,4.385250000000001,0.32800416666666665,0.3918,2.35,19.645000000000003,32.81,24.025,16.345,64.05,14.55,15.4
137,107,30,520150,APORE,0.0,0.002945186570286751,0.1035,77.23194999999998,17.204554166666668,4.313091666666667,0.1610583333333333,1.08925,2.4,20.15,33.785,24.93,16.634999999999998,63.0,13.1,18.2
137,115,22,520160,ARACU,0.0,0.0026240828447043896,0.026099999999999998,85.19211666666666,13.711008333333334,0.034425,0.8314250000000001,0.2352375,2.95,18.47,33.44,24.195,17.595,68.2,20.3,12.7
137,102,35,520170,ARAGARCAS,0.0,0.0030684364028275013,1.1327,51.986437499999994,44.368475000000004,1.3793,0.9112416666666665,1.3591291666666667,2.3,19.225,35.515,26.425,19.23,60.55,15.55,15.4
137,3,134,520005,ABADIA DE GOIAS,0.0,0.04346422851085663,0.4652,73.19539583333334,17.1983125,0.24615,9.1298375,0.23030833333333328,2.8,18.784999999999997,33.335,24.235,17.115000000000002,67.8,9.4,20.6
137,38,99,520030,ALEXANIA,0.0,0.0066760750487446785,0.21885,57.504999999999995,34.717437499999996,0.4392708333333333,2.9856333333333334,4.479208333333333,2.9000000000000004,17.445,31.835,22.77,15.8,69.80000000000001,14.1,17.4
137,86,51,520050,ALOANDIA,0.0,0.0035617968533188105,0.0,87.96664166666667,9.647166666666665,0.9570625000000001,0.765,0.6737583333333332,2.55,19.130000000000003,33.32,24.305,16.810000000000002,66.75,25.05,12.4
137,79,58,520060,ALTO PARAISO DE GOIAS,0.0,0.003849587868899107,5.6616,15.604054166666666,63.7402875,20.224454166666664,0.35199583333333334,0.0789083333333333,2.7,18.32,32.879999999999995,23.244999999999997,16.185000000000002,64.6,10.3,19.2
137,19,118,520055,ALTO HORIZONTE,0.0,0.01282748207449913,0.1971,63.41280416666666,29.683366666666664,0.1591083333333333,6.3374041666666665,0.40722083333333325,2.7,18.104999999999997,36.275000000000006,26.755000000000003,19.845,66.75,10.4,18.4
137,148,11,520080,ALVORADA DO NORTE,0.0,0.0017092385096475482,1.6503999999999999,53.138841666666664,40.9557375,4.783841666666667,0.6096125,0.43795,1.9,19.725,36.019999999999996,25.875,17.564999999999998,58.8,12.75,17.7
137,149,12,520020,AGUA LIMPA,0.0,0.0016942279180511832,0.004,76.7324125,17.195675,0.4993708333333333,0.1255833333333333,5.9463333333333335,2.5,18.244999999999997,33.515,24.645,17.39,67.55000000000001,22.95,14.0
137,73,64,520025,AGUAS LINDAS DE GOIAS,0.0,0.00395547691732645,4.9378,27.256966666666663,39.403875,1.1597374999999999,30.06116666666667,1.9385,1.95,18.195,33.015,23.634999999999998,16.33,67.05,6.25,20.8
137,47,90,520010,ABADIANIA,0.0,0.005695553030818701,0.39205,65.89765833333334,29.516058333333334,0.3007208333333333,1.859245833333333,2.426216666666667,2.9000000000000004,17.445,31.835,22.77,15.8,69.80000000000001,15.7,16.5
137,34,103,520547,CHAPADAO DO CEU,0.0,0.00790761411190033,4.3557500000000005,74.47903333333332,13.179620833333333,11.80155,0.47829166666666667,0.06154166666666665,2.8,19.325,32.15,23.625,15.690000000000001,67.25,5.75,21.2
137,138,1,520545,CEZARINA,0.0,0.0019020254258066416,0.21045,76.6486125,20.786091666666664,0.8526125,1.2292833333333335,0.4617,3.1,19.75,33.775000000000006,24.64,17.41,65.1,17.55,15.1
137,113,24,520530,CAVALCANTE,0.0,0.002646998967975378,9.24675,7.291,79.45359583333334,12.137066666666666,0.10234999999999994,1.0137375,2.6,18.205,34.480000000000004,24.905,17.845,62.849999999999994,14.0,19.9
137,99,38,520520,CATURAI,0.0,0.003157859668135643,0.3599,84.8801875,13.952295833333334,0.07091249999999999,0.7963333333333333,0.2971375,3.0,17.955,32.67,23.634999999999998,17.115000000000002,69.19999999999999,16.9,14.850000000000001
137,64,73,520500,CARMO DO RIO VERDE,0.0,0.004504173994064331,1.27485,84.057075,14.750770833333334,0.06922499999999995,0.6838958333333334,0.438975,2.6,18.125,34.215,24.81,18.15,69.55000000000001,17.75,14.25
137,139,2,520505,CASTELANDIA,0.0,0.001896335743367672,0.7358,87.47757083333333,8.509037500000002,3.112166666666667,0.40537083333333335,0.4811,2.55,20.05,33.87,24.725,16.95,61.15,17.6,13.95
137,77,60,520490,CAMPOS BELOS,0.0,0.0038533611223101616,1.7168,42.525475,49.9409,6.324595833333333,1.1413166666666665,0.0724666666666666,2.05,16.91,33.290000000000006,24.299999999999997,17.615000000000002,61.7,12.5,17.9
137,229,92,520495,CAMPOS VERDES,0.0,0.0005947097670286894,0.0411,75.65115833333333,23.762366666666665,0.0235875,0.3641,0.1975,2.7,18.104999999999997,36.275000000000006,26.755000000000003,19.845,66.75,19.85,15.1
137,210,73,520470,CAMPINORTE,0.0,0.0008164869504980743,0.4813,53.50504583333333,45.1521625,0.55025,0.5844416666666667,0.21382916666666665,2.3,18.46,35.845,25.945,18.665,62.45,14.05,17.0
137,180,43,520650,CROMINIA,0.0,0.0011552361538633704,0.16720000000000002,76.31209999999999,22.45135416666667,0.822525,0.3283,0.0851208333333333,2.55,19.130000000000003,33.32,24.305,16.810000000000002,66.75,22.3,13.75
137,155,18,520640,CRIXAS,0.0,0.0015452866209670901,0.2733,57.28232916666667,42.37436666666667,0.0931583333333333,0.1181625,0.13190000000000002,2.55,18.545,36.985,26.9,20.185,60.65,14.149999999999999,16.0
137,51,86,520549,CIDADE OCIDENTAL,0.0,0.005208625458180904,0.3459,50.209208333333336,41.301125,2.4174458333333337,5.903304166666667,0.19366249999999996,2.25,17.99,31.825,22.810000000000002,15.274999999999999,68.8,7.9,20.0
137,238,101,520570,CORREGO DO OURO,0.0,0.0004770104424096644,0.0094,72.25570416666667,27.3212875,0.0501,0.1419,0.2310125,2.95,19.130000000000003,34.230000000000004,24.905,18.07,67.44999999999999,24.25,12.3
137,101,36,520580,CORUMBA DE GOIAS,0.0,0.00307605997659266,0.63775,63.05815416666667,34.90884583333333,1.5592916666666665,0.33886249999999996,0.13116250000000002,2.9000000000000004,17.445,31.835,22.77,15.8,69.80000000000001,17.45,15.1
137,125,12,520552,COLINAS DO SUL,0.0,0.002376395743340254,2.3188,14.939683333333333,79.2942,1.8377291666666662,0.14134583333333328,3.7926416666666665,2.45,18.6,35.715,25.835,18.835,60.6,15.05,18.8
137,92,45,520551,COCALZINHO DE GOIAS,0.0,0.003423490095883608,1.1576,47.47112083333333,50.430049999999994,1.1013166666666665,0.8279124999999999,0.1696958333333333,2.6,17.744999999999997,33.519999999999996,23.939999999999998,17.165,66.69999999999999,13.2,17.4
137,206,69,520725,DOVERLANDIA,0.0,0.0008734636940062046,0.07145,65.50521666666667,31.71030833333333,2.3868333333333336,0.09750833333333325,0.3091541666666666,2.2,17.955,33.525,24.89,18.155,58.05,17.55,14.6
137,141,4,520710,DIORAMA,0.0,0.0018855856033042073,0.8135,71.75915,27.6538125,0.0149416666666666,0.2471666666666666,0.32544166666666663,2.5,19.525,35.34,26.155,18.995,63.75,23.8,13.0
137,182,45,520735,EDEALINA,0.0,0.001143667846918106,0.0060999999999999995,82.81615,13.5153,2.7770583333333336,0.296025,0.6041874999999999,2.75,20.09,34.415,25.195,17.395,62.05,19.75,13.8
137,176,39,520740,EDEIA,0.0,0.001170503324829042,0.3862,82.12399583333332,11.260554166666667,5.636704166666666,0.44129583333333333,0.5353541666666666,2.75,20.09,34.415,25.195,17.395,62.05,15.9,15.5
137,189,52,520760,FAZENDA NOVA,0.0,0.0010695081437006593,0.10365,66.85810833333333,32.10230416666667,0.3966,0.1855375,0.46154999999999996,2.6500000000000004,18.605,35.32,25.815,19.045,67.15,22.85,12.45
137,56,81,520780,FIRMINOPOLIS,0.0,0.004951899871230125,0.9666999999999999,88.39378333333335,10.443408333333334,0.12154999999999995,0.8119916666666667,0.2334916666666666,2.95,19.130000000000003,34.230000000000004,24.905,18.07,67.44999999999999,21.7,13.4
137,161,24,520750,ESTRELA DO NORTE,0.0,0.0014714866410940886,0.0646,60.99109583333333,38.09173333333334,0.00722499999999995,0.5799291666666666,0.33785,2.7,18.104999999999997,36.275000000000006,26.755000000000003,19.845,66.75,18.6,14.9
137,198,61,520753,FAINA,0.0,0.000996170798316598,0.14575,60.30982083333333,39.45837916666667,0.0730333333333333,0.087975,0.07069583333333329,2.5,18.735,36.415000000000006,26.689999999999998,19.845,63.95,20.1,13.4
137,15,122,520800,FORMOSA,0.0,0.01422883290797472,2.6075,36.4038375,55.9696125,6.365070833333333,0.8425083333333334,0.4189708333333333,1.35,19.134999999999998,32.555,22.91,15.36,66.6,11.05,17.5
137,130,7,520790,FLORES DE GOIAS,0.0,0.0021121895406395197,0.95875,60.973395833333335,36.46630416666666,2.0858375000000002,0.12030416666666666,0.35415833333333335,1.9,19.725,36.019999999999996,25.875,17.564999999999998,58.8,12.95,17.3
137,204,67,520660,CUMARI,0.0,0.0008826616685837507,0.0651,76.00921666666667,21.652529166666667,0.05549166666666665,0.1851125,2.1319,2.45,17.505,33.005,24.25,16.8,64.94999999999999,24.15,13.8
137,208,71,520670,DAMIANOPOLIS,0.0,0.0008611666271463037,0.2491,48.70511666666667,48.13355416666667,2.6815583333333333,0.4355083333333333,0.0452375,1.85,17.645,33.74,24.61,17.05,58.3,15.5,16.1
137,120,17,520680,DAMOLANDIA,0.0,0.002573206089437008,0.1804,81.75501666666668,17.084316666666666,0.0,1.1309333333333333,0.03694166666666665,3.0,17.955,32.67,23.634999999999998,17.115000000000002,69.19999999999999,20.95,12.0
137,111,26,520690,DAVINOPOLIS,0.0,0.0026639027055352926,0.0294,63.80383333333334,33.3816375,1.1801125,0.233675,1.4033958333333334,1.9,18.939999999999998,32.93,23.335,15.84,66.8,21.55,13.649999999999999
137,135,2,520590,CORUMBAIBA,0.0,0.0020285258069634438,0.07915,67.88213333333334,23.344654166666665,0.21939166666666665,0.177225,8.387245833333335,2.5,18.244999999999997,33.515,24.645,17.39,67.55000000000001,16.6,15.3
137,72,65,520630,CRISTIANOPOLIS,0.0,0.003971766214817762,0.0747,70.70576249999999,27.78965,0.5224583333333334,0.817625,0.16450416666666665,2.7,18.615000000000002,32.625,23.365000000000002,16.02,68.25,19.6,13.7
137,4,133,520880,GOIANIRA,0.0,0.039587244391441345,0.799,71.55364166666666,15.151841666666666,0.5699875000000001,12.249004166666666,0.47552916666666667,3.0,17.955,32.67,23.634999999999998,17.115000000000002,69.19999999999999,8.6,19.6
137,87,50,520850,GOIANDIRA,0.0,0.0035491755697876215,0.02395,70.13136666666668,28.31491666666667,0.04275416666666665,0.3405333333333333,1.1651833333333332,2.25,19.435000000000002,33.6,23.94,16.395000000000003,66.55000000000001,22.3,12.5
137,153,16,520830,DIVINOPOLIS DE GOIAS,0.0,0.0015903790481388569,0.4805,54.257804166666666,40.37609583333333,4.9774625,0.33865833333333334,0.0484333333333333,2.05,16.91,33.290000000000006,24.299999999999997,17.615000000000002,61.7,16.65,15.75
137,2,135,520840,GOIANAPOLIS,0.0,0.057363610714673996,0.7563500000000001,65.1778625,28.72678333333333,0.0227,3.394358333333333,2.5805249999999997,3.0,17.955,32.67,23.634999999999998,17.115000000000002,69.19999999999999,12.6,17.25
137,96,41,520815,GAMELEIRA DE GOIAS,0.0,0.003299505915492773,0.0586,75.46712083333333,23.837533333333333,0.3467291666666667,0.2794625,0.0691583333333333,2.85,17.96,31.490000000000002,22.73,15.465,69.9,17.65,15.55
137,178,41,520810,FORMOSO,0.0,0.0011655146954581141,0.30875,46.06362916666667,53.608774999999994,0.01632499999999995,0.25382916666666666,0.0578125,2.3499999999999996,18.22,36.705,26.915,19.69,60.85,20.05,14.1
137,109,28,520915,GOUVELANDIA,0.0,0.0028623880352824926,1.2669,79.61331249999999,5.297924999999999,3.09165,0.2449375,11.764170833333333,2.4,19.605,34.8,25.945,18.115000000000002,61.0,17.35,16.5
137,223,86,520890,GOIAS,0.0,0.0007060609059408307,0.56065,61.371008333333336,37.76529583333333,0.4982458333333333,0.22626666666666664,0.13917916666666663,2.7,17.535,33.44,24.355,18.03,69.95,20.35,12.7
137,78,59,520960,HEITORAI,0.0,0.0038501685485243797,1.0169,76.43696249999999,22.679645833333332,0.15357916666666666,0.4784208333333333,0.24177499999999996,2.6,18.125,34.215,24.81,18.15,69.55000000000001,21.3,13.0
137,36,101,520970,HIDROLANDIA,0.0,0.007198089733719826,0.19619999999999999,72.57893333333334,24.9670625,0.55695,1.6272458333333333,0.2642,2.8,18.784999999999997,33.335,24.235,17.115000000000002,67.8,13.850000000000001,17.2
137,209,72,520990,IACIARA,0.0,0.0008271178230643272,0.13765,79.67865833333333,19.433995833333334,0.21901666666666664,0.2791083333333333,0.39274166666666666,2.2,19.475,35.235,25.165,17.37,59.55,13.5,18.2
137,146,9,520910,GOIATUBA,0.0,0.0017503517447039485,0.27675,84.61767916666666,11.263716666666667,3.0484625,0.6544208333333332,0.40991666666666665,2.55,18.95,33.54,24.380000000000003,17.035,66.1,16.4,14.55
137,219,82,520929,GUARAITA,0.0,0.0007432616548612714,0.0,75.5766,24.0355,0.0444,0.2128083333333333,0.1159458333333333,2.6,18.125,34.215,24.81,18.15,69.55000000000001,22.65,11.4
137,159,22,520940,GUARANI DE GOIAS,0.0,0.0014977907994762063,1.01825,54.03604583333333,40.2592375,5.396766666666666,0.29519166666666663,0.01503749999999995,1.65,17.795,33.614999999999995,24.205,17.02,60.2,18.55,16.2
137,186,49,520945,GUARINOS,0.0,0.0010923455702140927,0.3345,59.11175833333333,40.43642916666666,0.2037333333333333,0.12099166666666665,0.1222333333333333,2.55,18.545,36.985,26.9,20.185,60.65,21.5,12.9
137,80,57,520920,GUAPO,0.0,0.0038415929302573204,0.1592,80.6749125,16.8961,0.6811833333333333,1.4545458333333334,0.33411666666666673,2.8,18.784999999999997,33.335,24.235,17.115000000000002,67.8,13.5,17.5
137,132,5,521015,IPIRANGA DE GOIAS,0.0,0.0021086325868964195,1.3868,88.045875,11.432783333333333,0.01494166666666665,0.37379166666666663,0.15179166666666666,2.55,17.975,34.235,25.045,18.314999999999998,68.25,21.9,12.6
137,118,19,521010,IPAMERI,0.0,0.002577244071289897,0.1296,62.964870833333336,34.96893333333334,1.0997249999999998,0.338,0.6381833333333333,2.4,19.065,32.925,23.564999999999998,16.14,65.4,17.55,14.6
137,63,74,520455,CALDAZINHA,0.0,0.004555975086987019,0.13035,73.223675,26.199716666666667,0.0242833333333333,0.4618041666666666,0.1095208333333333,2.85,17.96,31.490000000000002,22.73,15.465,69.9,17.35,15.2
137,200,63,520460,CAMPESTRE DE GOIAS,0.0,0.0009424100280739367,0.10195000000000001,71.28010833333333,27.820779166666668,0.41717499999999996,0.2896333333333333,0.17377916666666665,3.1,19.75,33.775000000000006,24.64,17.41,65.1,16.1,16.2
137,65,72,520480,CAMPO ALEGRE DE GOIAS,0.0,0.0044681113213300705,0.23035,64.21355416666668,31.2666875,2.5345125,0.4122291666666667,1.5582416666666665,1.85,19.37,32.575,23.035,15.55,66.35,13.350000000000001,17.25
137,28,109,520485,CAMPO LIMPO DE GOIAS,0.0,0.00914269033819437,1.3401,78.20452083333333,20.0217125,0.0193,1.4372250000000002,0.31731666666666664,3.0,17.955,32.67,23.634999999999998,17.115000000000002,69.19999999999999,11.9,19.4
137,93,44,520465,CAMPINACU,0.0,0.003316880902275443,0.81485,26.09444166666667,62.518704166666666,0.17082916666666664,0.1884416666666667,11.261079166666665,2.3,18.46,35.845,25.945,18.665,62.45,17.1,15.6
137,62,75,520180,ARAGOIANIA,0.0,0.004581378307193518,0.17720000000000002,75.360375,20.7553,0.7903708333333332,2.799625,0.2942333333333333,2.8,18.784999999999997,33.335,24.235,17.115000000000002,67.8,15.55,16.0
137,202,65,520215,ARAGUAPAZ,0.0,0.0009130013640969992,0.43829999999999997,61.194675000000004,37.9765125,0.46301666666666663,0.10725416666666665,0.25863749999999996,2.25,18.79,37.290000000000006,27.475,20.225,60.1,16.95,14.6
137,238,101,520235,ARENOPOLIS,0.0,0.0004770104424096644,0.39275,68.66808749999998,29.898825,0.26157499999999995,0.12244166666666664,1.0495375,2.3499999999999996,17.675,33.575,25.240000000000002,18.525,57.95,22.85,13.3
137,201,64,520250,ARUANA,0.0,0.0009380578994750977,0.14265,56.330275,32.460750000000004,8.321091666666666,0.4321,2.4273416666666665,2.3499999999999996,19.534999999999997,38.195,28.175,20.555,56.75,13.6,17.0
137,164,27,520260,AURILANDIA,0.0,0.0013918161857873201,0.497,78.38081666666668,21.049733333333336,0.30154166666666665,0.20405,0.064,2.95,19.130000000000003,34.230000000000004,24.905,18.07,67.44999999999999,26.85,11.2
137,179,42,520280,AVELINOPOLIS,0.0,0.001157125341705978,0.3598,84.64088749999999,14.177425,0.2255333333333333,0.6705166666666666,0.2923666666666666,2.95,18.47,33.44,24.195,17.595,68.2,22.05,12.8
137,170,33,520082,AMARALINA,0.0,0.0012244998943060637,0.27505,65.15437916666667,34.32223333333333,0.10401666666666665,0.06404166666666665,0.3558875,2.7,18.104999999999997,36.275000000000006,26.755000000000003,19.845,66.75,18.6,13.8
137,76,61,520085,AMERICANO DO BRASIL,0.0,0.0038967113941907883,0.3476,83.76545833333333,14.579804166666667,0.0,1.5052208333333335,0.1514666666666666,2.95,18.47,33.44,24.195,17.595,68.2,19.1,12.75
137,122,15,520015,ADELANDIA,0.0,0.002491024089977145,0.42874999999999996,88.4882875,10.6620625,0.0171,0.6404208333333334,0.1931208333333333,2.95,18.47,33.44,24.195,17.595,68.2,22.95,13.05
137,206,69,521160,IVOLANDIA,0.0,0.0008734636940062046,0.24259999999999998,65.73491250000001,33.136399999999995,0.5468416666666667,0.1457,0.43685416666666665,2.6,17.97,33.620000000000005,25.035,18.205,60.7,22.25,13.4
137,191,54,521170,JANDAIA,0.0,0.001063865376636386,0.3031,81.42019166666667,16.060858333333336,1.7445791666666666,0.48596666666666666,0.2885916666666667,3.1,19.75,33.775000000000006,24.64,17.41,65.1,21.65,13.2
137,227,90,521130,ITARUMA,0.0,0.0006152692367322743,0.4381,79.26282916666665,15.393895833333334,2.848583333333333,0.10521249999999999,2.3876,2.3,19.95,34.875,25.8,17.39,61.15,16.7,16.05
137,195,58,521140,ITAUCU,0.0,0.0010202890262007713,0.3259,81.56374583333334,17.699666666666666,0.0027083333333333,0.5597166666666666,0.176825,2.95,17.564999999999998,32.89,23.89,17.155,69.80000000000001,21.1,12.7
137,230,93,521120,ITAPURANGA,0.0,0.0005559317651204765,0.1753,72.91994166666667,26.299075,0.1056,0.5068708333333334,0.18186249999999998,2.6,18.125,34.215,24.81,18.15,69.55000000000001,19.9,13.2
137,168,31,521060,ITAGUARU,0.0,0.0012688067508861423,0.2668,86.42723333333333,12.8892125,0.0018,0.5723125,0.11035416666666664,2.95,17.564999999999998,32.89,23.89,17.155,69.80000000000001,23.75,11.6
137,199,62,521080,ITAJA,0.0,0.0009879450080916286,0.33394999999999997,76.31950833333333,17.720462500000004,2.3678125000000003,0.1004958333333333,3.4989,2.3,19.95,34.875,25.8,17.39,61.15,18.9,14.2
137,238,101,521100,ITAPIRAPUA,0.0,0.0004770104424096644,0.050850000000000006,78.43864583333334,19.8901125,1.0205,0.1554833333333333,0.47538333333333327,2.5,18.735,36.415000000000006,26.689999999999998,19.845,63.95,19.0,13.8
137,189,52,521030,ISRAELANDIA,0.0,0.0010695081437006593,0.4325,63.3538375,35.638975,0.21128749999999996,0.256225,0.5714791666666668,2.95,19.130000000000003,34.230000000000004,24.905,18.07,67.44999999999999,22.9,11.2
137,82,55,521040,ITABERAI,0.0,0.0038103475235402584,1.26965,81.26131666666666,17.14885,0.12341249999999995,0.9632375,0.506,2.7,17.535,33.44,24.355,18.03,69.95,13.2,16.55
137,45,92,521056,ITAGUARI,0.0,0.006062914151698351,2.07125,83.26425,14.941104166666666,0.0042,1.3731958333333334,0.4125,2.95,17.564999999999998,32.89,23.89,17.155,69.80000000000001,17.0,13.4
137,226,89,520980,HIDROLINA,0.0,0.0006579672917723656,0.4096,63.66997083333332,35.5398125,0.21378750000000002,0.19644583333333332,0.3878,2.5,18.215,35.19499999999999,26.03,19.25,65.75,22.9,12.9
137,98,39,520993,INACIOLANDIA,0.0,0.003271084977313876,1.72215,81.64930000000001,6.579529166666667,3.241204166666667,0.30080416666666665,8.209679166666668,2.4,19.605,34.8,25.945,18.115000000000002,61.0,15.75,15.5
137,184,47,520995,INDIARA,0.0,0.0010995686752721667,0.30665,81.08654166666666,15.326633333333334,2.4239083333333333,0.7356416666666667,0.42696666666666666,3.1,19.75,33.775000000000006,24.64,17.41,65.1,13.75,15.9
137,225,88,521260,MAIRIPOTABA,0.0,0.0006623069057241082,0.11199999999999999,71.19770833333334,26.433054166666665,1.9079041666666665,0.24082499999999996,0.2193,2.55,19.130000000000003,33.32,24.305,16.810000000000002,66.75,23.45,12.45
137,188,51,521220,JUSSARA,0.0,0.0010817163856700063,0.52545,69.69400416666667,27.618458333333336,1.0525,0.206,1.4211,2.2,19.795,36.88,27.095,19.595,60.0,17.05,14.5
137,81,56,521308,MINACU,0.0,0.0038179552648216486,1.1151,23.027479166666666,72.11439999999999,0.76895,0.8709166666666667,3.2181583333333332,2.0999999999999996,18.65,36.120000000000005,26.36,19.200000000000003,58.3,16.45,15.4
137,88,49,521305,MIMOSO DE GOIAS,0.0,0.0035405426751822233,7.58505,43.8606,55.35087083333333,0.2702583333333334,0.08178333333333329,0.39379166666666665,2.0,18.145,33.605000000000004,23.7,16.71,63.8,17.95,16.1
137,100,37,521370,MONTES CLAROS DE GOIAS,0.0,0.0030967171769589186,0.75955,73.76387083333333,23.876245833333332,0.9041,0.2276875,1.2185,2.5,19.525,35.34,26.155,18.995,63.75,16.85,14.6
137,212,75,521340,MOIPORA,0.0,0.0008123338920995593,0.3981,66.61922083333333,32.85302083333333,0.0735083333333333,0.1678708333333333,0.28864166666666663,2.95,19.130000000000003,34.230000000000004,24.905,18.07,67.44999999999999,24.75,12.4
137,163,26,521375,MONTIVIDIU,0.0,0.0014210721710696816,0.1071,83.59794166666666,12.111470833333335,3.7856916666666667,0.4296,0.061275,2.6500000000000004,18.56,32.695,24.21,17.035,62.849999999999994,10.8,17.6
137,197,60,521377,MONTIVIDIU DO NORTE,0.0,0.0010167899308726192,0.4887,51.26029583333333,48.021025,0.2732,0.09947499999999995,0.34928333333333333,2.55,18.215,37.015,27.175,20.415,63.85,18.25,15.6
137,213,76,521385,MORRO AGUDO DE GOIAS,0.0,0.000797498389147222,0.03775,74.5773,25.062708333333333,0.06916249999999999,0.26105,0.031125,2.6,18.125,34.215,24.81,18.15,69.55000000000001,21.4,13.9
137,203,66,521350,MONTE ALEGRE DE GOIAS,0.0,0.0008904304122552276,4.5989,35.14950416666666,61.21805416666666,3.1910291666666666,0.132625,0.3133083333333333,1.9,18.995,35.94,26.005000000000003,18.130000000000003,58.35,15.5,20.4
137,129,8,521390,MOSSAMEDES,0.0,0.0022240951657295227,2.2451,75.76505,20.363866666666667,3.5023791666666666,0.22466249999999993,0.144275,2.7,17.535,33.44,24.355,18.03,69.95,21.3,12.3
137,85,52,521270,MAMBAI,0.0,0.003569158259779215,0.4268,11.623545833333333,67.4377,19.1664375,1.1914166666666666,0.5818,1.85,17.645,33.74,24.61,17.05,58.3,10.4,20.3
137,243,106,521290,MARZAGAO,0.0,0.00042862293776124716,0.0758,73.46598333333333,23.894037500000003,0.27124166666666666,0.48280416666666665,2.0277708333333333,2.5,18.244999999999997,33.515,24.645,17.39,67.55000000000001,15.0,16.6
137,244,107,521280,MARA ROSA,0.0,0.00042624343768693507,0.06709999999999999,66.50692083333334,32.92568333333334,0.1446,0.23397916666666665,0.1886708333333333,2.7,18.104999999999997,36.275000000000006,26.755000000000003,19.845,66.75,18.15,15.1
137,172,35,521295,MATRINCHA,0.0,0.001202164450660348,0.3039,70.66745416666666,27.7894,0.6281,0.1163,0.7685833333333334,2.5,18.735,36.415000000000006,26.689999999999998,19.845,63.95,18.25,14.1
137,127,10,521225,LAGOA SANTA,0.0,0.00232286611571908,0.048549999999999996,82.12470416666667,13.593329166666667,3.641075,0.2421,0.3819,2.3,19.95,34.875,25.8,17.39,61.15,13.55,17.6
137,150,13,521210,JOVIANIA,0.0,0.001685272785834968,0.06225,85.29599166666667,12.5348,1.20175,0.6331583333333333,0.338225,2.55,18.95,33.54,24.380000000000003,17.035,66.1,16.75,15.0
137,158,21,521200,JAUPACI,0.0,0.0014992174692451954,0.7993,65.05914166666666,33.999070833333334,0.1169833333333333,0.30325,0.5314333333333333,2.5,19.525,35.34,26.155,18.995,63.75,22.85,12.6
137,104,33,521480,NOVA AURORA,0.0,0.0030341416131705046,0.00425,77.5665,19.88215833333333,0.061325,0.21896249999999995,2.2710875,2.25,19.435000000000002,33.6,23.94,16.395000000000003,66.55000000000001,22.65,13.25
137,187,50,521470,NOVA AMERICA,0.0,0.0010882613714784384,0.136,72.82155,26.825679166666667,0.0037333333333333003,0.3169,0.0251625,2.25,18.54,35.790000000000006,25.735,19.17,64.44999999999999,20.05,14.0
137,55,82,521460,NIQUELANDIA,0.0,0.004976165015250444,3.4953,29.6298125,60.71080833333333,1.7143916666666668,0.8842708333333333,7.313570833333333,2.3,18.255000000000003,34.565,24.485,17.615000000000002,63.15,17.55,14.4
137,211,74,521483,NOVA CRIXAS,0.0,0.0008136328542605042,0.2875,67.89785,28.6036,2.2895875,0.09845,1.1067,2.55,18.535,37.705,27.91,20.795,63.5,13.1,17.0
137,50,87,521500,NOVA VENEZA,0.0,0.005449243821203709,0.17685,77.78215,20.0377,0.0009333333333333,2.0881958333333337,0.1845083333333333,3.0,17.955,32.67,23.634999999999998,17.115000000000002,69.19999999999999,16.55,14.7
137,70,67,521486,NOVA GLORIA,0.0,0.004208763595670462,2.3716999999999997,84.219275,13.54485,0.0801166666666666,0.8985041666666667,1.2627291666666667,2.55,17.975,34.235,25.045,18.314999999999998,68.25,22.1,13.0
137,234,97,521487,NOVA IGUACU DE GOIAS,0.0,0.0005007415311411023,0.11954999999999999,64.79040833333332,34.90235416666667,0.0456,0.179,0.08660416666666665,2.5,18.215,35.19499999999999,26.03,19.25,65.75,17.05,16.8
137,217,80,521490,NOVA ROMA,0.0,0.000766988203395158,0.8858,29.781229166666662,66.9766875,2.7245,0.076575,0.4489,2.2,19.475,35.235,25.165,17.37,59.55,20.5,16.4
137,118,19,521530,ORIZONA,0.0,0.002577244071289897,0.0372,71.219425,27.791454166666668,0.19829166666666664,0.30822499999999997,0.48260000000000003,2.55,19.119999999999997,32.6,23.415,15.95,66.7,18.25,14.1
137,177,40,521540,OURO VERDE DE GOIAS,0.0,0.0011678345035761595,0.22845,80.96125416666666,18.3618625,0.0,0.5210625,0.1558208333333333,2.95,17.564999999999998,32.89,23.89,17.155,69.80000000000001,19.6,14.2
137,7,130,521550,OUVIDOR,0.0,0.025652628391981125,0.0383,66.24826666666667,25.63725833333333,1.8046791666666666,4.137012500000001,2.449329166666667,1.9,18.939999999999998,32.93,23.335,15.84,66.8,16.3,14.7
137,61,76,521560,PADRE BERNARDO,0.0,0.004635953810065985,2.52455,48.63235416666667,49.35790416666667,0.8312416666666667,0.8720749999999999,0.31825000000000003,1.95,18.195,33.015,23.634999999999998,16.33,67.05,13.1,18.75
137,246,109,521565,PALESTINA DE GOIAS,0.0,-5.7531327911419794e-05,0.17445,71.44527916666667,27.180925000000002,0.5544625000000001,0.2272333333333333,0.5658416666666666,2.6,17.97,33.620000000000005,25.035,18.205,60.7,19.05,14.3
137,193,56,521520,NOVO BRASIL,0.0,0.0010365135967731476,0.0132,74.14827083333333,25.563204166666665,0.0524,0.20108333333333334,0.03476666666666665,2.6500000000000004,18.605,35.32,25.815,19.045,67.15,22.3,12.6
137,46,91,521523,NOVO GAMA,0.0,0.005765111651271582,0.8701,39.4550875,38.51206666666667,6.389333333333333,15.547029166666665,0.1815458333333333,2.25,17.99,31.825,22.810000000000002,15.274999999999999,68.8,8.75,19.55
137,221,84,521525,NOVO PLANALTO,0.0,0.0007136738859117031,0.09459999999999999,66.56792083333333,32.50875833333333,0.3036,0.16882499999999995,0.4252,2.7,17.935000000000002,37.11,27.564999999999998,20.6,65.55,16.4,15.3
137,245,108,521590,PALMINOPOLIS,0.0,0.000319026003126055,0.4238,88.70364583333333,9.6026875,0.7799541666666667,0.34305416666666666,0.5747583333333335,3.1,19.75,33.775000000000006,24.64,17.41,65.1,20.4,13.8
137,69,68,521580,PALMELO,0.0,0.0043366821482777596,0.13395,76.45877083333333,21.898600000000002,0.0229,1.6049625,0.0357,2.4,19.065,32.925,23.564999999999998,16.14,65.4,22.75,12.6
137,60,77,521570,PALMEIRAS DE GOIAS,0.0,0.004701988771557808,0.32375,83.2803375,14.780237499999998,0.8428583333333333,0.7201416666666667,0.37670000000000003,3.1,19.75,33.775000000000006,24.64,17.41,65.1,13.1,17.0
137,142,5,521600,PANAMA,0.0,0.0018573964480310678,0.91615,82.146275,15.871500000000001,1.3249791666666666,0.28755416666666667,0.3726541666666666,2.55,18.95,33.54,24.380000000000003,17.035,66.1,22.5,13.6
137,40,97,521645,PEROLANDIA,0.0,0.006496660877019167,0.88645,79.99913333333333,16.57945,3.0785583333333335,0.2811916666666666,0.0606458333333333,2.55,18.92,32.345,23.93,16.725,65.45,15.4,16.9
137,143,6,521680,PETROLINA DE GOIAS,0.0,0.00183964055031538,0.7263,78.42967916666667,20.850391666666663,0.0028,0.5145833333333333,0.2009208333333333,2.95,17.564999999999998,32.89,23.89,17.155,69.80000000000001,20.15,12.8
137,183,46,521640,PARAUNA,0.0,0.001117313513532281,0.68275,74.65229583333334,19.138908333333333,5.641554166666667,0.2808,0.28644166666666665,3.0,19.435000000000002,32.72,24.315,17.025,63.349999999999994,15.6,15.7
137,136,1,521630,PARANAIGUARA,0.0,0.0019949283450841904,1.26425,80.5534,11.16725,0.41172499999999995,0.3154,7.553158333333333,2.2,19.82,35.42,26.14,17.8,59.95,21.0,13.4
137,238,101,521720,PIRANHAS,0.0,0.0004770104424096644,0.31625000000000003,68.24867083333334,30.833466666666666,0.5614291666666666,0.2150875,0.1517708333333333,2.3499999999999996,17.675,33.575,25.240000000000002,18.525,57.95,19.7,13.9
137,166,29,521400,MOZARLANDIA,0.0,0.0013048872351646423,0.5687,71.67840833333334,27.020429166666666,0.4778416666666666,0.2689666666666667,0.5543541666666667,2.25,18.79,37.290000000000006,27.475,20.225,60.1,12.0,17.6
137,157,20,521410,MUTUNOPOLIS,0.0,0.001518272329121828,0.1152,69.24942916666667,30.290275,0.02880416666666665,0.1936875,0.2379,2.4,17.96,36.735,27.235,20.14,65.95,18.0,14.3
137,124,13,521405,MUNDO NOVO,0.0,0.0023786898236721754,0.6029,68.7847,29.318641666666664,0.7147,0.09727916666666665,1.0693,2.55,18.455,37.370000000000005,27.685000000000002,20.525,63.55,16.5,14.6
137,112,25,521440,NAZARIO,0.0,0.0026615627575665712,0.1647,81.5908625,16.537662500000003,0.4149,1.125975,0.35415416666666666,2.95,18.47,33.44,24.195,17.595,68.2,17.2,15.5
137,24,113,521300,MAURILANDIA,0.0,0.010869648307561874,0.94055,86.76290416666666,6.727670833333333,4.834479166666666,0.867175,0.7782,2.55,20.05,33.87,24.725,16.95,61.15,12.75,17.65
137,66,71,521230,LEOPOLDO DE BULHOES,0.0,0.004421687219291925,0.2592,74.54720416666666,24.506237499999997,0.0606583333333333,0.7224791666666668,0.16398333333333331,2.85,17.96,31.490000000000002,22.73,15.465,69.9,17.15,15.6
137,41,96,521205,JESUPOLIS,0.0,0.006471251603215933,0.8893,80.19260416666665,18.778879166666666,0.0045,0.8226208333333334,0.11206250000000001,2.95,17.564999999999998,32.89,23.89,17.155,69.80000000000001,20.25,15.6
137,57,80,521830,POSSE,0.0,0.004935522098094225,0.96275,60.936575,33.88279583333333,3.890345833333333,1.0230875,0.2712833333333333,1.65,17.795,33.614999999999995,24.205,17.02,60.2,10.9,18.5
137,106,31,521810,PORTELANDIA,0.0,0.002963365288451314,0.0827,68.88357500000001,28.389508333333332,2.1844,0.5184875,0.023720833333333302,2.55,18.92,32.345,23.93,16.725,65.45,18.4,15.8
137,108,29,521805,PORTEIRAO,0.0,0.002903568558394909,1.1542,83.10335833333333,9.1335,6.1831708333333335,0.4279625,1.1377916666666668,2.5,21.02,35.535,25.31,17.18,64.85,10.95,18.3
137,167,30,521800,PORANGATU,0.0,0.0012703040847554803,0.32120000000000004,63.78855833333333,35.09549166666667,0.4035333333333333,0.3906625,0.3256458333333333,2.4,17.96,36.735,27.235,20.14,65.95,15.149999999999999,15.95
137,228,91,521770,PONTALINA,0.0,0.0006143572391010821,0.1672,79.54961666666667,18.11499583333333,1.5159875,0.4002708333333333,0.4122,2.55,19.130000000000003,33.32,24.305,16.810000000000002,66.75,19.6,13.3
137,48,89,521760,PLANALTINA,0.0,0.005557074677199125,2.32395,32.430279166666665,64.89989166666666,0.7800625000000001,1.6188583333333333,0.29376250000000004,1.35,19.134999999999998,32.555,22.91,15.36,66.6,8.95,19.4
137,238,101,521690,PILAR DE GOIAS,0.0,0.0004770104424096644,0.076,61.6473625,38.0065625,0.0834708333333333,0.1129,0.14945416666666667,2.5,18.215,35.19499999999999,26.03,19.25,65.75,20.75,14.05
137,54,83,521870,RIANAPOLIS,0.0,0.005065821576863527,0.909,70.71475000000001,27.267658333333337,0.27791666666666665,0.9295,0.8143958333333333,2.7,17.79,34.135000000000005,24.79,17.985,68.4,18.65,13.75
137,238,101,521900,SANCLERLANDIA,0.0,0.0004770104424096644,0.40859999999999996,86.2097875,13.190054166666666,0.0034,0.534975,0.061787499999999995,2.95,19.130000000000003,34.230000000000004,24.905,18.07,67.44999999999999,19.4,13.6
137,42,95,521910,SANTA BARBARA DE GOIAS,0.0,0.006433776114135981,0.1638,79.16135833333334,17.44891666666667,0.76975,1.7423250000000001,0.8762333333333333,3.0,17.955,32.67,23.634999999999998,17.115000000000002,69.19999999999999,15.850000000000001,15.850000000000001
137,105,32,521920,SANTA CRUZ DE GOIAS,0.0,0.0029757912270724773,0.09665,63.76730833333333,35.474125,0.42117499999999997,0.0965,0.2410208333333333,2.6,19.16,33.504999999999995,23.91,16.465,67.35,21.55,13.4
137,169,32,521925,SANTA FE DE GOIAS,0.0,0.001239109318703413,1.1637,74.83545,23.3778875,0.8254,0.19575416666666667,0.7585708333333333,2.2,19.795,36.88,27.095,19.595,60.0,15.149999999999999,16.3
137,116,21,521935,SANTA ISABEL,0.0,0.0026075011119246483,2.73395,79.1147375,19.905675000000002,0.055725,0.19783749999999994,0.734,2.55,17.975,34.235,25.045,18.314999999999998,68.25,23.45,12.9
137,18,119,521860,RIALMA,0.0,0.013702765107154846,3.9840999999999998,79.7657625,17.277620833333334,0.1061,1.39075,1.4632541666666667,2.7,17.79,34.135000000000005,24.79,17.985,68.4,16.1,14.7
137,22,115,521878,RIO QUENTE,0.0,0.011710635386407375,0.02795,59.09184166666667,39.63965416666666,0.1275,0.9410916666666667,0.1961,2.5,18.244999999999997,33.515,24.645,17.39,67.55000000000001,13.1,16.2
137,181,44,521839,PROFESSOR JAMIL,0.0,0.0011441366514191031,0.2031,73.0644125,25.599400000000003,0.49219166666666664,0.5915666666666666,0.23479166666666665,2.55,19.130000000000003,33.32,24.305,16.810000000000002,66.75,20.3,13.9
137,144,7,521950,SANTA ROSA DE GOIAS,0.0,0.0018254377646371722,1.7717,81.19356666666667,17.857975000000003,0.0574,0.5177541666666667,0.36277916666666665,2.95,17.564999999999998,32.89,23.89,17.155,69.80000000000001,22.7,12.2
137,171,34,521960,SANTA TEREZA DE GOIAS,0.0,0.0012205068487673998,0.28959999999999997,61.3283375,37.8201875,0.1642,0.366475,0.32152499999999995,2.3499999999999996,18.22,36.705,26.915,19.69,60.85,22.05,13.8
137,67,70,521971,SANTO ANTONIO DA BARRA,0.0,0.004400949459522963,1.79215,78.76395833333333,11.771325000000001,8.514529166666666,0.4640916666666667,0.464675,2.75,20.185,33.775,24.685000000000002,17.060000000000002,62.2,16.6,15.6
137,154,17,521970,SANTA TEREZINHA DE GOIAS,0.0,0.0015477142296731472,0.049550000000000004,73.30247499999999,25.888720833333334,0.05025,0.270425,0.4880333333333333,2.5,18.215,35.19499999999999,26.03,19.25,65.75,18.85,14.9
137,73,64,521975,SANTO ANTONIO DO DESCOBERTO,0.0,0.00395547691732645,0.565,38.55416666666666,49.0618,3.6834,3.6991916666666667,5.042254166666666,2.25,17.99,31.825,22.810000000000002,15.274999999999999,68.8,9.1,20.0
137,128,9,521980,SAO DOMINGOS,0.0,0.0022716918028891087,2.022,50.83004166666666,41.21273333333333,7.356141666666666,0.360975,0.22792499999999993,1.95,17.16,33.45,24.33,17.634999999999998,60.65,15.850000000000001,16.9
137,32,105,521990,SAO FRANCISCO DE GOIAS,0.0,0.00828018132597208,0.6678999999999999,75.235325,23.932108333333332,0.00957499999999995,0.6639708333333334,0.16190416666666663,2.95,17.564999999999998,32.89,23.89,17.155,69.80000000000001,18.2,15.7
137,14,123,521973,SANTO ANTONIO DE GOIAS,0.0,0.014805536717176437,0.4256,75.6966,21.098625000000002,0.3362,2.1308125,0.757,3.0,17.955,32.67,23.634999999999998,17.115000000000002,69.19999999999999,12.75,16.8
137,83,54,522000,SAO JOAO D'ALIANCA,0.0,0.003637382062152028,2.0056,33.7576625,60.185545833333336,4.358125,0.777775,0.9179250000000001,1.95,19.375,33.635000000000005,23.515,16.15,62.5,10.2,19.0
137,152,15,522005,SAO JOAO DA PARAUNA,0.0,0.0016559738432988524,0.48425,88.9510625,9.915745833333332,0.4016499999999999,0.29908749999999995,0.43419166666666664,3.0,19.435000000000002,32.72,24.315,17.025,63.349999999999994,22.35,13.5
137,43,94,522015,SAO LUIZ DO NORTE,0.0,0.006392684765160084,1.4941499999999999,69.8072,28.249650000000003,0.2987,0.45677499999999993,1.196925,2.55,17.975,34.235,25.045,18.314999999999998,68.25,15.55,16.7
137,117,20,522010,SAO LUIS DE MONTES BELOS,0.0,0.0025999690406024456,0.37795,87.75017916666667,10.791929166666666,0.0059874999999999495,1.3110125,0.1502333333333333,2.95,19.130000000000003,34.230000000000004,24.905,18.07,67.44999999999999,17.85,14.3
137,151,14,522020,SAO MIGUEL DO ARAGUAIA,0.0,0.0016754587413743138,0.4972,60.32862916666666,30.107545833333333,8.342241666666666,0.1819,1.0258,2.8,17.61,37.415,27.675,20.67,67.75,16.65,14.55
137,131,6,521940,SANTA RITA DO ARAGUAIA,0.0,0.002109062857925892,0.4202,60.458195833333335,35.440537500000005,3.5601208333333334,0.25260416666666663,0.277175,2.3,18.21,32.24,24.045,17.035,62.400000000000006,16.15,16.3
137,224,87,521945,SANTA RITA DO NOVO DESTINO,0.0,0.0006635778117924929,1.565,56.6736625,40.36195416666667,0.33261666666666667,0.3117,2.542295833333333,2.55,18.21,35.495,25.46,18.244999999999997,63.1,20.65,14.2
137,97,40,521850,QUIRINOPOLIS,0.0,0.003273411188274622,0.5379499999999999,83.40343333333334,11.829525,2.173975,0.5465958333333334,2.03425,2.5,18.975,34.115,25.305,17.865,61.3,15.1,15.649999999999999
137,29,108,522040,SAO SIMAO,0.0,0.008976412005722523,0.36335,79.44042916666666,8.974833333333333,0.0152,2.6189208333333336,8.9977,2.2,19.82,35.42,26.14,17.8,59.95,16.5,14.8
137,230,93,522028,SAO PATRICIO,0.0,0.0005559317651204765,0.33265,87.147625,12.4241,0.0479166666666666,0.2867,0.0984,2.6,18.125,34.215,24.81,18.15,69.55000000000001,20.35,13.6
137,192,55,522026,SAO MIGUEL DO PASSA QUATRO,0.0,0.0010454998118802905,0.025849999999999998,70.8106625,28.659129166666666,0.12645416666666665,0.26477083333333334,0.1390333333333333,2.7,18.615000000000002,32.625,23.365000000000002,16.02,68.25,18.6,14.75
137,13,124,522050,SERRANOPOLIS,0.0,0.014883419498801231,0.24995,67.238175,28.3258375,3.9849875,0.11882083333333329,0.3179,2.8499999999999996,19.384999999999998,32.395,24.08,16.225,65.55,13.850000000000001,16.8
137,145,8,522100,TAQUARAL DE GOIAS,0.0,0.001792622497305274,0.55185,77.44682916666667,21.8216,0.0,0.5765291666666666,0.15552916666666666,2.95,17.564999999999998,32.89,23.89,17.155,69.80000000000001,19.75,13.0
137,194,57,522108,TERESINA DE GOIAS,0.0,0.0010314610553905368,1.6393,12.341887499999999,80.76942500000001,6.467158333333333,0.2343,0.1876875,2.6,18.205,34.480000000000004,24.905,17.845,62.849999999999994,13.9,21.9
137,185,48,522068,SIMOLANDIA,0.0,0.0010995276970788836,0.11324999999999999,72.57667083333334,25.225541666666665,1.1760208333333333,0.5507,0.4934625,1.9,19.725,36.019999999999996,25.875,17.564999999999998,58.8,13.5,16.8
137,94,43,522060,SILVANIA,0.0,0.003306908765807748,0.08,71.04120416666666,26.871604166666664,0.6039916666666667,0.48945,0.99385,2.85,17.96,31.490000000000002,22.73,15.465,69.9,15.1,15.2
137,59,78,522130,TRES RANCHOS,0.0,0.004876398481428623,0.08305000000000001,55.998774999999995,17.218720833333332,0.6528624999999999,1.1049333333333333,25.02470833333333,2.1,18.025,32.3,23.494999999999997,15.89,67.15,22.35,13.2
137,10,127,522119,TEREZOPOLIS DE GOIAS,0.0,0.02157360501587391,1.0482,73.48536666666666,22.526991666666667,0.179,2.8319666666666667,1.0046375,2.85,17.96,31.490000000000002,22.73,15.465,69.9,13.149999999999999,16.5
137,173,36,522150,TURVANIA,0.0,0.001200382481329143,0.54535,87.23678749999999,11.6993875,0.393225,0.355575,0.3052,2.95,18.47,33.44,24.195,17.595,68.2,22.3,13.3
137,220,83,522145,TROMBAS,0.0,0.0007183322450146079,0.9105000000000001,48.528529166666665,50.66419583333334,0.37373333333333336,0.17528749999999996,0.2599958333333333,2.3499999999999996,18.22,36.705,26.915,19.69,60.85,22.1,13.7
137,121,16,522155,TURVELANDIA,0.0,0.002535860054194927,0.9667999999999999,82.85430000000001,7.746025,7.126420833333333,0.2913125,2.0093625,2.55,20.05,33.87,24.725,16.95,61.15,12.1,18.25
137,238,101,522157,UIRAPURU,0.0,0.0004770104424096644,0.1588,64.2926,35.11989583333333,0.02343749999999995,0.09667916666666665,0.4739,2.55,18.455,37.370000000000005,27.685000000000002,20.525,63.55,18.9,14.2
137,103,34,522170,URUANA,0.0,0.003043771255761385,0.8086,81.05906250000001,17.3875,0.17035,0.6928208333333332,0.7348333333333333,2.7,17.79,34.135000000000005,24.79,17.985,68.4,19.65,13.5
137,30,107,522070,SITIO D'ABADIA,0.0,0.008908059448003769,1.0228,40.364445833333335,44.92634583333333,13.975070833333334,0.7085166666666667,0.0282625,1.85,18.035,33.3,24.060000000000002,16.490000000000002,59.5,15.1,16.7
137,137,0,522180,URUTAI,0.0,0.0019078318728134036,0.06945,70.23002083333333,28.738604166666665,0.0725333333333333,0.28525,0.6944791666666668,2.4,19.065,32.925,23.564999999999998,16.14,65.4,18.75,14.5
137,238,101,522190,VARJAO,0.0,0.0004770104424096644,0.30185,69.27345416666668,28.09766666666666,2.2924083333333334,0.1847083333333333,0.1507583333333333,2.8,18.784999999999997,33.335,24.235,17.115000000000002,67.8,22.4,13.649999999999999
137,49,88,522200,VIANOPOLIS,0.0,0.0055072251707315445,0.06080000000000001,76.266,22.712029166666667,0.1717208333333333,0.7249083333333334,0.1313458333333333,2.55,19.119999999999997,32.6,23.415,15.95,66.7,14.2,16.3
137,89,48,522205,VICENTINOPOLIS,0.0,0.0034950829576700926,0.4577,84.24977916666667,9.027175,5.261866666666666,0.6256958333333333,0.8354875,2.75,20.09,34.415,25.195,17.395,62.05,11.350000000000001,16.9
137,113,24,522220,VILA BOA,0.0,0.002646998967975378,3.0451,51.2589,45.314949999999996,2.7831166666666665,0.3347458333333333,0.30237916666666664,1.6,19.634999999999998,35.03,24.775,16.795,61.25,11.2,19.6
137,133,4,522230,VILA PROPICIO,0.0,0.0020689391531050205,3.2142,55.580349999999996,42.82212083333333,0.9271541666666665,0.2569041666666666,0.41337916666666663,2.55,18.21,35.495,25.46,18.244999999999997,63.1,15.5,16.7
