cod_mun,lat,lon,municipio
520005,-16.788899999999998,-49.4618,ABADIA DE GOIAS
520010,-16.1676,-48.67575,ABADIANIA
520013,-17.42435,-50.3128,ACREUNA
520015,-16.38255,-50.1924,ADELANDIA
520017,-14.894950000000001,-47.78385,AGUA FRIA DE GOIAS
520020,-18.07485,-48.7888,AGUA LIMPA
520025,-15.744900000000001,-48.29285,AGUAS LINDAS DE GOIAS
520030,-16.1159,-48.486599999999996,ALEXANIA
520050,-17.69275,-49.462450000000004,ALOANDIA
520055,-14.17885,-49.4343,ALTO HORIZONTE
520060,-14.162099999999999,-47.52305,ALTO PARAISO DE GOIAS
520080,-14.56765,-46.640249999999995,ALVORADA DO NORTE
520082,-13.8403,-49.59955,AMARALINA
520085,-16.276400000000002,-49.987849999999995,AMERICANO DO BRASIL
520090,-16.65975,-51.120400000000004,AMORINOPOLIS
520110,-16.306,-48.97255,ANAPOLIS
520120,-18.310299999999998,-48.225300000000004,ANHANGUERA
520130,-16.4025,-49.9572,ANICUNS
520140,-16.8119,-49.2619,APARECIDA DE GOIANIA
520145,-18.2193,-51.28305,APARECIDA DO RIO DOCE
520150,-18.8052,-52.08305,APORE
520160,-16.36665,-49.7118,ARACU
520170,-15.988050000000001,-52.10625,ARAGARCAS
520180,-16.939500000000002,-49.4236,ARAGOIANIA
520215,-15.1363,-50.43365,ARAGUAPAZ
520235,-16.346200000000003,-51.603849999999994,ARENOPOLIS
520250,-14.7161,-50.959450000000004,ARUANA
520260,-16.6772,-50.5108,AURILANDIA
520280,-16.48885,-49.768249999999995,AVELINOPOLIS
520310,-16.340400000000002,-52.444649999999996,BALIZA
520320,-14.905850000000001,-48.89685,BARRO ALTO
520330,-16.97305,-48.89585,BELA VISTA DE GOIAS
520340,-16.1914,-52.071,BOM JARDIM DE GOIAS
520350,-18.1939,-49.86525,BOM JESUS DE GOIAS
520355,-16.59505,-49.0141,BONFINOPOLIS
520357,-13.540600000000001,-49.896550000000005,BONOPOLIS
520360,-16.371699999999997,-49.3735,BRAZABRANTES
520380,-15.202950000000001,-51.16765,BRITANIA
520390,-18.13615,-49.0297,BURITI ALEGRE
520393,-16.1699,-50.45675,BURITI DE GOIAS
520396,-14.396999999999998,-46.31555,BURITINOPOLIS
520400,-15.74715,-46.99225,CABECEIRAS
520410,-18.60745,-50.9957,CACHOEIRA ALTA
520420,-16.7106,-50.69965,CACHOEIRA DE GOIAS
520425,-18.47795,-49.6001,CACHOEIRA DOURADA
520430,-18.733800000000002,-51.08775,CACU
520440,-16.97775,-51.7423,CAIAPONIA
520450,-17.770850000000003,-48.69085,CALDAS NOVAS
520455,-16.7288,-48.95965,CALDAZINHA
520460,-16.7866,-49.6901,CAMPESTRE DE GOIAS
520465,-13.887,-48.55185,CAMPINACU
520470,-14.0103,-48.92895,CAMPINORTE
520480,-17.5364,-47.75345,CAMPO ALEGRE DE GOIAS
520485,-16.285899999999998,-49.1101,CAMPO LIMPO DE GOIAS
520490,-12.9652,-46.4839,CAMPOS BELOS
520495,-14.1799,-49.6575,CAMPOS VERDES
520500,-15.42005,-49.73995,CARMO DO RIO VERDE
520505,-18.1467,-50.375299999999996,CASTELANDIA
520510,-17.97855,-47.719350000000006,CATALAO
520520,-16.45325,-49.5723,CATURAI
520530,-13.639700000000001,-47.724199999999996,CAVALCANTE
520540,-15.27175,-49.66,CERES
520545,-17.10235,-49.74985,CEZARINA
520547,-18.38125,-52.581999999999994,CHAPADAO DO CEU
520549,-16.151600000000002,-47.823350000000005,CIDADE OCIDENTAL
520551,-15.63905,-48.5542,COCALZINHO DE GOIAS
520552,-13.98585,-48.093,COLINAS DO SUL
520570,-16.35905,-50.5713,CORREGO DO OURO
520580,-15.95005,-48.65745,CORUMBA DE GOIAS
520590,-18.106949999999998,-48.6075,CORUMBAIBA
520620,-16.69965,-47.516000000000005,CRISTALINA
520630,-17.241500000000002,-48.69175,CRISTIANOPOLIS
520640,-14.6244,-50.069900000000004,CRIXAS
520650,-17.2512,-49.3668,CROMINIA
520660,-18.31785,-48.14685,CUMARI
520670,-14.5555,-46.1747,DAMIANOPOLIS
520680,-16.251800000000003,-49.339349999999996,DAMOLANDIA
520690,-18.11455,-47.5597,DAVINOPOLIS
520710,-16.195050000000002,-51.367050000000006,DIORAMA
520725,-16.8998,-52.481,DOVERLANDIA
520735,-17.402549999999998,-49.77505,EDEALINA
520740,-17.50625,-49.96785,EDEIA
520750,-13.81105,-49.0785,ESTRELA DO NORTE
520753,-15.44315,-50.40845,FAINA
520760,-16.17945,-50.926500000000004,FAZENDA NOVA
520780,-16.62715,-50.3481,FIRMINOPOLIS
520790,-14.585799999999999,-46.85825,FLORES DE GOIAS
520800,-15.28795,-47.20445,FORMOSA
520810,-13.7045,-48.86335,FORMOSO
520815,-16.3996,-48.69535,GAMELEIRA DE GOIAS
520830,-13.219899999999999,-46.545950000000005,DIVINOPOLIS DE GOIAS
520840,-16.49945,-49.0788,GOIANAPOLIS
520850,-18.1176,-48.1435,GOIANDIRA
520860,-15.2965,-49.132000000000005,GOIANESIA
520870,-16.642850000000003,-49.261300000000006,GOIANIA
520880,-16.5017,-49.47095,GOIANIRA
520890,-15.8389,-50.2151,GOIAS
520910,-17.99405,-49.6712,GOIATUBA
520915,-18.5054,-50.1507,GOUVELANDIA
520920,-16.9187,-49.5931,GUAPO
520929,-15.67915,-50.0604,GUARAITA
520940,-13.87635,-46.48565,GUARANI DE GOIAS
520945,-14.7025,-49.7286,GUARINOS
520960,-15.736799999999999,-49.811350000000004,HEITORAI
520970,-17.0032,-49.27589999999999,HIDROLANDIA
520980,-14.73625,-49.35885,HIDROLINA
520990,-14.090050000000002,-46.7113,IACIARA
520993,-18.498350000000002,-49.9054,INACIOLANDIA
520995,-17.2084,-49.92885,INDIARA
521000,-16.30945,-49.5172,INHUMAS
521010,-17.4525,-48.0345,IPAMERI
521015,-15.14635,-49.6773,IPIRANGA DE GOIAS
521020,-16.454549999999998,-51.1897,IPORA
521030,-16.3502,-50.885549999999995,ISRAELANDIA
521040,-16.11535,-49.8423,ITABERAI
521056,-15.9366,-49.61295,ITAGUARI
521060,-15.760100000000001,-49.612700000000004,ITAGUARU
521080,-19.1401,-51.2748,ITAJA
521090,-14.9197,-49.634100000000004,ITAPACI
521100,-15.735,-50.7917,ITAPIRAPUA
521120,-15.56915,-49.929249999999996,ITAPURANGA
521130,-18.89315,-51.326449999999994,ITARUMA
521140,-16.216450000000002,-49.57955,ITAUCU
521150,-18.37595,-49.46855,ITUMBIARA
521160,-16.687199999999997,-51.0637,IVOLANDIA
521170,-17.1184,-50.169349999999994,JANDAIA
521180,-15.721250000000001,-49.36715,JARAGUA
521190,-17.9065,-51.73155,JATAI
521200,-16.1705,-51.05685,JAUPACI
521205,-15.959499999999998,-49.408249999999995,JESUPOLIS
521210,-17.78655,-49.6037,JOVIANIA
521220,-15.508700000000001,-51.23645,JUSSARA
521225,-19.18675,-51.27545,LAGOA SANTA
521230,-16.555750000000003,-48.86555,LEOPOLDO DE BULHOES
521250,-16.5543,-48.0212,LUZIANIA
521260,-17.3286,-49.4486,MAIRIPOTABA
521270,-14.4509,-46.054050000000004,MAMBAI
521280,-14.02955,-49.358149999999995,MARA ROSA
521290,-17.97345,-48.6925,MARZAGAO
521295,-15.31045,-50.7919,MATRINCHA
521300,-18.044150000000002,-50.34755,MAURILANDIA
521305,-15.011,-48.345,MIMOSO DE GOIAS
521308,-13.50075,-48.404399999999995,MINACU
521310,-17.70905,-52.67415,MINEIROS
521340,-16.5054,-50.78965,MOIPORA
521350,-13.3098,-46.923199999999994,MONTE ALEGRE DE GOIAS
521370,-15.84805,-51.54175,MONTES CLAROS DE GOIAS
521375,-17.2439,-51.2375,MONTIVIDIU
521377,-13.1054,-48.735299999999995,MONTIVIDIU DO NORTE
521380,-17.798000000000002,-49.1392,MORRINHOS
521385,-15.30985,-50.01575,MORRO AGUDO DE GOIAS
521390,-16.1789,-50.1599,MOSSAMEDES
521400,-14.837150000000001,-50.589299999999994,MOZARLANDIA
521405,-13.78255,-50.1973,MUNDO NOVO
521410,-13.71345,-49.3254,MUTUNOPOLIS
521440,-16.57775,-49.867850000000004,NAZARIO
521450,-16.4296,-49.19605,NEROPOLIS
521460,-14.47815,-48.401399999999995,NIQUELANDIA
521470,-15.0513,-49.9388,NOVA AMERICA
521480,-18.09645,-48.30335,NOVA AURORA
521483,-14.02975,-50.5122,NOVA CRIXAS
521486,-15.080649999999999,-49.479600000000005,NOVA GLORIA
521487,-14.31005,-49.2929,NOVA IGUACU DE GOIAS
521490,-13.76745,-46.994249999999994,NOVA ROMA
521500,-16.36215,-49.2978,NOVA VENEZA
521520,-16.0664,-50.648849999999996,NOVO BRASIL
521523,-16.12665,-48.0747,NOVO GAMA
521525,-13.2405,-49.6738,NOVO PLANALTO
521530,-17.02205,-48.2041,ORIZONA
521540,-16.244349999999997,-49.22725,OURO VERDE DE GOIAS
521550,-18.21665,-47.742850000000004,OUVIDOR
521560,-15.375,-48.271249999999995,PADRE BERNARDO
521565,-16.6933,-51.44055,PALESTINA DE GOIAS
521570,-16.8366,-49.9423,PALMEIRAS DE GOIAS
521580,-17.29105,-48.39795,PALMELO
521590,-16.8072,-50.20325,PALMINOPOLIS
521600,-18.2122,-49.393299999999996,PANAMA
521630,-18.806449999999998,-50.59565,PARANAIGUARA
521640,-17.062849999999997,-50.64475,PARAUNA
521645,-17.48615,-52.251850000000005,PEROLANDIA
521680,-16.118000000000002,-49.302499999999995,PETROLINA DE GOIAS
521690,-14.532350000000001,-49.545,PILAR DE GOIAS
521710,-17.32415,-48.99965,PIRACANJUBA
521720,-16.370600000000003,-51.85505,PIRANHAS
521730,-15.8245,-49.004000000000005,PIRENOPOLIS
521740,-17.30725,-48.397149999999996,PIRES DO RIO
521760,-15.2612,-47.790350000000004,PLANALTINA
521770,-17.5381,-49.5637,PONTALINA
521800,-13.27975,-49.27225,PORANGATU
521805,-17.922600000000003,-50.1382,PORTEIRAO
521810,-17.34135,-52.7071,PORTELANDIA
521830,-14.22195,-46.4379,POSSE
521839,-17.277749999999997,-49.2464,PROFESSOR JAMIL
521850,-18.4483,-50.52805,QUIRINOPOLIS
521860,-15.31555,-49.52975,RIALMA
521870,-15.483049999999999,-49.4419,RIANAPOLIS
521878,-17.8249,-48.7779,RIO QUENTE
521880,-17.71815,-51.043549999999996,RIO VERDE
521890,-15.197849999999999,-49.86625,RUBIATABA
521900,-16.3228,-50.3759,SANCLERLANDIA
521910,-16.5965,-49.66605,SANTA BARBARA DE GOIAS
521920,-17.38595,-48.606300000000005,SANTA CRUZ DE GOIAS
521925,-15.66205,-51.21725,SANTA FE DE GOIAS
521930,-17.7897,-50.564750000000004,SANTA HELENA DE GOIAS
521935,-15.24035,-49.3912,SANTA ISABEL
521940,-17.25065,-53.0642,SANTA RITA DO ARAGUAIA
521945,-14.867750000000001,-49.0484,SANTA RITA DO NOVO DESTINO
521950,-16.07,-49.4701,SANTA ROSA DE GOIAS
521960,-13.5588,-48.98505,SANTA TEREZA DE GOIAS
521970,-14.3073,-49.68485,SANTA TEREZINHA DE GOIAS
521971,-17.518549999999998,-50.6332,SANTO ANTONIO DA BARRA
521973,-16.47775,-49.29045,SANTO ANTONIO DE GOIAS
521975,-16.0734,-48.25365,SANTO ANTONIO DO DESCOBERTO
521980,-13.4498,-46.459900000000005,SAO DOMINGOS
521990,-15.95465,-49.24925,SAO FRANCISCO DE GOIAS
522000,-14.43245,-47.42465,SAO JOAO D'ALIANCA
522005,-16.80825,-50.3695,SAO JOAO DA PARAUNA
522010,-16.462,-50.36450000000001,SAO LUIS DE MONTES BELOS
522015,-14.91075,-49.259299999999996,SAO LUIZ DO NORTE
522020,-12.979099999999999,-50.214749999999995,SAO MIGUEL DO ARAGUAIA
522026,-17.0011,-48.66585,SAO MIGUEL DO PASSA QUATRO
522028,-15.3692,-49.8317,SAO PATRICIO
522040,-19.01625,-50.591300000000004,SAO SIMAO
522045,-16.7088,-49.103,SENADOR CANEDO
522050,-18.223,-52.20655,SERRANOPOLIS
522060,-16.60505,-48.5507,SILVANIA
522068,-14.4367,-46.581900000000005,SIMOLANDIA
522070,-14.7508,-46.308400000000006,SITIO D'ABADIA
522100,-16.0486,-49.600899999999996,TAQUARAL DE GOIAS
522108,-13.6952,-47.2402,TERESINA DE GOIAS
522119,-16.457,-49.0547,TEREZOPOLIS DE GOIAS
522130,-18.36175,-47.760149999999996,TRES RANCHOS
522140,-16.65095,-49.5376,TRINDADE
522145,-13.42765,-48.75335,TROMBAS
522150,-16.577199999999998,-50.11525,TURVANIA
522155,-17.7983,-50.313500000000005,TURVELANDIA
522157,-14.1421,-49.9762,UIRAPURU
522160,-14.32365,-49.07725,URUACU
522170,-15.617,-49.643,URUANA
522180,-17.4317,-48.208749999999995,URUTAI
522185,-16.0933,-47.984750000000005,VALPARAISO DE GOIAS
522190,-17.09055,-49.610749999999996,VARJAO
522200,-16.878500000000003,-48.426199999999994,VIANOPOLIS
522205,-17.7317,-49.8855,VICENTINOPOLIS
522220,-14.9956,-47.050650000000005,VILA BOA
522230,-15.20165,-48.82965,VILA PROPICIO
