cod_mun;Município;2009;2010;2011;2012;2013;2014;2015;2016;2017;2018;2019;2020;2021;2022;2023;2024;2025
520005;ABADIA DE GOIAS;21,00%;20,40%;20,02%;19,76%;19,76%;19,89%;20,13%;20,36%;20,49%;20,60%;20,64%;20,64%;20,66%;20,63%;20,59%;20,56%;20,64%
520010;ABADIANIA;19,41%;18,62%;17,91%;17,34%;16,93%;16,67%;16,50%;16,33%;16,23%;16,26%;16,40%;16,55%;16,64%;16,66%;16,45%;16,15%;15,73%
520013;ACREUNA;20,39%;19,84%;19,29%;18,71%;18,20%;17,79%;17,47%;17,14%;16,86%;16,65%;16,50%;16,37%;16,26%;16,11%;15,87%;15,54%;15,19%
520015;ADELANDIA;16,96%;16,57%;16,10%;15,54%;15,05%;14,60%;14,35%;14,01%;13,67%;13,58%;13,54%;13,33%;13,20%;12,89%;12,55%;12,15%;11,66%
520017;AGUA FRIA DE GOIAS;21,94%;21,36%;20,78%;20,20%;19,61%;19,18%;18,83%;18,46%;18,11%;17,83%;17,65%;17,38%;17,20%;16,94%;16,59%;16,27%;15,83%
520020;AGUA LIMPA;15,85%;15,14%;14,67%;14,27%;13,86%;13,63%;13,61%;13,55%;13,56%;13,49%;13,67%;14,01%;14,27%;14,15%;13,94%;13,69%;13,02%
520025;AGUAS LINDAS DE GOIAS;26,96%;25,97%;25,24%;24,66%;24,16%;23,73%;23,38%;23,01%;22,60%;22,19%;21,80%;21,37%;20,97%;20,63%;20,32%;20,06%;19,76%
520030;ALEXANIA;22,00%;21,34%;20,66%;20,03%;19,46%;19,02%;18,64%;18,29%;17,97%;17,76%;17,66%;17,57%;17,46%;17,34%;17,15%;16,86%;16,56%
520050;ALOANDIA;14,60%;13,90%;13,48%;13,04%;12,76%;12,59%;12,33%;12,08%;12,02%;12,19%;12,17%;12,34%;12,45%;12,56%;12,67%;12,35%;12,19%
520055;ALTO HORIZONTE;20,55%;20,20%;19,94%;19,74%;19,56%;19,39%;19,23%;19,11%;18,94%;18,85%;18,74%;18,58%;18,49%;18,29%;18,15%;18,02%;17,91%
520060;ALTO PARAISO DE GOIAS;23,47%;22,92%;22,44%;22,03%;21,72%;21,38%;21,15%;20,86%;20,56%;20,25%;19,93%;19,57%;19,31%;19,09%;19,01%;19,01%;18,99%
520080;ALVORADA DO NORTE;22,99%;22,45%;21,81%;21,19%;20,63%;20,13%;19,75%;19,41%;18,98%;18,65%;18,35%;18,09%;17,84%;17,54%;17,24%;16,91%;16,53%
520082;AMARALINA;19,72%;18,93%;18,08%;17,25%;16,62%;16,11%;15,69%;15,29%;14,91%;14,50%;14,29%;14,16%;13,92%;13,63%;13,11%;12,62%;12,00%
520085;AMERICANO DO BRASIL;18,21%;17,59%;16,95%;16,29%;15,67%;15,11%;14,67%;14,21%;13,79%;13,49%;13,22%;12,96%;12,82%;12,66%;12,39%;12,10%;11,75%
520090;AMORINOPOLIS;15,64%;15,01%;14,33%;13,52%;12,84%;12,38%;11,97%;11,64%;11,34%;11,26%;11,23%;11,17%;11,20%;11,16%;10,85%;10,54%;10,08%
520110;ANAPOLIS;19,03%;18,57%;18,15%;17,75%;17,41%;17,15%;16,96%;16,78%;16,60%;16,49%;16,43%;16,37%;16,31%;16,23%;16,08%;15,90%;15,68%
520120;ANHANGUERA;16,83%;16,62%;15,94%;15,55%;14,67%;14,41%;14,10%;13,74%;13,54%;13,48%;13,13%;12,91%;12,86%;12,62%;12,12%;11,51%;11,39%
520130;ANICUNS;17,13%;16,66%;16,22%;15,75%;15,32%;14,97%;14,70%;14,41%;14,16%;14,03%;13,96%;13,93%;13,89%;13,76%;13,54%;13,20%;12,89%
520140;APARECIDA DE GOIANIA;21,51%;20,95%;20,49%;20,07%;19,67%;19,34%;19,06%;18,77%;18,45%;18,13%;17,82%;17,49%;17,18%;16,88%;16,57%;16,28%;15,95%
520145;APARECIDA DO RIO DOCE;18,93%;18,48%;18,08%;17,57%;17,02%;16,61%;16,36%;16,08%;15,79%;15,59%;15,48%;15,37%;15,41%;15,38%;15,36%;15,21%;15,17%
520150;APORE;19,70%;19,59%;19,45%;19,36%;19,23%;19,06%;19,06%;19,05%;18,92%;18,81%;18,68%;18,45%;18,29%;18,08%;17,83%;17,57%;17,36%
520160;ARACU;16,03%;15,34%;14,69%;14,19%;13,74%;13,43%;13,12%;12,90%;12,71%;12,67%;12,69%;12,68%;12,77%;12,69%;12,45%;12,18%;11,88%
520170;ARAGARCAS;18,83%;18,30%;17,81%;17,37%;16,95%;16,64%;16,41%;16,17%;15,95%;15,77%;15,68%;15,61%;15,50%;15,33%;15,03%;14,67%;14,27%
520180;ARAGOIANIA;19,65%;19,21%;18,79%;18,37%;18,03%;17,71%;17,44%;17,21%;16,95%;16,69%;16,51%;16,30%;16,11%;15,95%;15,80%;15,66%;15,48%
520215;ARAGUAPAZ;19,23%;18,65%;18,13%;17,56%;17,00%;16,54%;16,14%;15,77%;15,42%;15,16%;14,98%;14,86%;14,65%;14,47%;14,18%;13,78%;13,39%
520235;ARENOPOLIS;16,26%;15,79%;15,24%;14,66%;14,25%;13,88%;13,64%;13,30%;13,20%;13,15%;13,22%;13,37%;13,42%;13,41%;13,14%;12,70%;12,33%
520250;ARUANA;22,96%;22,30%;21,71%;21,02%;20,44%;19,93%;19,54%;19,13%;18,74%;18,33%;17,95%;17,58%;17,19%;16,79%;16,32%;15,82%;15,24%
520260;AURILANDIA;13,62%;13,16%;12,78%;12,23%;11,94%;11,63%;11,33%;11,16%;11,06%;11,00%;11,18%;11,24%;11,40%;11,40%;11,19%;10,99%;10,78%
520280;AVELINOPOLIS;17,23%;16,83%;16,57%;16,17%;15,68%;15,36%;14,92%;14,70%;14,21%;14,01%;13,61%;13,22%;12,89%;12,64%;12,42%;12,15%;11,79%
520310;BALIZA;18,21%;17,47%;16,94%;16,30%;15,84%;15,52%;15,25%;15,03%;14,73%;14,59%;14,60%;14,60%;14,67%;14,47%;14,19%;13,82%;13,55%
520320;BARRO ALTO;20,54%;19,99%;19,42%;18,93%;18,58%;18,30%;18,08%;17,88%;17,70%;17,63%;17,62%;17,60%;17,57%;17,48%;17,39%;17,24%;17,03%
520330;BELA VISTA DE GOIAS;18,19%;17,79%;17,40%;17,04%;16,72%;16,49%;16,31%;16,13%;15,93%;15,76%;15,61%;15,45%;15,31%;15,15%;14,97%;14,82%;14,59%
520340;BOM JARDIM DE GOIAS;17,79%;17,24%;16,63%;16,01%;15,43%;14,94%;14,54%;14,15%;13,82%;13,60%;13,50%;13,38%;13,25%;13,13%;12,88%;12,59%;12,31%
520350;BOM JESUS DE GOIAS;20,37%;20,07%;19,77%;19,43%;19,09%;18,80%;18,57%;18,32%;18,04%;17,73%;17,48%;17,19%;16,94%;16,73%;16,50%;16,31%;16,08%
520355;BONFINOPOLIS;21,18%;20,57%;19,99%;19,45%;18,94%;18,50%;18,12%;17,78%;17,39%;17,10%;16,80%;16,53%;16,26%;16,00%;15,70%;15,44%;15,17%
520357;BONOPOLIS;22,07%;21,12%;20,20%;19,42%;18,65%;18,06%;17,67%;17,28%;16,85%;16,66%;16,40%;16,20%;16,09%;15,95%;15,81%;15,49%;14,99%
520360;BRAZABRANTES;17,01%;16,38%;15,91%;15,47%;15,10%;14,86%;14,74%;14,64%;14,52%;14,46%;14,51%;14,60%;14,54%;14,53%;14,32%;14,05%;13,76%
520380;BRITANIA;18,97%;18,39%;17,64%;17,01%;16,48%;16,13%;15,80%;15,54%;15,34%;15,36%;15,39%;15,51%;15,63%;15,68%;15,46%;15,19%;14,83%
520390;BURITI ALEGRE;17,04%;16,65%;16,28%;15,93%;15,58%;15,34%;15,08%;14,87%;14,67%;14,61%;14,57%;14,56%;14,53%;14,51%;14,42%;14,36%;14,30%
520393;BURITI DE GOIAS;16,32%;15,63%;14,99%;14,43%;13,98%;13,73%;13,43%;13,25%;13,08%;13,10%;13,34%;13,39%;13,61%;13,62%;13,51%;13,27%;12,93%
520396;BURITINOPOLIS;21,86%;21,36%;20,75%;20,15%;19,61%;19,12%;18,70%;18,18%;17,86%;17,51%;17,35%;17,15%;16,96%;16,75%;16,56%;16,17%;15,83%
520400;CABECEIRAS;22,28%;21,55%;20,83%;20,18%;19,60%;19,14%;18,77%;18,40%;18,05%;17,81%;17,59%;17,36%;17,12%;16,88%;16,51%;16,15%;15,76%
520410;CACHOEIRA ALTA;18,21%;17,99%;17,78%;17,56%;17,34%;17,19%;17,06%;16,93%;16,77%;16,60%;16,45%;16,26%;16,12%;16,00%;15,79%;15,58%;15,36%
520420;CACHOEIRA DE GOIAS;18,39%;17,58%;16,75%;16,09%;15,49%;14,91%;14,72%;14,26%;13,75%;13,65%;13,24%;12,83%;12,53%;12,39%;12,10%;11,42%;11,08%
520425;CACHOEIRA DOURADA;17,98%;17,53%;16,98%;16,44%;15,91%;15,52%;15,16%;14,87%;14,64%;14,49%;14,50%;14,49%;14,46%;14,32%;13,94%;13,59%;13,00%
520430;CACU;16,66%;16,31%;16,01%;15,76%;15,49%;15,32%;15,19%;15,03%;14,88%;14,80%;14,80%;14,78%;14,77%;14,74%;14,61%;14,39%;14,23%
520440;CAIAPONIA;17,17%;16,64%;16,12%;15,64%;15,24%;14,90%;14,65%;14,41%;14,21%;14,12%;14,10%;14,09%;14,12%;14,10%;13,95%;13,73%;13,49%
520450;CALDAS NOVAS;19,93%;19,37%;18,92%;18,54%;18,22%;17,98%;17,82%;17,64%;17,45%;17,25%;17,08%;16,88%;16,69%;16,51%;16,31%;16,10%;15,87%
520455;CALDAZINHA;18,08%;17,42%;16,90%;16,48%;16,13%;15,97%;15,90%;15,85%;15,69%;15,62%;15,56%;15,43%;15,33%;15,03%;14,67%;14,19%;13,63%
520460;CAMPESTRE DE GOIAS;18,87%;18,09%;17,34%;16,85%;16,47%;16,18%;15,96%;15,73%;15,59%;15,66%;15,88%;16,07%;16,27%;16,43%;16,30%;16,09%;15,78%
520465;CAMPINACU;19,20%;18,58%;17,81%;17,36%;16,86%;16,56%;16,33%;16,13%;15,90%;15,79%;15,76%;15,66%;15,62%;15,52%;15,12%;14,69%;14,28%
520470;CAMPINORTE;20,20%;19,75%;19,31%;18,82%;18,38%;18,03%;17,73%;17,48%;17,26%;17,13%;17,05%;17,01%;16,96%;16,96%;16,81%;16,66%;16,48%
520480;CAMPO ALEGRE DE GOIAS;21,21%;21,07%;20,86%;20,64%;20,34%;20,00%;19,76%;19,52%;19,17%;18,76%;18,36%;17,86%;17,41%;17,04%;16,60%;16,28%;15,86%
520485;CAMPO LIMPO DE GOIAS;22,62%;22,35%;22,05%;21,75%;21,43%;21,21%;21,11%;20,88%;20,70%;20,44%;20,15%;19,84%;19,52%;19,30%;18,97%;18,77%;18,55%
520490;CAMPOS BELOS;22,53%;22,04%;21,57%;21,09%;20,62%;20,23%;19,94%;19,64%;19,30%;18,96%;18,66%;18,34%;18,03%;17,70%;17,28%;16,79%;16,32%
520495;CAMPOS VERDES;18,92%;18,08%;17,29%;16,69%;16,13%;15,82%;15,43%;15,19%;15,04%;14,93%;15,05%;15,13%;15,17%;15,13%;14,91%;14,54%;14,05%
520500;CARMO DO RIO VERDE;18,04%;17,57%;17,04%;16,47%;15,99%;15,55%;15,20%;14,84%;14,58%;14,42%;14,36%;14,33%;14,30%;14,19%;14,02%;13,81%;13,56%
520505;CASTELANDIA;18,30%;17,83%;17,21%;16,72%;16,21%;15,73%;15,28%;14,96%;14,69%;14,29%;14,11%;14,12%;14,02%;13,87%;13,59%;13,25%;13,06%
520510;CATALAO;17,62%;17,37%;17,13%;16,89%;16,66%;16,49%;16,38%;16,25%;16,09%;15,94%;15,80%;15,64%;15,49%;15,35%;15,17%;14,98%;14,76%
520520;CATURAI;18,62%;18,36%;18,11%;17,77%;17,48%;17,18%;17,05%;16,76%;16,48%;16,16%;15,76%;15,37%;15,02%;14,67%;14,19%;13,82%;13,40%
520530;CAVALCANTE;26,94%;26,11%;25,34%;24,63%;23,97%;23,45%;22,97%;22,50%;22,00%;21,54%;21,07%;20,57%;20,09%;19,66%;19,16%;18,70%;18,19%
520540;CERES;16,36%;15,82%;15,31%;14,81%;14,42%;14,13%;13,93%;13,74%;13,61%;13,61%;13,72%;13,86%;13,97%;14,03%;13,95%;13,75%;13,52%
520545;CEZARINA;18,16%;17,55%;16,99%;16,49%;16,13%;15,83%;15,61%;15,47%;15,31%;15,24%;15,24%;15,20%;15,13%;15,02%;14,71%;14,45%;14,05%
520547;CHAPADAO DO CEU;23,25%;23,00%;22,85%;22,67%;22,49%;22,34%;22,26%;22,12%;21,96%;21,81%;21,64%;21,44%;21,28%;21,16%;21,13%;21,15%;21,28%
520549;CIDADE OCIDENTAL;24,26%;23,72%;23,29%;22,92%;22,59%;22,33%;22,15%;21,92%;21,63%;21,29%;20,93%;20,52%;20,15%;19,85%;19,60%;19,42%;19,24%
520551;COCALZINHO DE GOIAS;22,38%;21,78%;21,25%;20,75%;20,30%;19,90%;19,56%;19,23%;18,86%;18,53%;18,18%;17,84%;17,51%;17,22%;16,93%;16,66%;16,34%
520552;COLINAS DO SUL;23,63%;23,02%;22,34%;21,75%;21,27%;20,95%;20,71%;20,34%;20,06%;19,75%;19,50%;19,24%;18,91%;18,63%;18,24%;18,01%;17,50%
520570;CORREGO DO OURO;17,70%;17,11%;16,37%;15,29%;14,60%;13,87%;13,25%;12,58%;12,20%;12,22%;12,19%;12,36%;12,30%;12,40%;12,19%;11,81%;11,27%
520580;CORUMBA DE GOIAS;20,39%;19,89%;19,33%;18,80%;18,27%;17,82%;17,44%;17,08%;16,66%;16,30%;15,92%;15,60%;15,26%;14,96%;14,63%;14,25%;13,91%
520590;CORUMBAIBA;17,87%;17,46%;17,11%;16,75%;16,46%;16,21%;16,09%;15,95%;15,82%;15,67%;15,56%;15,46%;15,34%;15,17%;14,95%;14,76%;14,45%
520620;CRISTALINA;23,65%;23,02%;22,49%;22,00%;21,57%;21,23%;20,96%;20,69%;20,44%;20,24%;20,10%;19,96%;19,82%;19,73%;19,63%;19,52%;19,40%
520630;CRISTIANOPOLIS;17,29%;16,94%;16,74%;16,42%;16,13%;15,81%;15,59%;15,27%;14,94%;14,74%;14,41%;14,08%;13,74%;13,58%;13,39%;13,28%;13,16%
520640;CRIXAS;18,94%;18,41%;17,89%;17,43%;17,04%;16,76%;16,54%;16,35%;16,18%;16,11%;16,07%;16,07%;16,05%;15,98%;15,79%;15,56%;15,30%
520650;CROMINIA;16,78%;16,43%;16,07%;15,52%;15,14%;14,83%;14,67%;14,40%;14,17%;14,08%;14,02%;13,92%;13,81%;13,68%;13,31%;13,05%;12,63%
520660;CUMARI;16,16%;15,75%;15,23%;14,80%;14,43%;14,19%;14,13%;13,93%;13,82%;13,71%;13,86%;13,81%;13,88%;13,82%;13,43%;13,16%;12,57%
520670;DAMIANOPOLIS;19,54%;19,10%;18,60%;18,31%;17,92%;17,62%;17,45%;17,20%;16,97%;16,76%;16,57%;16,42%;16,17%;16,04%;15,78%;15,47%;15,04%
520680;DAMOLANDIA;16,25%;15,82%;15,48%;14,83%;14,28%;13,82%;13,64%;13,17%;12,90%;12,67%;12,44%;12,29%;12,09%;11,91%;11,58%;11,29%;10,93%
520690;DAVINOPOLIS;16,94%;16,69%;16,27%;15,90%;15,63%;15,46%;15,29%;14,97%;14,77%;14,64%;14,45%;14,18%;13,76%;13,51%;13,17%;12,73%;12,23%
520710;DIORAMA;15,99%;15,61%;15,24%;14,64%;14,09%;13,79%;13,37%;12,99%;12,83%;12,74%;12,94%;12,99%;13,21%;12,98%;12,94%;12,51%;12,00%
520725;DOVERLANDIA;18,40%;17,69%;16,99%;16,31%;15,75%;15,32%;14,98%;14,64%;14,44%;14,41%;14,50%;14,63%;14,76%;14,81%;14,59%;14,29%;13,97%
520735;EDEALINA;17,71%;17,11%;16,33%;15,66%;15,20%;14,81%;14,54%;14,23%;13,89%;13,83%;13,79%;13,85%;13,84%;13,86%;13,69%;13,60%;13,35%
520740;EDEIA;18,35%;17,77%;17,19%;16,64%;16,20%;15,88%;15,65%;15,39%;15,25%;15,27%;15,39%;15,51%;15,62%;15,69%;15,60%;15,42%;15,15%
520750;ESTRELA DO NORTE;17,36%;16,66%;16,25%;15,83%;15,51%;15,31%;15,04%;14,89%;14,80%;14,75%;14,90%;14,96%;15,11%;15,05%;14,91%;14,61%;14,31%
520753;FAINA;18,17%;17,45%;16,71%;15,92%;15,34%;14,84%;14,48%;14,10%;13,79%;13,64%;13,55%;13,52%;13,41%;13,32%;12,99%;12,63%;12,17%
520760;FAZENDA NOVA;16,11%;15,51%;14,93%;14,41%;13,95%;13,60%;13,34%;13,05%;12,81%;12,67%;12,60%;12,59%;12,51%;12,36%;12,03%;11,67%;11,26%
520780;FIRMINOPOLIS;15,05%;14,57%;14,10%;13,68%;13,33%;13,08%;12,94%;12,77%;12,71%;12,79%;13,01%;13,23%;13,46%;13,60%;13,55%;13,31%;13,06%
520790;FLORES DE GOIAS;23,33%;22,42%;21,61%;20,90%;20,27%;19,73%;19,28%;18,83%;18,38%;18,06%;17,80%;17,57%;17,40%;17,24%;17,10%;16,88%;16,73%
520800;FORMOSA;22,12%;21,49%;20,91%;20,37%;19,87%;19,47%;19,14%;18,82%;18,50%;18,23%;18,01%;17,79%;17,59%;17,39%;17,17%;16,92%;16,64%
520810;FORMOSO;18,29%;17,70%;17,07%;16,34%;15,69%;15,29%;14,89%;14,49%;14,17%;14,11%;14,11%;14,17%;14,20%;14,17%;13,96%;13,67%;13,41%
520815;GAMELEIRA DE GOIAS;21,36%;21,04%;20,55%;19,79%;19,18%;18,59%;18,05%;17,56%;17,06%;16,74%;16,34%;15,97%;15,69%;15,38%;15,10%;14,79%;14,34%
520830;DIVINOPOLIS DE GOIAS;22,06%;21,62%;20,97%;20,32%;19,66%;19,09%;18,48%;18,01%;17,50%;17,03%;16,65%;16,32%;15,91%;15,54%;15,13%;14,66%;14,30%
520840;GOIANAPOLIS;20,95%;20,37%;19,85%;19,37%;18,95%;18,65%;18,42%;18,16%;17,93%;17,75%;17,61%;17,47%;17,33%;17,16%;16,97%;16,78%;16,54%
520850;GOIANDIRA;16,69%;16,37%;15,88%;15,34%;14,87%;14,50%;14,16%;13,80%;13,52%;13,27%;13,07%;12,84%;12,62%;12,43%;12,06%;11,69%;11,23%
520860;GOIANESIA;19,21%;18,80%;18,46%;18,12%;17,81%;17,55%;17,35%;17,13%;16,90%;16,70%;16,54%;16,35%;16,19%;16,06%;15,92%;15,78%;15,61%
520870;GOIANIA;16,99%;16,62%;16,30%;16,00%;15,72%;15,50%;15,34%;15,19%;15,03%;14,91%;14,83%;14,74%;14,65%;14,54%;14,39%;14,14%;13,88%
520880;GOIANIRA;21,89%;21,42%;21,08%;20,84%;20,68%;20,62%;20,64%;20,62%;20,53%;20,38%;20,18%;19,93%;19,68%;19,45%;19,20%;19,01%;18,78%
520890;GOIAS;17,26%;16,71%;16,12%;15,52%;14,97%;14,53%;14,18%;13,82%;13,51%;13,27%;13,10%;12,97%;12,82%;12,63%;12,33%;11,97%;11,57%
520910;GOIATUBA;18,11%;17,79%;17,44%;17,04%;16,65%;16,33%;16,07%;15,80%;15,53%;15,27%;15,05%;14,84%;14,64%;14,45%;14,22%;14,00%;13,73%
520915;GOUVELANDIA;19,20%;19,15%;18,86%;18,56%;18,17%;17,94%;17,75%;17,51%;17,27%;17,15%;16,93%;16,75%;16,57%;16,40%;15,89%;15,43%;14,91%
520920;GUAPO;19,64%;19,02%;18,47%;18,10%;17,83%;17,66%;17,59%;17,54%;17,49%;17,48%;17,51%;17,52%;17,52%;17,49%;17,33%;17,18%;16,94%
520929;GUARAITA;15,59%;15,07%;14,54%;13,94%;13,22%;12,82%;12,38%;12,02%;11,65%;11,59%;11,45%;11,50%;11,41%;11,38%;11,02%;10,48%;10,00%
520940;GUARANI DE GOIAS;20,85%;20,34%;19,82%;19,37%;18,87%;18,55%;18,29%;17,95%;17,65%;17,30%;17,00%;16,67%;16,34%;16,01%;15,45%;14,95%;14,32%
520945;GUARINOS;16,54%;15,99%;15,58%;14,88%;14,32%;14,15%;13,76%;13,46%;13,30%;13,13%;13,11%;12,99%;12,95%;12,78%;12,60%;12,15%;11,70%
520960;HEITORAI;17,77%;17,11%;16,40%;15,77%;15,31%;14,81%;14,43%;14,05%;13,68%;13,38%;13,30%;13,23%;13,07%;12,88%;12,57%;12,11%;11,70%
520970;HIDROLANDIA;20,25%;19,80%;19,39%;19,02%;18,70%;18,45%;18,30%;18,13%;17,95%;17,77%;17,61%;17,42%;17,24%;17,08%;16,88%;16,69%;16,45%
520980;HIDROLINA;16,57%;16,03%;15,44%;15,02%;14,45%;14,09%;13,78%;13,56%;13,36%;13,23%;13,13%;13,06%;12,97%;12,84%;12,45%;12,15%;11,65%
520990;IACIARA;25,43%;25,01%;24,46%;23,77%;23,08%;22,46%;21,93%;21,38%;20,76%;20,14%;19,58%;18,99%;18,44%;17,95%;17,38%;16,76%;16,18%
520993;INACIOLANDIA;20,13%;19,81%;19,34%;18,89%;18,42%;18,04%;17,71%;17,30%;16,93%;16,58%;16,27%;15,93%;15,65%;15,32%;14,98%;14,63%;14,19%
520995;INDIARA;20,34%;19,79%;19,30%;18,84%;18,42%;18,11%;17,86%;17,59%;17,30%;16,98%;16,66%;16,35%;16,00%;15,71%;15,37%;15,12%;14,83%
521000;INHUMAS;16,93%;16,47%;16,05%;15,65%;15,32%;15,08%;14,90%;14,73%;14,59%;14,51%;14,51%;14,51%;14,50%;14,45%;14,30%;14,06%;13,81%
521010;IPAMERI;17,72%;17,26%;16,78%;16,29%;15,84%;15,50%;15,23%;15,00%;14,80%;14,68%;14,66%;14,66%;14,66%;14,60%;14,44%;14,18%;13,93%
521015;IPIRANGA DE GOIAS;16,09%;15,44%;14,82%;14,30%;13,89%;13,47%;13,27%;12,95%;12,73%;12,61%;12,68%;12,67%;12,58%;12,52%;12,19%;11,94%;11,52%
521020;IPORA;15,73%;15,28%;14,89%;14,54%;14,25%;14,04%;13,92%;13,80%;13,73%;13,76%;13,88%;14,03%;14,16%;14,23%;14,17%;14,00%;13,79%
521030;ISRAELANDIA;15,38%;14,60%;13,86%;13,34%;12,80%;12,40%;11,96%;11,62%;11,34%;11,27%;11,26%;11,34%;11,28%;11,19%;10,91%;10,55%;10,26%
521040;ITABERAI;18,73%;18,31%;17,92%;17,56%;17,25%;17,03%;16,88%;16,74%;16,61%;16,56%;16,57%;16,57%;16,56%;16,54%;16,43%;16,30%;16,12%
521056;ITAGUARI;17,56%;17,25%;16,92%;16,50%;16,07%;15,72%;15,40%;15,08%;14,76%;14,37%;14,07%;13,78%;13,47%;13,34%;13,07%;12,91%;12,73%
521060;ITAGUARU;15,83%;15,26%;14,52%;13,82%;13,10%;12,65%;12,24%;11,84%;11,53%;11,46%;11,52%;11,67%;11,72%;11,76%;11,55%;11,27%;10,94%
521080;ITAJA;17,81%;17,14%;16,52%;16,01%;15,57%;15,19%;14,95%;14,70%;14,55%;14,38%;14,26%;14,26%;14,23%;14,08%;13,88%;13,54%;13,33%
521090;ITAPACI;19,99%;19,44%;18,88%;18,35%;17,88%;17,52%;17,26%;16,99%;16,74%;16,57%;16,47%;16,36%;16,25%;16,14%;15,97%;15,75%;15,53%
521100;ITAPIRAPUA;17,58%;16,88%;16,15%;15,43%;14,89%;14,47%;14,14%;13,82%;13,64%;13,63%;13,74%;13,83%;13,96%;14,02%;13,81%;13,55%;13,24%
521120;ITAPURANGA;16,62%;16,14%;15,63%;15,13%;14,68%;14,33%;14,03%;13,76%;13,52%;13,36%;13,31%;13,25%;13,20%;13,11%;12,90%;12,61%;12,30%
521130;ITARUMA;19,78%;19,21%;18,59%;18,17%;17,66%;17,27%;16,99%;16,68%;16,43%;16,27%;16,25%;16,20%;16,14%;15,95%;15,68%;15,37%;15,01%
521140;ITAUCU;15,66%;15,16%;14,64%;14,12%;13,60%;13,23%;12,99%;12,76%;12,57%;12,53%;12,64%;12,69%;12,77%;12,78%;12,53%;12,22%;11,89%
521150;ITUMBIARA;17,14%;16,79%;16,46%;16,16%;15,90%;15,72%;15,61%;15,51%;15,43%;15,41%;15,45%;15,50%;15,54%;15,54%;15,46%;15,32%;15,14%
521160;IVOLANDIA;15,67%;15,44%;14,93%;14,59%;14,17%;13,85%;13,51%;13,39%;13,24%;13,30%;13,34%;13,46%;13,50%;13,44%;13,19%;13,01%;12,85%
521170;JANDAIA;16,33%;15,84%;15,41%;15,02%;14,62%;14,35%;14,08%;13,77%;13,58%;13,45%;13,37%;13,31%;13,24%;13,19%;13,04%;12,80%;12,55%
521180;JARAGUA;20,64%;20,07%;19,48%;18,88%;18,32%;17,85%;17,46%;17,08%;16,71%;16,41%;16,20%;15,97%;15,75%;15,54%;15,28%;14,97%;14,64%
521190;JATAI;19,54%;19,14%;18,78%;18,43%;18,11%;17,85%;17,65%;17,45%;17,24%;17,03%;16,86%;16,68%;16,51%;16,35%;16,17%;15,99%;15,77%
521200;JAUPACI;17,86%;17,10%;16,34%;15,44%;14,71%;14,11%;13,61%;13,11%;12,85%;12,68%;12,58%;12,65%;12,70%;12,56%;12,41%;11,98%;11,77%
521205;JESUPOLIS;19,15%;18,44%;17,88%;17,47%;17,03%;16,59%;16,41%;16,18%;16,04%;15,95%;15,85%;15,83%;15,70%;15,56%;15,09%;14,50%;13,92%
521210;JOVIANIA;18,13%;17,74%;17,31%;16,87%;16,43%;16,07%;15,79%;15,52%;15,26%;15,15%;15,04%;15,05%;15,01%;14,93%;14,80%;14,64%;14,45%
521220;JUSSARA;17,89%;17,31%;16,69%;16,08%;15,55%;15,16%;14,88%;14,64%;14,45%;14,41%;14,46%;14,56%;14,61%;14,61%;14,42%;14,11%;13,78%
521225;LAGOA SANTA;18,44%;17,73%;16,96%;16,17%;15,74%;15,72%;15,52%;15,29%;15,08%;15,73%;16,19%;16,72%;17,55%;17,90%;17,80%;17,60%;17,63%
521230;LEOPOLDO DE BULHOES;19,74%;19,21%;18,65%;18,10%;17,61%;17,19%;16,90%;16,58%;16,30%;16,11%;15,96%;15,82%;15,67%;15,51%;15,23%;14,98%;14,66%
521250;LUZIANIA;24,37%;23,63%;23,00%;22,42%;21,90%;21,46%;21,10%;20,73%;20,35%;20,00%;19,70%;19,38%;19,09%;18,81%;18,53%;18,22%;17,91%
521260;MAIRIPOTABA;15,78%;15,32%;14,91%;14,55%;14,14%;13,82%;13,60%;13,31%;13,02%;12,98%;12,76%;12,64%;12,56%;12,32%;12,09%;11,88%;11,36%
521270;MAMBAI;25,01%;24,56%;24,03%;23,46%;22,90%;22,44%;22,02%;21,64%;21,25%;20,96%;20,75%;20,53%;20,37%;20,26%;20,13%;20,00%;19,93%
521280;MARA ROSA;18,63%;18,05%;17,54%;17,02%;16,53%;16,17%;15,80%;15,52%;15,23%;15,11%;15,09%;15,07%;15,10%;15,04%;14,92%;14,72%;14,55%
521290;MARZAGAO;18,94%;18,16%;17,76%;17,22%;17,08%;16,91%;16,89%;16,80%;16,77%;16,69%;16,62%;16,69%;16,62%;16,59%;16,50%;16,42%;16,49%
521295;MATRINCHA;18,95%;18,23%;17,47%;16,72%;16,09%;15,58%;15,18%;14,79%;14,41%;14,30%;14,19%;14,20%;14,16%;14,12%;13,87%;13,46%;12,99%
521300;MAURILANDIA;22,44%;22,09%;21,72%;21,30%;20,89%;20,53%;20,16%;19,82%;19,46%;19,01%;18,65%;18,25%;17,86%;17,42%;16,90%;16,44%;15,90%
521305;MIMOSO DE GOIAS;21,03%;20,24%;19,44%;18,63%;17,99%;17,51%;17,09%;16,84%;16,52%;16,34%;16,22%;16,27%;16,18%;15,95%;15,82%;15,34%;15,08%
521308;MINACU;19,59%;18,85%;18,10%;17,41%;16,83%;16,40%;16,06%;15,75%;15,52%;15,42%;15,44%;15,50%;15,52%;15,44%;15,19%;14,74%;14,27%
521310;MINEIROS;19,23%;18,85%;18,59%;18,40%;18,26%;18,19%;18,20%;18,18%;18,15%;18,11%;18,11%;18,07%;18,03%;18,00%;17,93%;17,87%;17,76%
521340;MOIPORA;15,89%;15,11%;14,26%;13,73%;13,33%;13,00%;12,77%;12,36%;12,25%;12,32%;12,36%;12,36%;12,51%;12,46%;12,19%;11,87%;11,56%
521350;MONTE ALEGRE DE GOIAS;24,30%;23,83%;23,44%;22,92%;22,56%;22,21%;22,02%;21,74%;21,47%;21,23%;21,05%;20,78%;20,55%;20,24%;19,77%;19,20%;18,55%
521370;MONTES CLAROS DE GOIAS;17,38%;16,75%;16,19%;15,66%;15,21%;14,92%;14,65%;14,41%;14,32%;14,28%;14,41%;14,55%;14,69%;14,75%;14,57%;14,44%;14,23%
521375;MONTIVIDIU;20,03%;19,63%;19,32%;19,00%;18,70%;18,51%;18,35%;18,19%;18,00%;17,87%;17,79%;17,69%;17,60%;17,52%;17,41%;17,27%;17,14%
521377;MONTIVIDIU DO NORTE;23,06%;22,08%;20,96%;19,82%;18,86%;17,92%;17,19%;16,53%;15,96%;15,72%;15,57%;15,65%;15,64%;15,55%;15,21%;14,72%;14,29%
521380;MORRINHOS;17,26%;16,82%;16,43%;16,07%;15,76%;15,53%;15,38%;15,23%;15,10%;15,04%;15,05%;15,06%;15,09%;15,09%;15,01%;14,89%;14,74%
521385;MORRO AGUDO DE GOIAS;17,12%;16,32%;15,61%;14,87%;14,37%;14,15%;13,80%;13,77%;13,58%;13,66%;13,72%;13,96%;14,07%;14,09%;13,83%;13,29%;12,97%
521390;MOSSAMEDES;15,14%;14,64%;14,09%;13,50%;13,01%;12,76%;12,48%;12,27%;12,13%;12,06%;12,23%;12,39%;12,49%;12,47%;12,26%;12,05%;11,82%
521400;MOZARLANDIA;20,12%;19,65%;19,19%;18,76%;18,37%;18,09%;17,89%;17,71%;17,55%;17,52%;17,57%;17,65%;17,70%;17,71%;17,58%;17,35%;17,10%
521405;MUNDO NOVO;19,90%;19,32%;18,66%;17,96%;17,27%;16,76%;16,35%;15,89%;15,49%;15,23%;15,05%;14,93%;14,73%;14,51%;14,19%;13,80%;13,40%
521410;MUTUNOPOLIS;19,12%;18,37%;17,58%;16,85%;16,17%;15,67%;15,15%;14,77%;14,39%;14,23%;14,26%;14,37%;14,41%;14,29%;14,09%;13,84%;13,45%
521440;NAZARIO;17,65%;17,20%;16,77%;16,26%;15,92%;15,63%;15,46%;15,32%;15,18%;15,24%;15,36%;15,52%;15,62%;15,65%;15,47%;15,19%;14,85%
521450;NEROPOLIS;19,76%;19,31%;18,95%;18,64%;18,37%;18,17%;18,04%;17,89%;17,75%;17,65%;17,60%;17,53%;17,46%;17,39%;17,26%;17,09%;16,89%
521460;NIQUELANDIA;20,51%;19,88%;19,23%;18,56%;17,92%;17,39%;16,94%;16,47%;16,02%;15,61%;15,26%;14,90%;14,55%;14,17%;13,71%;13,18%;12,66%
521470;NOVA AMERICA;16,64%;15,99%;15,28%;14,70%;14,35%;14,18%;14,01%;13,78%;13,61%;13,74%;13,93%;13,98%;14,17%;14,09%;13,91%;13,73%;13,32%
521480;NOVA AURORA;16,52%;16,44%;16,17%;15,76%;15,28%;14,93%;14,74%;14,57%;14,29%;14,07%;13,84%;13,55%;13,44%;13,05%;12,66%;12,35%;12,15%
521483;NOVA CRIXAS;20,36%;19,80%;19,29%;18,82%;18,38%;18,01%;17,72%;17,47%;17,22%;17,11%;17,07%;17,05%;17,06%;17,03%;16,90%;16,74%;16,52%
521486;NOVA GLORIA;17,08%;16,58%;16,00%;15,41%;14,87%;14,43%;14,12%;13,77%;13,47%;13,27%;13,20%;13,15%;13,07%;12,92%;12,59%;12,24%;11,85%
521487;NOVA IGUACU DE GOIAS;19,28%;18,73%;18,31%;18,00%;17,67%;17,39%;17,25%;17,11%;17,00%;16,95%;16,94%;16,96%;16,88%;16,78%;16,39%;16,02%;15,63%
521490;NOVA ROMA;21,28%;20,96%;20,44%;19,94%;19,25%;18,72%;18,29%;17,94%;17,53%;17,07%;16,80%;16,64%;16,45%;16,25%;16,05%;15,75%;15,42%
521500;NOVA VENEZA;18,52%;18,08%;17,63%;17,18%;16,77%;16,36%;16,05%;15,77%;15,47%;15,23%;15,06%;14,91%;14,75%;14,62%;14,37%;14,10%;13,90%
521520;NOVO BRASIL;14,90%;14,37%;13,83%;13,36%;12,93%;12,62%;12,45%;12,27%;12,12%;12,14%;12,34%;12,52%;12,65%;12,82%;12,73%;12,64%;12,48%
521523;NOVO GAMA;25,44%;24,65%;23,98%;23,36%;22,80%;22,32%;21,93%;21,53%;21,11%;20,73%;20,40%;20,05%;19,71%;19,38%;19,03%;18,64%;18,23%
521525;NOVO PLANALTO;19,09%;18,23%;17,38%;16,75%;16,19%;15,91%;15,61%;15,42%;15,25%;15,24%;15,26%;15,33%;15,44%;15,29%;14,86%;14,34%;13,83%
521530;ORIZONA;16,91%;16,26%;15,64%;15,14%;14,72%;14,39%;14,16%;13,92%;13,78%;13,75%;13,87%;14,00%;14,15%;14,23%;14,20%;14,07%;13,97%
521540;OURO VERDE DE GOIAS;17,68%;16,89%;16,11%;15,38%;14,79%;14,34%;14,05%;13,79%;13,68%;13,71%;13,88%;14,08%;14,30%;14,35%;14,33%;14,09%;13,75%
521550;OUVIDOR;16,60%;16,52%;16,39%;16,22%;16,12%;15,97%;15,88%;15,77%;15,60%;15,40%;15,16%;14,93%;14,75%;14,57%;14,37%;14,25%;14,10%
521560;PADRE BERNARDO;24,92%;24,18%;23,47%;22,77%;22,14%;21,59%;21,14%;20,69%;20,26%;19,85%;19,53%;19,19%;18,87%;18,60%;18,31%;18,00%;17,66%
521565;PALESTINA DE GOIAS;16,36%;15,72%;15,15%;14,72%;14,32%;14,16%;14,07%;13,96%;13,81%;13,89%;14,16%;14,29%;14,44%;14,52%;14,18%;13,83%;13,49%
521570;PALMEIRAS DE GOIAS;17,50%;17,11%;16,77%;16,47%;16,25%;16,13%;16,09%;16,08%;16,10%;16,24%;16,47%;16,71%;16,94%;17,11%;17,11%;17,01%;16,94%
521580;PALMELO;17,58%;16,92%;16,10%;15,33%;14,66%;14,07%;13,39%;12,88%;12,54%;12,54%;12,64%;12,58%;12,47%;12,66%;12,68%;12,45%;12,44%
521590;PALMINOPOLIS;15,09%;14,56%;14,07%;13,73%;13,46%;13,29%;13,11%;12,97%;12,90%;13,03%;13,21%;13,54%;13,73%;13,90%;13,95%;13,86%;13,69%
521600;PANAMA;17,27%;16,87%;16,48%;15,88%;15,37%;15,15%;14,82%;14,52%;14,25%;14,10%;13,89%;13,82%;13,70%;13,42%;13,05%;12,82%;12,42%
521630;PARANAIGUARA;17,66%;17,39%;17,07%;16,59%;16,15%;15,80%;15,49%;15,21%;14,86%;14,54%;14,26%;13,92%;13,56%;13,21%;12,71%;12,25%;11,75%
521640;PARAUNA;18,87%;18,45%;18,06%;17,63%;17,28%;16,95%;16,67%;16,40%;16,12%;15,96%;15,87%;15,76%;15,70%;15,61%;15,46%;15,26%;15,04%
521645;PEROLANDIA;21,74%;20,85%;20,05%;19,35%;18,67%;18,15%;17,88%;17,50%;17,40%;17,17%;17,09%;17,04%;16,94%;16,79%;16,53%;16,00%;15,47%
521680;PETROLINA DE GOIAS;16,11%;15,67%;15,15%;14,68%;14,23%;13,90%;13,61%;13,35%;13,12%;12,98%;12,89%;12,88%;12,80%;12,71%;12,47%;12,15%;11,81%
521690;PILAR DE GOIAS;16,50%;15,85%;15,18%;14,61%;14,14%;13,71%;13,43%;13,10%;13,00%;13,15%;13,41%;13,72%;14,06%;14,30%;14,35%;14,03%;14,02%
521710;PIRACANJUBA;16,36%;15,83%;15,34%;14,85%;14,44%;14,13%;13,88%;13,65%;13,44%;13,34%;13,34%;13,35%;13,36%;13,33%;13,21%;13,00%;12,78%
521720;PIRANHAS;16,34%;15,71%;15,11%;14,58%;14,13%;13,84%;13,61%;13,40%;13,28%;13,28%;13,48%;13,69%;13,90%;14,02%;13,97%;13,88%;13,74%
521730;PIRENOPOLIS;20,03%;19,44%;18,84%;18,25%;17,70%;17,25%;16,87%;16,51%;16,16%;15,87%;15,65%;15,45%;15,24%;15,02%;14,75%;14,45%;14,12%
521740;PIRES DO RIO;17,09%;16,61%;16,12%;15,62%;15,20%;14,87%;14,59%;14,35%;14,16%;14,06%;14,07%;14,10%;14,13%;14,15%;14,10%;13,98%;13,86%
521760;PLANALTINA;24,90%;23,98%;23,26%;22,67%;22,18%;21,79%;21,48%;21,16%;20,83%;20,50%;20,21%;19,88%;19,56%;19,27%;18,94%;18,62%;18,25%
521770;PONTALINA;17,04%;16,43%;15,82%;15,25%;14,75%;14,38%;14,09%;13,82%;13,59%;13,46%;13,41%;13,38%;13,32%;13,25%;13,05%;12,82%;12,57%
521800;PORANGATU;20,12%;19,67%;19,21%;18,72%;18,26%;17,90%;17,61%;17,32%;17,02%;16,74%;16,52%;16,29%;16,07%;15,82%;15,50%;15,13%;14,74%
521805;PORTEIRAO;21,64%;21,19%;20,77%;20,40%;20,03%;19,85%;19,66%;19,45%;19,26%;19,09%;18,89%;18,57%;18,42%;18,18%;18,05%;17,80%;17,61%
521810;PORTELANDIA;19,80%;19,09%;18,29%;17,67%;17,10%;16,67%;16,30%;15,93%;15,78%;15,72%;15,84%;15,89%;15,80%;15,77%;15,53%;15,03%;14,45%
521830;POSSE;23,42%;22,89%;22,40%;21,94%;21,48%;21,10%;20,80%;20,47%;20,11%;19,75%;19,40%;19,01%;18,65%;18,32%;17,97%;17,62%;17,25%
521839;PROFESSOR JAMIL;18,13%;17,52%;16,90%;16,39%;15,81%;15,40%;14,99%;14,60%;14,39%;14,26%;14,10%;14,04%;14,01%;13,87%;13,56%;13,32%;12,99%
521850;QUIRINOPOLIS;17,75%;17,51%;17,27%;17,00%;16,74%;16,55%;16,42%;16,28%;16,14%;16,01%;15,91%;15,81%;15,71%;15,58%;15,38%;15,13%;14,86%
521860;RIALMA;17,32%;16,70%;16,01%;15,43%;14,93%;14,58%;14,37%;14,14%;14,00%;14,03%;14,25%;14,45%;14,70%;14,86%;14,84%;14,68%;14,54%
521870;RIANAPOLIS;20,00%;19,58%;18,94%;18,26%;17,55%;16,86%;16,30%;15,73%;15,23%;14,86%;14,48%;14,16%;13,86%;13,61%;13,19%;12,87%;12,61%
521878;RIO QUENTE;20,89%;20,57%;20,26%;19,72%;19,22%;18,70%;18,31%;17,99%;17,49%;17,09%;16,83%;16,58%;16,31%;16,11%;15,90%;15,72%;15,55%
521880;RIO VERDE;19,41%;19,15%;18,99%;18,83%;18,66%;18,53%;18,44%;18,33%;18,17%;17,99%;17,80%;17,58%;17,38%;17,22%;17,07%;16,96%;16,81%
521890;RUBIATABA;17,97%;17,44%;16,90%;16,34%;15,84%;15,44%;15,10%;14,80%;14,54%;14,38%;14,31%;14,26%;14,21%;14,13%;13,97%;13,76%;13,52%
521900;SANCLERLANDIA;16,94%;16,44%;15,90%;15,35%;14,87%;14,52%;14,20%;13,92%;13,69%;13,57%;13,58%;13,61%;13,65%;13,61%;13,41%;13,17%;12,91%
521910;SANTA BARBARA DE GOIAS;19,90%;19,50%;19,09%;18,69%;18,27%;17,93%;17,62%;17,34%;17,01%;16,76%;16,50%;16,23%;15,97%;15,71%;15,44%;15,13%;14,83%
521920;SANTA CRUZ DE GOIAS;17,58%;17,06%;16,48%;15,84%;15,17%;14,72%;14,45%;14,20%;13,92%;13,69%;13,55%;13,55%;13,50%;13,26%;12,74%;12,23%;11,68%
521925;SANTA FE DE GOIAS;20,82%;20,23%;19,57%;18,96%;18,35%;17,92%;17,57%;17,27%;16,93%;16,69%;16,56%;16,46%;16,36%;16,21%;15,76%;15,35%;14,88%
521930;SANTA HELENA DE GOIAS;18,51%;18,09%;17,66%;17,24%;16,83%;16,50%;16,23%;15,97%;15,72%;15,55%;15,42%;15,32%;15,20%;15,06%;14,84%;14,57%;14,27%
521935;SANTA ISABEL;15,80%;15,10%;14,53%;13,88%;13,53%;13,14%;12,87%;12,68%;12,54%;12,56%;12,75%;12,86%;13,06%;13,16%;12,96%;12,82%;12,45%
521940;SANTA RITA DO ARAGUAIA;20,78%;20,19%;19,54%;18,90%;18,28%;17,74%;17,35%;17,01%;16,66%;16,46%;16,39%;16,42%;16,33%;16,17%;15,97%;15,59%;15,21%
521945;SANTA RITA DO NOVO DESTINO;18,14%;17,38%;16,73%;16,09%;15,52%;15,21%;14,99%;14,76%;14,46%;14,45%;14,30%;14,36%;14,31%;14,12%;13,69%;13,26%;12,72%
521950;SANTA ROSA DE GOIAS;15,32%;14,84%;14,37%;13,74%;13,33%;12,98%;12,73%;12,40%;12,23%;12,08%;12,15%;12,24%;12,27%;12,35%;12,27%;11,98%;11,63%
521960;SANTA TEREZA DE GOIAS;20,02%;19,51%;18,83%;18,06%;17,28%;16,65%;16,07%;15,57%;15,04%;14,65%;14,41%;14,09%;13,92%;13,58%;13,16%;12,68%;12,26%
521970;SANTA TEREZINHA DE GOIAS;17,99%;17,41%;16,78%;16,20%;15,75%;15,39%;15,14%;14,89%;14,74%;14,73%;14,79%;14,93%;15,02%;15,04%;14,81%;14,52%;14,13%
521971;SANTO ANTONIO DA BARRA;20,17%;19,49%;18,78%;18,20%;17,62%;17,29%;16,99%;16,67%;16,40%;16,19%;15,99%;15,77%;15,70%;15,44%;15,15%;14,63%;14,14%
521973;SANTO ANTONIO DE GOIAS;20,15%;19,74%;19,40%;19,14%;18,93%;18,67%;18,62%;18,48%;18,25%;17,94%;17,65%;17,30%;16,95%;16,65%;16,26%;15,99%;15,66%
521975;SANTO ANTONIO DO DESCOBERTO;25,71%;24,91%;24,21%;23,57%;23,00%;22,54%;22,16%;21,78%;21,39%;21,03%;20,74%;20,42%;20,11%;19,82%;19,49%;19,12%;18,74%
521980;SAO DOMINGOS;22,96%;22,41%;21,76%;21,08%;20,44%;19,92%;19,47%;19,02%;18,57%;18,16%;17,77%;17,42%;17,08%;16,75%;16,31%;15,75%;15,24%
521990;SAO FRANCISCO DE GOIAS;18,60%;18,02%;17,53%;17,07%;16,81%;16,61%;16,48%;16,30%;16,16%;16,04%;15,96%;15,90%;15,80%;15,60%;15,21%;14,81%;14,25%
522000;SAO JOAO D'ALIANCA;24,99%;24,45%;23,95%;23,42%;22,87%;22,37%;21,95%;21,49%;21,02%;20,54%;20,08%;19,58%;19,15%;18,83%;18,58%;18,48%;18,33%
522005;SAO JOAO DA PARAUNA;16,44%;15,96%;15,50%;15,16%;14,66%;14,46%;14,12%;14,06%;13,97%;13,84%;13,65%;13,66%;13,59%;13,41%;13,17%;12,84%;12,53%
522010;SAO LUIS DE MONTES BELOS;16,50%;16,02%;15,60%;15,22%;14,91%;14,67%;14,50%;14,33%;14,20%;14,16%;14,19%;14,24%;14,29%;14,32%;14,30%;14,24%;14,14%
522015;SAO LUIZ DO NORTE;20,76%;20,42%;19,97%;19,50%;18,97%;18,59%;18,33%;18,06%;17,80%;17,57%;17,36%;17,11%;16,85%;16,50%;16,06%;15,67%;15,17%
522020;SAO MIGUEL DO ARAGUAIA;19,08%;18,40%;17,71%;17,05%;16,49%;16,04%;15,67%;15,34%;15,04%;14,85%;14,76%;14,69%;14,61%;14,48%;14,24%;13,88%;13,48%
522026;SAO MIGUEL DO PASSA QUATRO;19,17%;18,86%;18,44%;18,03%;17,63%;17,23%;17,02%;16,80%;16,42%;16,11%;15,64%;15,34%;14,95%;14,54%;14,08%;13,66%;13,17%
522028;SAO PATRICIO;16,34%;15,87%;15,15%;14,69%;14,25%;13,93%;13,86%;13,63%;13,49%;13,48%;13,58%;13,77%;13,85%;13,67%;13,47%;13,15%;12,73%
522040;SAO SIMAO;17,48%;16,92%;16,39%;15,94%;15,57%;15,30%;15,14%;14,94%;14,84%;14,79%;14,83%;14,88%;14,93%;14,87%;14,68%;14,39%;14,06%
522045;SENADOR CANEDO;22,91%;22,36%;22,00%;21,73%;21,50%;21,33%;21,24%;21,11%;20,91%;20,65%;20,37%;20,04%;19,74%;19,52%;19,36%;19,28%;19,16%
522050;SERRANOPOLIS;19,52%;18,99%;18,56%;18,13%;17,81%;17,58%;17,38%;17,20%;17,06%;16,98%;16,90%;16,87%;16,81%;16,70%;16,49%;16,23%;15,92%
522060;SILVANIA;19,09%;18,43%;17,78%;17,23%;16,75%;16,39%;16,10%;15,84%;15,61%;15,45%;15,37%;15,31%;15,24%;15,13%;14,92%;14,68%;14,38%
522068;SIMOLANDIA;23,78%;23,43%;22,94%;22,36%;21,65%;21,05%;20,49%;19,90%;19,28%;18,65%;18,08%;17,54%;16,99%;16,58%;16,11%;15,62%;15,16%
522070;SITIO D'ABADIA;21,80%;21,02%;20,23%;19,61%;18,96%;18,57%;18,25%;17,87%;17,62%;17,36%;17,14%;16,98%;16,77%;16,59%;16,24%;15,84%;15,58%
522100;TAQUARAL DE GOIAS;13,66%;12,84%;12,47%;11,91%;11,75%;11,74%;11,81%;11,93%;11,99%;12,22%;12,54%;12,91%;13,09%;13,26%;13,02%;12,78%;12,37%
522108;TERESINA DE GOIAS;26,27%;25,78%;25,24%;24,61%;24,21%;23,89%;23,55%;23,28%;23,00%;22,81%;22,58%;22,27%;21,98%;21,78%;21,38%;20,82%;20,26%
522119;TEREZOPOLIS DE GOIAS;22,28%;21,68%;21,04%;20,50%;19,95%;19,45%;19,08%;18,65%;18,17%;17,82%;17,43%;17,02%;16,69%;16,31%;15,89%;15,60%;15,22%
522130;TRES RANCHOS;16,53%;15,82%;15,19%;14,61%;14,08%;13,80%;13,51%;13,25%;13,14%;13,02%;13,10%;13,31%;13,36%;13,31%;12,89%;12,56%;12,30%
522140;TRINDADE;20,19%;19,66%;19,21%;18,84%;18,53%;18,32%;18,18%;18,05%;17,91%;17,81%;17,76%;17,69%;17,62%;17,54%;17,42%;17,27%;17,08%
522145;TROMBAS;19,20%;18,62%;17,97%;17,26%;16,64%;16,07%;15,56%;15,09%;14,68%;14,42%;14,22%;13,94%;13,75%;13,62%;13,34%;12,94%;12,63%
522150;TURVANIA;16,23%;15,61%;15,02%;14,53%;14,03%;13,66%;13,43%;13,20%;13,00%;13,00%;13,14%;13,33%;13,47%;13,52%;13,25%;12,97%;12,56%
522155;TURVELANDIA;22,28%;22,06%;21,77%;21,40%;21,00%;20,62%;20,32%;19,96%;19,61%;19,31%;19,04%;18,72%;18,39%;18,10%;17,86%;17,47%;17,17%
522157;UIRAPURU;20,35%;19,57%;18,61%;17,77%;17,00%;16,46%;15,92%;15,42%;14,99%;14,79%;14,58%;14,40%;14,28%;14,07%;13,70%;13,24%;12,83%
522160;URUACU;19,30%;18,84%;18,40%;17,98%;17,60%;17,32%;17,10%;16,88%;16,67%;16,48%;16,33%;16,18%;16,03%;15,86%;15,64%;15,38%;15,08%
522170;URUANA;17,20%;16,68%;16,16%;15,65%;15,19%;14,81%;14,50%;14,22%;13,97%;13,77%;13,66%;13,59%;13,52%;13,42%;13,24%;13,00%;12,75%
522180;URUTAI;17,53%;17,05%;16,59%;16,06%;15,56%;15,16%;14,84%;14,55%;14,41%;14,34%;14,39%;14,44%;14,55%;14,68%;14,65%;14,51%;14,49%
522185;VALPARAISO DE GOIAS;23,42%;22,84%;22,43%;22,11%;21,80%;21,52%;21,30%;21,05%;20,73%;20,35%;19,95%;19,51%;19,10%;18,77%;18,53%;18,39%;18,21%
522190;VARJAO;17,44%;16,88%;16,21%;15,62%;15,17%;14,90%;14,51%;14,16%;14,03%;13,86%;13,88%;13,75%;13,71%;13,57%;13,19%;12,71%;12,28%
522200;VIANOPOLIS;19,57%;18,99%;18,40%;17,89%;17,42%;17,05%;16,77%;16,51%;16,32%;16,24%;16,24%;16,26%;16,28%;16,29%;16,23%;16,08%;15,91%
522205;VICENTINOPOLIS;20,12%;19,76%;19,44%;19,08%;18,74%;18,44%;18,19%;17,93%;17,69%;17,45%;17,31%;17,11%;16,97%;16,87%;16,77%;16,65%;16,59%
522220;VILA BOA;25,13%;24,38%;23,87%;23,32%;22,86%;22,43%;22,18%;21,84%;21,39%;21,00%;20,55%;20,21%;19,85%;19,35%;18,82%;18,23%;17,76%
522230;VILA PROPICIO;21,92%;21,19%;20,38%;19,70%;19,04%;18,54%;18,11%;17,70%;17,27%;17,05%;16,97%;16,82%;16,71%;16,61%;16,41%;16,13%;15,83%
