cod_mun;Município;2010;2011;2012;2013;2014;2015;2016;2017;2018;2019;2020;2021;2022
520005;ABADIA DE GOIAS;111,76;105,88;139,22;193,48;84,62;94,07;75,97;79,87;62;81,63;62,24;48,1;52,76
520010;ABADIANIA;137,43;108,38;115,64;92,03;40,49;34,76;43,69;78,64;95,83;70,59;86,27;103,93;177,54
520013;ACREUNA;102,63;102,63;113,16;95,29;93,93;98,18;96,58;102,74;102,8;79,34;74,17;82,75;77,08
520015;ADELANDIA;92,59;103,7;122,22;122,22;121,43;76,92;152,38;104,76;152;104,55;100;29,17;176,47
520017;AGUA FRIA DE GOIAS;73,33;93,33;66,67;67,35;98,11;54,9;36,36;58,18;91,49;104,55;154,55;50;20
520020;AGUA LIMPA;130,77;184,62;115,38;90,91;100;152,94;78,26;104,35;73,68;100;18,18;127,27;181,82
520025;AGUAS LINDAS DE GOIAS;131,51;148,59;134,12;102;108,69;91,68;52,4;75,62;73,27;96,26;105,18;93,26;83,56
520030;ALEXANIA;100,31;77,57;70,4;72,44;70,67;77,11;86,22;94,49;95,57;80,55;41,42;42,6;84,47
520050;ALOANDIA;75;91,67;112,5;147,83;132;148;81,25;46,88;65,22;86,67;153,33;46,67;44,83
520055;ALTO HORIZONTE;101,54;110,77;113,85;80,77;96,67;146,67;108,42;122,11;96,88;108,94;78,05;83,78;84,43
520060;ALTO PARAISO DE GOIAS;100,98;57,84;70,59;66,29;49,49;39,6;85,56;91,11;69,7;82,07;97,24;46,9;70,5
520080;ALVORADA DO NORTE;103,33;94;108;183;63,95;87,8;82,84;91,04;91,34;81,62;99,26;64,43;53,52
520082;AMARALINA;60;85;120;120,69;50;61,9;109,09;113,64;76;92,31;61,54;40,74;135
520085;AMERICANO DO BRASIL;117,46;122,22;165,08;114,29;86,6;85,9;62,5;96,25;170,83;89,29;122,62;72,29;87,5
520090;AMORINOPOLIS;73,33;97,78;100;87,8;121,95;167,74;68,29;107,32;134,29;115,79;113,16;35,14;32,35
520110;ANAPOLIS;125,5;148,23;126,8;132,85;126,81;118,15;113,26;102,66;97,75;96,37;78,02;93,8;95,86
520120;ANHANGUERA;130;80;60;71,43;80;53,85;137,5;62,5;30,77;114,29;57,14;62,5;100
520130;ANICUNS;92,55;118,43;83,92;131,31;77,13;96,71;94,44;81,02;69,83;95,41;100;63,64;116,23
520140;APARECIDA DE GOIANIA;154,81;154,22;101,34;114,17;122,21;110,53;109,17;75,59;69,75;82,44;60,75;47,54;61,15
520145;APARECIDA DO RIO DOCE;75;85,71;75;35,71;118,52;165;120;92,5;102,78;116,67;150;55,56;103,23
520150;APORE;84,75;71,19;98,31;192,16;113,64;68,57;77,46;73,24;85,94;92,31;72,31;76,47;145,1
520160;ARACU;97,78;93,33;106,67;261,54;223,81;109,68;126,09;152,17;124,24;77,19;31,58;39,02;152
520170;ARAGARCAS;104,65;122,92;117,28;130,18;124,74;170,57;75,97;87,34;96,84;129,63;97,12;91,29;105,03
520180;ARAGOIANIA;89,47;113,16;95,61;163,64;82,05;95,28;86,73;108,85;93,94;94,49;96,06;96,24;69,57
520215;ARAGUAPAZ;88,54;93,75;72,92;131,4;127,03;136,67;253,19;174,47;103,41;65,22;32,61;24,07;60,78
520235;ARENOPOLIS;122,58;112,9;93,55;170,97;142,42;102,56;76,74;88,37;128,57;151,28;92,31;38,1;108,11
520250;ARUANA;93,42;122,37;135,53;133,33;147,01;100;50;69,01;115,84;62,5;99,17;37;68,04
520260;AURILANDIA;115,62;134,38;131,25;64,29;127,03;103,57;91,43;88,57;152;82,14;96,43;112;125,81
520280;AVELINOPOLIS;109,09;69,7;100;235;136;213,04;152,63;147,37;127,27;127,78;88,89;72;152,17
520310;BALIZA;52,94;70,59;61,76;70,73;80,65;102,63;52;80;116,67;83,87;77,42;54,84;75,76
520320;BARRO ALTO;84;100;104;104;120,83;160;119,01;112,4;95,24;109,22;108,51;79,88;75,31
520330;BELA VISTA DE GOIAS;89,18;92,13;114,75;127,46;97,72;108,22;59,45;84,93;95,29;77,22;32,97;27,84;41,77
520340;BOM JARDIM DE GOIAS;104,65;110,47;115,12;83,65;77,88;133,33;111,11;120,83;145;95,96;91,92;94,39;93,48
520350;BOM JESUS DE GOIAS;111,95;118,87;110,06;119,32;130,25;117,31;88,69;101,49;97,67;95,75;95,18;88,59;99,68
520355;BONFINOPOLIS;98,02;112,87;130,69;91,84;138,79;132,11;137,17;145,13;138,52;125,66;76,11;58,26;121,82
520357;BONOPOLIS;102,27;93,18;100;126,32;68,89;79,49;94,87;110,26;91,89;147,22;94,44;44;55
520360;BRAZABRANTES;121,74;165,22;173,91;97,14;92,68;137,5;104,44;75,56;68;62;66;106,06;87,5
520380;BRITANIA;130,14;112,33;113,7;118,31;108,97;74,32;116,42;140,3;101,18;118,39;87,36;120,25;108,64
520390;BURITI ALEGRE;100;92,98;92,98;85,71;93,64;104,04;51,4;128,97;105,79;91,1;84,93;85,27;112,3
520393;BURITI DE GOIAS;117,24;117,24;89,66;140;138,46;203,45;82,86;94,29;132,26;72,73;112,12;126,09;110,34
520396;BURITINOPOLIS;82;90;38;64,52;38,24;44,44;66,67;107,41;164,52;135;70;63,27;111,11
520400;CABECEIRAS;114,74;81,05;60;40,95;42,61;33,9;34,45;45,38;50;86;86;73,04;84
520410;CACHOEIRA ALTA;88,78;105,1;86,73;118,18;133,33;118,49;112,88;106,82;91,11;99,25;127,82;68,21;70,78
520420;CACHOEIRA DE GOIAS;100;69,23;130,77;121,43;157,14;60,87;115,38;76,92;76,47;120;220;100;100
520425;CACHOEIRA DOURADA;88,39;79,46;76,79;158,97;55,26;41,12;41,3;66,67;83,81;81,05;75,79;56,32;55,43
520430;CACU;82,58;82,58;85,81;128;143,7;102,47;106,51;94,08;102,29;89,94;86,39;87,43;77,02
520440;CAIAPONIA;92,82;78,46;89,74;140,83;94,27;94,09;91,4;109,68;107,53;84,04;54,93;77,2;105,17
520450;CALDAS NOVAS;89,54;104,13;106,24;98,84;109,92;102,9;93,17;92,56;108,37;100,7;95,41;86,93;105,91
520455;CALDAZINHA;151,85;129,63;96,3;97,22;40;146,51;32,65;116,33;123,08;102,08;108,33;57,78;93,33
520460;CAMPESTRE DE GOIAS;164,29;160,71;128,57;287,88;242,86;121,43;150;96;153,19;141,18;100;69,05;104,44
520465;CAMPINACU;134,29;182,86;108,57;109,09;32,56;83,33;83,72;67,44;62,5;81,58;52,63;112;70
520470;CAMPINORTE;126,32;126,32;142,86;101,85;107,55;117,09;94,44;83,33;110,65;102,7;94,59;95,27;120,61
520480;CAMPO ALEGRE DE GOIAS;71,7;54,72;39,62;57,53;87,04;69,86;72,58;93,55;83,58;104,23;114,08;111,49;109,46
520485;CAMPO LIMPO DE GOIAS;96,05;72,37;43,42;44,68;40,57;48,84;10,81;75,68;91,23;61,81;62,5;85,58;80,3
520490;CAMPOS BELOS;100,58;111,27;90,17;123,91;109,51;98,95;89,21;100,29;83,69;93,05;81,87;64,09;96,4
520495;CAMPOS VERDES;51,69;64,04;48,31;100;123,21;89,8;57,41;92,59;150;73,33;105;102,04;81,13
520500;CARMO DO RIO VERDE;51,04;64,58;55,21;189,02;131,87;97,52;102,29;102,29;86,4;84,17;58,33;65,42;60,2
520505;CASTELANDIA;86,79;84,91;96,23;77,78;82,05;71,88;132,14;146,43;109,38;105,88;117,65;72,5;65,71
520510;CATALAO;136,44;126,26;112,12;115,07;119,25;91,13;92,66;99,45;95,22;95,06;109,2;94,99;87,53
520520;CATURAI;144,64;92,86;107,14;178,72;130,19;111,9;135,85;120,75;94,74;80,33;85,25;75,51;62,07
520530;CAVALCANTE;111,9;84,52;83,33;112,23;76,39;91,03;104,07;108,94;81,43;70;93,57;65,08;105,59
520540;CERES;263;233,04;122,47;171,81;108,61;200,41;194,24;76,62;100,35;94,58;57,63;71,52;103,23
520545;CEZARINA;97,06;105,88;114,71;112,07;80;85,16;92,74;86,29;105,83;98,13;71,96;54,78;131,91
520547;CHAPADAO DO CEU;108,49;106,6;127,36;199,15;103,01;126,19;127,54;92,81;108,02;108,38;88,48;73,83;83,05
520549;CIDADE OCIDENTAL;120,15;130,68;128,88;108,29;113,59;123,45;81,99;97,46;96,38;84,7;56,47;41,79;28,47
520551;COCALZINHO DE GOIAS;124,31;128,18;112,15;99,01;96,55;103,77;100,44;96,49;113,48;125,23;104,67;76,47;74,61
520552;COLINAS DO SUL;123,26;116,28;109,3;102,5;124,39;106,52;113,16;160,53;110;77,55;18,37;19,35;41,67
520570;CORREGO DO OURO;129,17;95,83;87,5;120;104,17;130,43;120,59;105,88;103,57;95;55;37,14;68
520580;CORUMBA DE GOIAS;75;37,04;44,44;91,58;47,06;33,33;47,12;88,46;98,86;75;78;86,46;76,53
520590;CORUMBAIBA;105;142,5;118,75;79,44;86,24;83,33;92,16;89,22;90,62;91,84;74,49;110,98;113,68
520620;CRISTALINA;88,11;94,61;95,16;119,58;114,73;111,61;94,57;97,05;100,22;111,44;83,28;59,29;83,37
520630;CRISTIANOPOLIS;83,33;94,44;80,56;93,55;53,57;65,62;60,53;97,37;116;52,78;55,56;48,39;69,23
520640;CRIXAS;82,67;94,67;85,78;69,77;111,61;84,1;76,35;92,95;100;93;62,14;67,36;82,11
520650;CROMINIA;110,26;105,13;69,23;291,18;204,35;43,33;125;100;90,91;96,77;93,55;113,04;61,9
520660;CUMARI;87,5;68,75;93,75;79,17;96,88;61,54;48,65;78,38;157,14;80,65;9,68;36,11;54,17
520670;DAMIANOPOLIS;126,67;140;95,56;122,58;107,14;108,33;44,23;78,85;104,35;93,48;86,96;55;76,36
520680;DAMOLANDIA;84,38;106,25;81,25;116,22;72,41;86,21;152;116;60;106,45;96,77;47,22;100
520690;DAVINOPOLIS;92,31;84,62;115,38;50;58,82;106,25;109,09;136,36;93,75;100;37,5;75;185,71
520710;DIORAMA;94,12;50;58,82;150;155,56;138,89;62,07;68,97;137,5;119,05;52,38;63,64;78,57
520725;DOVERLANDIA;69,49;65,25;64,41;97,06;90,79;137,7;108,25;72,16;85,57;89,39;72,73;90,62;113,24
520735;EDEALINA;173,91;217,39;243,48;123,91;117,65;104,26;78,38;143,24;108;117,65;127,45;133,33;119,44
520740;EDEIA;103,05;106,87;102,29;138,16;111,49;170,14;144,35;142,74;156,49;82,55;47,65;70,18;91,02
520750;ESTRELA DO NORTE;121,88;128,12;140,62;150;129,17;153,33;157,78;233,33;110,53;61,82;41,82;51,72;165,62
520753;FAINA;82,76;91,38;91,38;164,44;128,26;111,48;106,56;59,02;65,57;75,95;29,11;28,57;68,75
520760;FAZENDA NOVA;124,14;112,07;96,55;91,84;74,24;90,91;108,16;83,67;104,08;97,92;122,92;70,59;86,44
520780;FIRMINOPOLIS;100;117,05;104,55;96,46;130,85;131,87;126,88;126,88;118,09;79,8;109,09;153,95;111,34
520790;FLORES DE GOIAS;98,96;90,62;47,92;40,21;74,19;130,97;113,04;106,52;74,67;66,09;40,87;60,19;101,98
520800;FORMOSA;154,16;157,47;149,33;136,96;137,11;137,39;133,84;123,7;113,9;89,91;97,66;78,59;84,39
520810;FORMOSO;83,33;88,89;76,39;103,85;75,44;51,61;114,29;110,71;94,23;106,9;113,79;61,97;49,25
520815;GAMELEIRA DE GOIAS;58,82;64,71;58,82;120;200;112,9;80;71,43;85,29;45,24;61,9;37,14;50
520830;DIVINOPOLIS DE GOIAS;175;183,33;216,67;104,41;96,94;124,19;87,5;67,05;93,9;153,12;87,5;65,57;131,58
520840;GOIANAPOLIS;86,15;55,38;53,08;105,04;105;88,1;95,32;98,25;94,95;70,53;66,18;52,57;93,09
520850;GOIANDIRA;118,42;94,74;131,58;75;60,56;86,54;115,79;97,37;90,91;74,42;104,65;162,96;131,43
520860;GOIANESIA;104,26;105,04;106,05;114,84;108,15;127,11;118,48;107,8;107,58;117,43;95,86;59,47;88,48
520870;GOIANIA;118,54;103,97;109,98;112,96;117,17;110,21;89,97;77,65;98,46;78,28;87,51;93,62;88,28
520880;GOIANIRA;105,98;122,3;123,91;159,48;106,47;107,06;73,39;88,04;82,04;122,53;100,66;77,82;73,16
520890;GOIAS;78,46;77,23;63,69;82,35;78,39;50,68;25;64,1;88,69;94,64;60,36;41,57;61,01
520910;GOIATUBA;84,2;90,52;105,64;104,75;102,93;111,99;102,11;102,58;97,03;95,36;79,58;77,67;95,39
520915;GOUVELANDIA;144,12;129,41;141,18;130,23;74,55;72,31;85,71;84,29;119,51;91,67;14,58;40,38;128,26
520920;GUAPO;92,09;114,12;151,98;100,56;157,98;108,52;88,6;102,59;63,05;78,57;99,52;78,67;99,53
520929;GUARAITA;125;185;130;75,76;96,15;95;172,22;122,22;109,09;73,91;86,96;28,57;40
520940;GUARANI DE GOIAS;122,86;114,29;105,71;135,29;87,5;116,13;51,92;50;83,87;116,67;33,33;0;8,33
520945;GUARINOS;75;93,75;106,25;77,78;66,67;52,17;76,92;65,38;84,38;66,67;127,78;141,67;216,67
520960;HEITORAI;111,43;102,86;114,29;150;103,03;46,81;105,56;108,33;93,1;229,17;62,5;34;64,86
520970;HIDROLANDIA;74,76;90,95;113,33;103,29;40,34;105,07;63,34;72,35;76,83;104,33;93;76,95;91,52
520980;HIDROLINA;55;70;70;69,7;102,86;117,5;94,87;120,51;140,91;76,92;50;59,46;133,33
520990;IACIARA;82,55;77,45;78,3;115,12;78,65;70,35;58,82;100,53;90,45;93,08;83,02;98,37;101,14
520993;INACIOLANDIA;88,75;81,25;91,25;85,19;110,71;55,95;89,74;93,59;101,47;106,9;129,31;127,45;104,48
520995;INDIARA;222,7;205,67;152,48;132,41;118,09;32,19;76,8;62,8;82,4;82,69;68,27;59,83;84,18
521000;INHUMAS;94,12;103,02;103,47;92,05;123,82;73,67;68,05;62,62;98,34;95,88;84,98;79,1;77,5
521010;IPAMERI;105,36;110,41;95,58;91,33;115,5;102,27;96,82;101,59;98,24;89,68;87,39;94,53;86,08
521015;IPIRANGA DE GOIAS;103,03;96,97;63,64;56;112;178,95;110,34;79,31;58,06;113,04;13,04;12,12;140,74
521020;IPORA;108,64;102,79;114,21;185,93;111,68;117,31;128,29;118,86;84,47;108,33;80,41;47,38;106,79
521030;ISRAELANDIA;160,87;139,13;104,35;168;103,85;154,55;88;76;81,82;92,31;57,69;67,86;100
521040;ITABERAI;168,17;203,39;275,62;133,64;82,3;95,83;92,37;99,43;92,77;88,95;91,16;89,86;92,27
521056;ITAGUARI;117,86;103,57;112,5;187,04;147,27;155,17;202,04;146,94;71,19;101,35;43,24;68,85;108
521060;ITAGUARU;97,92;93,75;102,08;180,56;134,78;100;90,38;80,77;120,45;75,56;97,78;20,51;52,83
521080;ITAJA;232,5;247,5;187,5;91,14;89,47;71,25;83,33;57,58;113,73;110,26;143,59;130;100
521090;ITAPACI;103,53;90,38;90,06;165,53;145,15;92,31;56,11;105,33;105,7;76,58;38,29;37,98;41,39
521100;ITAPIRAPUA;79,17;102,08;104,17;95,05;121,65;128,41;103,49;129,07;60,83;61,34;33,61;71,43;54,43
521120;ITAPURANGA;104,33;100,93;93,5;98,42;134,67;99,35;102,99;110,75;99,15;80,47;74,56;81,85;88,6
521130;ITARUMA;80,21;59,38;69,79;123,08;127,85;110,13;84,76;53,33;87,37;167,86;166,07;39,8;76,4
521140;ITAUCU;126,32;101,32;102,63;171,05;177,94;125;114,46;109,64;111,11;115,79;61,84;65,66;86,9
521150;ITUMBIARA;110,22;99,92;103,92;115,07;118,73;67,88;82,19;100,28;102,17;83,54;77,27;71,99;64,88
521160;IVOLANDIA;52,17;126,09;95,65;110,34;115,38;92;100;64;81,48;133,33;186,67;119,05;95,24
521170;JANDAIA;115,19;77,22;83,54;147,76;93,06;122,06;117,19;101,56;87,67;94,59;89,19;105,56;88,89
521180;JARAGUA;105,74;90,37;90,71;94,42;98,02;79,89;64,94;78,85;91,59;90,36;91,91;64,04;83,97
521190;JATAI;151,13;133,94;112,07;162,99;114,68;110,31;109,96;103,54;109,62;97,53;101,8;105,85;112,56
521200;JAUPACI;152,38;171,43;214,29;132,26;90,48;83,33;85,71;100;136;129,41;100;100;80,56
521205;JESUPOLIS;84,85;72,73;93,94;54,55;59,46;70;120,83;83,33;96,15;109,09;109,09;48;115,79
521210;JOVIANIA;90,62;103,12;93,75;79,59;108,05;108,43;79,27;117,07;113,24;73,53;81,37;58,82;99,02
521220;JUSSARA;100,43;121,12;121,55;116,53;97,07;95,2;90,04;90,77;110,31;88,73;47,27;56,86;63,98
521225;LAGOA SANTA;110;170;170;105,26;61,9;146,67;105,56;66,67;30;26,67;86,67;210;154,55
521230;LEOPOLDO DE BULHOES;75,64;70,51;103,85;149,3;103,16;78,87;67,33;138,61;127,18;103,16;43,16;14,95;36,96
521250;LUZIANIA;106,44;113,65;116,95;119,45;149,9;89,4;70,45;101,41;88,78;83,29;71,59;31,3;37,04
521260;MAIRIPOTABA;230,77;138,46;238,46;284,62;127,27;122,22;84;164;122,73;86,67;43,33;66,67;67,86
521270;MAMBAI;146,24;132,26;83,87;110,11;76,58;57,94;98,23;109,73;102,65;113,01;85,37;90,67;124,19
521280;MARA ROSA;92,37;89,31;77,1;79,43;116,15;163,28;73,85;112,31;104,46;134,4;68,8;39,18;47,24
521290;MARZAGAO;147,06;164,71;182,35;112,5;111,76;109,38;140;113,33;100;92,11;39,47;62,5;129,27
521295;MATRINCHA;84;108;96;111,86;139,22;84,48;102,08;110,42;106,98;117,78;86,67;98,04;82,26
521300;MAURILANDIA;94,5;74,31;99,08;103,91;103,74;75,13;68,18;62,63;110,46;89,93;73,83;48,78;55,15
521305;MIMOSO DE GOIAS;220;270;250;161,11;153,33;153,33;135;125;59,09;176,47;141,18;54,17;50
521308;MINACU;102,88;100;92,8;131,56;206,04;115,51;99,55;85,3;78,34;83,76;67,05;99,48;84,59
521310;MINEIROS;157,67;160,19;180,58;199,24;166,73;171,48;87,48;90,97;90,35;83,65;90,83;57,58;79,93
521340;MOIPORA;52,94;52,94;70,59;120;100;262,5;106,25;62,5;85;280;220;37,5;168,75
521350;MONTE ALEGRE DE GOIAS;70;65;68,57;121,3;84,91;100,85;83,06;82,26;98,26;86,81;51,65;110,1;117,58
521370;MONTES CLAROS DE GOIAS;170,69;167,24;150;80,36;94,74;116,3;91,58;110,53;132,93;79,13;95,65;115,79;110,23
521375;MONTIVIDIU;121,15;105,77;112,18;102,68;109,25;69,75;96,94;105,61;88,83;100,6;69,46;77,66;81,05
521377;MONTIVIDIU DO NORTE;85,29;70,59;91,18;45,45;106,45;107,32;90,32;112,9;65,79;67,57;27,03;30;92,31
521380;MORRINHOS;100,38;99,24;112,05;112,88;111,67;105,43;86,57;98,15;98,41;92,73;98,26;94,02;94,99
521385;MORRO AGUDO DE GOIAS;122,73;163,64;195,45;134,29;161,11;86,67;112,5;129,17;103,7;95,24;100;45,45;50
521390;MOSSAMEDES;87,18;123,08;112,82;153,57;120,45;123,26;124,44;88,89;108,47;80,43;63,04;88,37;68,75
521400;MOZARLANDIA;97,07;106,34;105,85;102,8;91,12;132,98;98,96;138,86;124,29;107,76;52,05;50,74;83,67
521405;MUNDO NOVO;92,5;80;88,75;101,45;111,27;141,89;102,74;101,37;119,18;113,16;86,84;92,47;140,3
521410;MUTUNOPOLIS;123,91;119,57;108,7;100;52;107,14;72,22;74,07;66,67;89,13;104,35;72,22;43,14
521440;NAZARIO;118,6;118,6;108,14;143,66;98,96;69,81;76,84;81,05;90,22;87,63;34,02;88,24;84,04
521450;NEROPOLIS;113,14;107,14;111,14;111,08;163,5;81,03;92,76;126,1;100,62;84,62;75,74;42,06;83,26
521460;NIQUELANDIA;122,98;109,03;102,06;86,88;65,73;60,91;76,45;76,06;94,13;76,14;50,76;51,01;58,43
521470;NOVA AMERICA;35,71;71,43;71,43;191,67;176;103,03;70,37;85,19;150;114,81;125,93;55,17;51,43
521480;NOVA AURORA;110;125;115;87,5;85;87,5;82,35;129,41;66,67;28;4;83,33;171,43
521483;NOVA CRIXAS;73,06;82,9;82,9;97,7;67,88;94,19;112,82;98,72;105,52;95,73;83,54;79,55;72,15
521486;NOVA GLORIA;116,09;112,64;79,31;130,12;54,02;121,59;116,13;97,85;75,51;67,78;76,67;60,53;58,11
521487;NOVA IGUACU DE GOIAS;148,48;87,88;133,33;96,88;127,59;148,28;110,81;86,49;89,74;73,08;180,77;177,78;75
521490;NOVA ROMA;63,16;71,05;63,16;48,48;25,81;50;140;160;162,5;83,78;45,95;51,85;96,77
521500;NOVA VENEZA;95,56;98,89;93,33;137,89;160,71;173,26;120,39;132,04;113,4;106,25;80,36;89,53;103,09
521520;NOVO BRASIL;120;100;123,33;109,38;113,89;112,9;93,88;73,47;88,46;120;50;53,19;86,67
521523;NOVO GAMA;109,6;117,46;103,03;95,25;117,18;80,81;62,43;68,66;70,76;21,33;22,55;16,37;29,66
521525;NOVO PLANALTO;117,54;70,18;70,18;90,91;102,13;107,69;54,55;81,82;128,12;67,21;60,66;70,27;83,72
521530;ORIZONA;87,18;87,82;108,33;148,94;101,82;128,76;100;106,43;95,24;72,06;56,86;65,46;64,68
521540;OURO VERDE DE GOIAS;103,33;80;66,67;41,03;56,82;46;48,33;71,67;154,05;115,69;90,2;67,86;59,57
521550;OUVIDOR;29,69;34,38;39,06;48,21;139,58;86,76;82,35;83,82;104,11;116;113,33;64,29;76,09
521560;PADRE BERNARDO;70,1;98,28;91,91;138,36;97,16;117,63;75,45;89,06;101,59;65,73;63,58;46,59;53,06
521565;PALESTINA DE GOIAS;100;156,41;112,82;66,67;132,35;126,83;84,09;111,36;89,74;50,94;66,04;110;78,79
521570;PALMEIRAS DE GOIAS;98,9;84,98;95,24;104,98;114,96;57,8;103,22;93,3;104,35;94,55;75,74;81,16;82,71
521580;PALMELO;100;68,18;95,45;120,83;100;120;138,46;207,69;85;120;105;57,14;135
521590;PALMINOPOLIS;117,24;68,97;89,66;271,43;205,26;114,63;86,36;145,45;86,05;113,95;130,23;72,92;58,73
521600;PANAMA;81,82;115,15;51,52;87,5;168,18;185,71;80;80;127,59;126,92;84,62;125,93;70
521630;PARANAIGUARA;116,51;111,93;126,61;93,65;79,41;112,17;83,87;91,94;86,36;96,15;80,77;83,87;104,82
521640;PARAUNA;109,29;102,86;86,43;77,27;102,07;128,03;116,44;103,42;104,76;78,18;75,76;83,55;96,93
521645;PEROLANDIA;108,11;102,7;105,41;87,23;59,57;69,77;32,61;84,78;113,51;85,42;87,5;91,11;56,52
521680;PETROLINA DE GOIAS;111,36;86,36;107,95;160,71;88,54;85,39;89,41;90,59;127,16;96,15;52,56;68,83;94,87
521690;PILAR DE GOIAS;50;104,17;66,67;54,84;100;76;92,11;81,58;63,89;92,11;84,21;55,88;57,5
521710;PIRACANJUBA;87,32;106,16;76,45;129,14;101,84;94,92;91,63;95,15;95,77;86,12;83,67;103,83;78,39
521720;PIRANHAS;110,53;129,82;95,61;102,31;121,62;128,07;97,79;94,12;92,54;90,4;95,2;123,15;71,65
521730;PIRENOPOLIS;64,22;57,19;46,01;44,95;46,26;57,46;50,36;77,17;91,4;68,33;53,74;53,42;100,72
521740;PIRES DO RIO;116,67;111,73;110,19;92,24;88,86;118,79;106,2;98,59;94,22;90,83;80,73;95,17;101,81
521760;PLANALTINA;105,5;107;100,79;129,22;128,13;117,9;97,19;84,53;85,48;79,95;79,21;55,57;82,92
521770;PONTALINA;104,85;116,36;106,67;112,5;104,26;74,65;95,59;101,96;103,43;90,34;96,62;102,66;110,44
521800;PORANGATU;102,7;103,45;96,7;115,89;66,72;78,84;83,96;85,27;96,72;131,98;81,63;61,62;53,31
521805;PORTEIRAO;86,79;84,91;50,94;175;123,33;113,95;157,89;128,95;100;84,91;60,38;91,84;80,49
521810;PORTELANDIA;75,29;71,76;42,35;155,74;119,61;72,97;58,46;36,92;82,35;145,95;13,51;25,53;94,59
521830;POSSE;109,88;95,59;103,53;105,01;184,51;125,67;47,09;80,28;93,49;92,95;82,19;109,47;95,66
521839;PROFESSOR JAMIL;118,18;140,91;122,73;153,33;100;140,62;164,29;114,29;65,38;30,23;13,95;26,09;108,33
521850;QUIRINOPOLIS;132,22;151,8;180,15;132,42;108,46;109,54;93,87;83,48;105,18;96,43;92,4;62,77;64,25
521860;RIALMA;91,61;98,6;80,42;91,72;131,82;117,46;84;88,67;83,23;110,76;104,43;102,9;76,54
521870;RIANAPOLIS;47,76;64,18;56,72;91,67;154,39;119,4;70,15;73,13;85,48;100;69,64;53,7;87,5
521878;RIO QUENTE;74,29;148,57;140;71,7;95,74;153,49;140,91;134,09;121,57;110,34;68,97;74,51;139,13
521880;RIO VERDE;108,99;108,11;120,46;116,5;108,83;108,28;93,14;90,91;99;96,32;97,92;93,18;92,16
521890;RUBIATABA;141,89;105,86;118,02;130,06;69,77;106,82;102,71;101,36;91,15;96,15;92,74;51,57;102,53
521900;SANCLERLANDIA;75,29;100;87,06;109,09;122,06;57,14;134,62;98,72;84,52;91,67;78,12;90,91;92,22
521910;SANTA BARBARA DE GOIAS;106,67;94,67;160;210,29;154,22;120,88;105,26;100,88;74,04;98,92;12,9;44,09;91,18
521920;SANTA CRUZ DE GOIAS;127,27;159,09;109,09;96,15;96,3;72,41;76,92;111,54;107,69;68,57;91,43;50;50
521925;SANTA FE DE GOIAS;111,29;101,61;96,77;150;62,34;101,64;87,5;106,25;116,67;92,68;69,51;79,52;116,67
521930;SANTA HELENA DE GOIAS;103,65;86,61;90,87;112,1;115,13;105,37;73,14;80,24;98,52;90,6;98,37;81,58;84,78
521935;SANTA ISABEL;123,33;116,67;83,33;88,57;144,44;100;134,38;137,5;78,05;137,14;85,71;46,51;117,14
521940;SANTA RITA DO ARAGUAIA;87,8;120,73;101,22;157,73;118,82;80,58;84,38;86,46;69,47;76,19;65,71;42,72;83,52
521945;SANTA RITA DO NOVO DESTINO;96,77;54,84;61,29;59,26;137,5;70,37;131,25;243,75;136,36;70;60;122,22;123,53
521950;SANTA ROSA DE GOIAS;72,09;88,37;62,79;86,11;110;210,34;103,57;117,86;83,78;92,31;71,79;100;97,37
521960;SANTA TEREZA DE GOIAS;52,63;92,98;71,93;60;147,73;93,48;67,35;65,31;182,14;109,09;148,48;115,79;107,69
521970;SANTA TEREZINHA DE GOIAS;78,76;66,37;98,23;107,62;93,01;95,95;102,13;113,48;79,87;83,58;73,13;81,97;80,83
521971;SANTO ANTONIO DA BARRA;116,33;95,92;106,12;86,79;98;86,96;125;87,5;95,83;100;67,39;88,89;91,49
521973;SANTO ANTONIO DE GOIAS;108,96;122,39;123,88;86,52;74,47;86,81;57,55;59,43;120;69,39;64,29;90,91;77,38
521975;SANTO ANTONIO DO DESCOBERTO;173,23;168,69;195,2;165,39;185;104,78;97,57;96,27;87,56;82,7;92,86;92,92;100,31
521980;SAO DOMINGOS;102,07;113,79;94,48;106,76;74,55;79,73;102,7;101,8;96,64;83,33;96,03;85,84;67,48
521990;SAO FRANCISCO DE GOIAS;104,41;80,88;70,59;194,55;96,61;62,03;84,21;82,89;62,92;59,74;48,05;58,21;119,67
522000;SAO JOAO D\'ALIANCA;110,71;88,39;48,21;53,27;38,76;78,86;37,5;76,79;89,92;80,56;54,17;28,29;95,6
522005;SAO JOAO DA PARAUNA;110,53;105,26;57,89;115;240;150;114,29;100;80;83,33;94,44;92,86;100
522010;SAO LUIS DE MONTES BELOS;91,9;85,57;92,91;103,01;84,3;75,73;91,01;93,73;101,5;76,91;89,46;99,76;96,71
522015;SAO LUIZ DO NORTE;47,5;102,5;71,25;65,08;49,32;80,82;56,34;60,56;98,25;86,67;61,67;100;130,77
522020;SAO MIGUEL DO ARAGUAIA;93,95;114,95;116,37;86,67;101,26;98,06;108,21;121,28;103,06;99,68;63,38;47,77;98,68
522026;SAO MIGUEL DO PASSA QUATRO;83,33;74,07;85,19;133,33;237,5;219,35;166,67;75;118,18;103,57;53,57;38,71;87,1
522028;SAO PATRICIO;168,75;106,25;93,75;113,04;306,67;246,67;172;108;60,71;70,83;29,17;105;100
522040;SAO SIMAO;103,21;124,31;139,45;88,26;96,98;119,48;86,07;91,07;83,27;77,3;52,48;40,93;81,41
522045;SENADOR CANEDO;109,93;126,71;133,86;112,86;99,29;101,7;98,73;82,69;78,77;76,58;74,03;66,03;63,51
522050;SERRANOPOLIS;20,73;19,51;10,98;32,56;33,78;15;22,47;74,16;100;123,46;91,36;16,13;40
522060;SILVANIA;78,38;95,37;91,12;93,8;90,27;79,18;91,32;88,84;79,27;91,95;25,85;29,58;75,43
522068;SIMOLANDIA;104,4;110,99;91,21;111,21;76,19;28,83;46,24;76,34;160;100;43,06;26,53;89,47
522070;SITIO D\'ABADIA;70,97;64,52;77,42;242,86;48,15;26,09;54,55;81,82;158,82;142,11;136,84;32,14;84
522100;TAQUARAL DE GOIAS;96,97;109,09;151,52;97,44;73,58;151,35;171,05;160,53;84,44;130,56;77,78;68,89;53,06
522108;TERESINA DE GOIAS;121,28;91,49;97,87;77,5;65,12;64,86;130,56;172,22;50;47,92;27,08;64,44;71,05
522119;TEREZOPOLIS DE GOIAS;62,11;56,84;57,89;58,1;86,27;81,08;102,13;117,02;99,1;70,23;42,75;66,35;104,6
522130;TRES RANCHOS;114,81;85,19;81,48;84,62;109,09;91,67;128,95;76,32;131,82;71,43;46,43;62,96;88,89
522140;TRINDADE;108,57;182,5;150,4;97,78;96,66;101,48;111,45;93,72;98,98;94,91;88,5;69,29;55,78
522145;TROMBAS;69,23;64,1;71,79;61,54;45,65;108,33;60;116;70,97;58,82;76,47;139,13;183,33
522150;TURVANIA;100;115,56;108,89;112,07;155,56;106,78;94,92;54,24;101,96;65,45;43,64;150;83,33
522155;TURVELANDIA;78,87;125,35;94,37;75,36;106,15;88,24;97,33;96;104,62;68,42;101,32;100;55,71
522157;UIRAPURU;116,67;94,44;66,67;129,63;240;157,89;62,16;102,7;140;95,45;131,82;68;106,45
522160;URUACU;104,6;124,14;119,35;103,18;115,68;90;81,63;93,54;94,8;90,14;81,63;83,33;97,55
522170;URUANA;89,58;86,81;90,97;143,18;177,85;122,6;117,05;137,21;121,17;81,05;50,33;63,82;90,37
522180;URUTAI;175;181,25;131,25;145,16;176;72,73;126,92;92,31;223,53;72,73;81,82;200;108,33
522185;VALPARAISO DE GOIAS;148,64;205,33;146,99;134,69;111,34;105,66;93,18;86,08;87,86;75,94;57,45;29,81;31,56
522190;VARJAO;93,75;106,25;134,38;229,63;177,14;56,52;48,98;46,94;68,42;75,61;112,2;75;131,03
522200;VIANOPOLIS;101,66;109,39;98,9;87,24;118,5;115,85;101,08;101,08;130,18;102,04;94,9;113,78;103,49
522205;VICENTINOPOLIS;90,4;84,8;77,6;94,02;119,05;113,89;85,16;85,16;118,87;101,82;70;46,43;110,79
522220;VILA BOA;87,65;85,19;33,33;46,15;76,06;25,33;12,86;35,71;25,42;37,7;42,62;74;113,73
522230;VILA PROPICIO;139,58;114,58;114,58;46,77;86,89;45,45;70,69;98,28;97,92;106,06;78,79;40,85;90,57
