;;2010/Jan;2010/Fev;2010/Mar;2010/Abr;2010/Mai;2010/Jun;2010/Jul;2010/Ago;2010/Set;2010/Out;2010/Nov;2010/Dez;2011/Jan;2011/Fev;2011/Mar;2011/Abr;2011/Mai;2011/Jun;2011/Jul;2011/Ago;2011/Set;2011/Out;2011/Nov;2011/Dez;2012/Jan;2012/Fev;2012/Mar;2012/Abr;2012/Mai;2012/Jun;2012/Jul;2012/Ago;2012/Set;2012/Out;2012/Nov;2012/Dez;2013/Jan;2013/Fev;2013/Mar;2013/Abr;2013/Mai;2013/Jun;2013/Jul;2013/Ago;2013/Set;2013/Out;2013/Nov;2013/Dez;2014/Jan;2014/Fev;2014/Mar;2014/Abr;2014/Mai;2014/Jun;2014/Jul;2014/Ago;2014/Set;2014/Out;2014/Nov;2014/Dez;2015/Jan;2015/Fev;2015/Mar;2015/Abr;2015/Mai;2015/Jun;2015/Jul;2015/Ago;2015/Set;2015/Out;2015/Nov;2015/Dez;2016/Jan;2016/Fev;2016/Mar;2016/Abr;2016/Mai;2016/Jun;2016/Jul;2016/Ago;2016/Set;2016/Out;2016/Nov;2016/Dez;2017/Jan;2017/Fev;2017/Mar;2017/Abr;2017/Mai;2017/Jun;2017/Jul;2017/Ago;2017/Set;2017/Out;2017/Nov;2017/Dez;2018/Jan;2018/Fev;2018/Mar;2018/Abr;2018/Mai;2018/Jun;2018/Jul;2018/Ago;2018/Set;2018/Out;2018/Nov;2018/Dez;2019/Jan;2019/Fev;2019/Mar;2019/Abr;2019/Mai;2019/Jun;2019/Jul;2019/Ago;2019/Set;2019/Out;2019/Nov;2019/Dez;2020/Jan;2020/Fev;2020/Mar;2020/Abr;2020/Mai;2020/Jun;2020/Jul;2020/Ago;2020/Set;2020/Out;2020/Nov;2020/Dez;2021/Jan;2021/Fev;2021/Mar;2021/Abr;2021/Mai;2021/Jun;2021/Jul;2021/Ago;2021/Set;2021/Out;2021/Nov;2021/Dez;2022/Jan;2022/Fev;2022/Mar;2022/Abr;2022/Mai;2022/Jun;2022/Jul;2022/Ago;2022/Set;2022/Out;2022/Nov;2022/Dez;2023/Jan;2023/Fev;2023/Mar;2023/Abr;2023/Mai;2023/Jun;2023/Jul;2023/Ago;2023/Set;2023/Out;2023/Nov;2023/Dez;2024/Jan;2024/Fev;2024/Mar;2024/Abr;2024/Mai;2024/Jun;2024/Jul;2024/Ago;2024/Set;2024/Out;2024/Nov;2024/Dez;2025/Jan;2025/Fev;2025/Mar;2025/Abr;2025/Mai;2025/Jun;2025/Jul;2025/Ago;2025/Set;2025/Out;2025/Nov;2025/Dez;2026/Jan;2026/Fev;2026/Mar;2026/Abr
520025;AGUAS LINDAS DE GOIAS;-;-;-;-;-;-;-;-;-;-;-;-;-;-;-;-;-;-;-;-;-;-;-;-;-;-;-;-;-;-;-;-;-;-;-;-;-;-;-;-;-;-;-;-;-;-;-;-;-;-;-;-;-;-;-;-;-;-;-;-;-;-;-;-;-;-;-;-;-;-;-;-;-;-;-;-;-;-;-;-;-;-;-;-;-;-;-;-;-;-;-;-;-;-;-;-;-;-;-;-;-;-;-;-;-;-;-;-;-;-;-;-;-;-;-;-;-;-;-;-;-;-;-;-;10;10;10;10;10;10;-;10;10;10;10;-;-;-;-;-;-;-;-;-;-;-;-;-;-;-;-;-;-;-;-;-;-;-;-;-;-;-;-;-;-;-;-;-;-;-;-;-;-;-;-;-;40;40;40;40;40;40;40;40;40;40;40;40;40;40;40;40;40;40;40;40
520110;ANAPOLIS;80;80;80;80;80;80;80;80;80;80;80;80;80;80;80;80;80;80;80;80;80;80;80;80;80;80;80;80;80;80;80;80;80;80;107;107;107;107;101;107;97;97;97;97;97;97;97;107;97;97;97;97;94;94;94;94;94;94;94;94;94;94;94;94;98;98;98;98;105;105;104;104;104;107;107;107;107;107;107;107;107;107;107;107;101;101;107;107;107;107;107;107;101;101;107;107;107;107;107;107;107;107;107;107;107;107;107;107;107;101;107;107;107;107;107;107;107;107;122;122;122;122;107;122;122;122;140;140;140;140;140;140;160;160;163;163;157;157;163;163;160;160;180;180;176;176;180;180;180;180;179;183;184;184;184;184;184;184;184;184;180;174;174;174;174;174;174;174;174;174;174;174;174;174;174;174;174;174;174;162;162;162;162;162;162;192;192;192;192;192;192;192;192;192;192;192
520140;APARECIDA DE GOIANIA;111;111;111;111;111;111;111;111;111;111;111;111;111;111;111;111;111;111;98;98;98;98;98;98;98;98;98;98;98;98;98;98;98;98;98;98;80;80;77;77;77;77;77;77;77;77;77;81;81;81;81;81;81;81;81;81;81;81;81;81;81;81;81;81;81;81;81;81;81;81;81;81;81;81;82;82;82;82;85;85;85;85;85;85;85;85;85;85;85;85;85;85;85;85;85;85;85;85;85;85;85;85;85;85;85;85;85;105;105;105;105;105;105;115;115;115;115;103;103;103;103;103;133;173;173;173;183;183;248;248;248;248;248;294;334;344;344;344;344;344;344;344;344;344;344;344;273;273;273;145;145;145;145;145;145;145;145;145;145;145;145;145;145;145;145;145;145;145;145;145;145;145;145;145;145;145;145;145;145;145;145;145;145;145;145;149;149;149;149;149;149;149;139;161;161;163
520450;CALDAS NOVAS;2;2;2;2;2;2;2;2;2;2;2;2;2;2;2;2;2;2;2;2;2;2;2;2;2;2;2;2;2;2;2;2;2;2;2;2;2;2;2;2;-;-;-;-;-;-;-;-;-;-;-;-;-;-;-;-;-;-;-;-;-;-;-;-;-;-;-;-;-;-;-;-;-;-;-;-;-;-;-;20;20;20;20;20;20;20;20;20;20;20;20;20;20;20;20;20;20;20;20;20;20;20;20;20;20;20;20;20;20;20;20;20;10;10;10;10;10;10;10;10;10;10;10;10;10;10;13;13;13;13;13;13;13;13;13;13;13;13;13;13;13;13;13;13;13;13;13;13;13;10;10;10;10;10;10;10;10;10;10;10;10;10;10;10;10;10;10;10;10;10;10;10;10;10;10;10;10;10;10;10;10;10;10;10;10;10;10;10;10;10;20;20;20;20;20;20
520510;CATALAO;20;20;20;20;20;20;20;20;21;21;21;21;21;21;21;21;21;21;21;21;21;21;21;21;21;21;21;21;21;21;18;18;18;18;18;18;18;18;18;18;18;18;18;18;18;18;18;18;18;18;18;18;18;18;18;18;18;18;18;18;18;18;18;18;18;18;18;18;18;18;18;18;18;18;18;18;18;28;28;28;28;28;28;28;28;28;28;28;28;28;28;28;28;28;28;28;28;28;28;28;34;34;34;34;34;34;34;34;34;34;34;34;34;34;34;34;34;34;34;34;34;34;46;46;65;65;73;73;73;73;73;73;73;73;73;73;73;73;73;79;79;79;79;79;79;79;79;79;79;34;34;34;34;34;34;34;39;39;39;39;39;39;39;39;39;39;39;39;39;39;39;39;39;39;39;59;89;89;89;89;89;89;89;89;89;89;89;89;89;89;89;89;89;89;89;89
520540;CERES;11;11;11;11;10;10;10;10;10;10;10;10;10;10;10;10;10;10;10;10;10;10;10;10;10;10;10;10;10;10;10;10;10;10;10;10;10;10;10;10;10;10;10;10;10;10;10;10;10;10;10;10;10;10;10;10;10;10;10;10;10;10;10;10;10;10;10;10;10;10;10;10;10;10;10;10;10;10;10;10;20;20;20;20;20;20;20;20;20;20;20;20;20;20;20;20;20;20;20;19;19;19;19;19;19;19;19;19;19;19;19;19;19;19;19;19;19;19;19;19;19;19;19;19;19;19;19;19;19;15;15;15;15;20;26;26;26;26;26;39;36;46;34;34;34;34;34;33;33;29;29;29;29;29;29;29;29;29;29;29;29;29;29;29;29;29;29;29;29;29;29;29;29;29;29;29;29;42;48;48;48;48;48;48;48;48;48;48;48;48;48;48;48;48;48;48
520549;CIDADE OCIDENTAL;-;-;-;-;-;-;-;-;-;-;-;-;-;-;-;-;-;-;-;-;-;-;-;-;-;-;-;-;-;-;-;-;-;-;-;-;-;-;-;-;-;-;-;-;-;-;-;-;-;-;-;-;-;-;-;-;-;-;-;-;-;-;-;-;-;-;-;-;-;-;-;-;-;-;-;-;-;-;-;-;-;-;-;-;-;-;-;-;-;-;-;-;-;-;-;-;-;-;-;-;-;-;-;-;-;-;-;-;-;-;-;-;-;-;-;-;-;-;-;-;-;-;-;-;-;-;-;-;-;-;-;-;-;-;-;-;-;-;-;-;-;-;-;-;-;-;-;-;-;-;-;-;-;-;-;-;3;3;3;3;3;3;3;3;3;3;3;3;3;3;3;3;3;3;3;3;3;3;3;3;3;3;3;3;3;3;3;3;3;3;3;3;3;3;-;-
520800;FORMOSA;-;-;-;-;-;-;-;-;-;-;-;-;-;-;-;-;-;-;-;-;-;-;-;-;-;-;-;-;-;-;-;-;-;-;-;-;-;-;-;-;-;-;-;-;-;-;-;-;-;-;-;-;-;-;-;-;-;-;-;-;-;-;-;-;-;-;-;-;-;-;-;-;-;-;-;-;-;-;-;-;-;-;-;-;-;-;-;-;-;-;-;-;-;-;-;-;-;-;-;-;-;-;-;-;12;12;12;12;12;12;12;12;12;12;12;-;-;-;-;-;-;-;-;-;-;-;10;10;10;10;10;10;10;10;10;10;20;20;20;29;29;29;29;29;39;39;39;29;29;29;29;32;32;32;32;32;32;32;32;32;32;32;32;32;32;32;32;32;30;30;30;30;30;30;30;30;30;30;30;30;30;30;30;30;30;30;30;30;20;20;20;20;20;20;20;20
520860;GOIANESIA;6;6;6;6;6;6;6;6;6;6;6;6;6;6;6;6;6;6;6;6;6;6;6;6;6;6;6;6;6;6;6;6;6;6;6;6;6;6;6;6;6;6;6;6;6;6;6;6;6;6;6;6;6;6;6;6;12;12;12;12;12;12;12;12;12;12;12;12;12;12;12;12;12;12;12;12;12;12;12;22;22;22;22;22;22;22;22;22;22;22;22;22;16;16;16;16;10;10;10;10;10;10;10;10;10;10;10;10;10;10;10;10;10;10;10;10;10;10;10;10;10;10;10;10;10;10;10;10;10;10;10;10;10;10;10;10;16;10;10;10;10;10;10;10;10;10;10;10;10;10;10;10;10;10;10;10;10;10;10;10;10;10;10;10;10;10;10;10;10;10;10;10;10;10;10;10;10;10;10;10;10;10;10;10;10;10;10;10;10;10;10;10;10;10;10;10
520870;GOIANIA;456;456;468;468;468;468;478;488;488;488;488;502;502;502;516;516;516;516;533;533;589;589;589;599;599;611;629;638;638;654;654;664;664;664;686;686;686;686;686;686;686;686;686;688;705;709;709;773;803;803;815;815;815;815;815;815;815;815;815;815;815;815;815;815;863;866;868;868;868;868;868;868;868;877;877;877;854;854;854;869;881;887;887;887;887;907;938;980;970;970;970;973;974;962;971;878;872;872;892;892;879;880;880;870;877;873;860;868;868;868;896;896;896;896;897;897;897;879;899;899;938;938;1129;1086;1086;1207;1241;1276;1291;1291;1307;1309;1359;1445;1514;1580;1638;1638;1686;1696;1696;1749;1749;1747;1780;1672;1470;1448;1402;1184;1203;1157;1180;1167;1167;1165;1169;1160;1158;1151;1151;1139;1139;1139;1143;1143;1146;1146;1146;1146;1146;1151;1141;1131;1131;1131;1105;1115;1121;1121;1114;1114;1124;1140;1140;1140;1161;1158;1161;1175;1181;1177;1081;1081;1103;1103
520890;GOIAS;-;-;-;-;-;-;-;-;-;-;-;-;-;-;-;-;-;-;-;-;-;-;-;-;-;-;-;-;-;-;-;-;-;-;-;-;-;-;-;-;10;10;10;10;10;10;10;10;10;10;10;10;10;10;10;10;10;10;10;10;10;10;10;10;10;10;10;10;10;10;10;10;10;10;10;10;10;10;10;10;10;10;10;10;10;10;10;10;10;10;10;10;10;10;10;10;10;10;10;10;10;10;10;10;10;10;10;10;10;10;10;10;10;10;10;10;10;10;10;10;10;10;10;10;15;15;15;15;15;15;15;15;15;15;15;20;20;20;20;20;20;20;20;20;20;20;20;20;20;20;10;10;10;10;10;10;10;10;10;10;10;10;10;10;10;10;10;10;10;10;10;10;10;10;10;10;10;10;10;10;10;10;10;10;10;10;10;10;10;10;10;10;10;10;10;10
521000;INHUMAS;24;24;24;24;24;24;24;24;24;24;24;24;24;24;24;24;24;24;24;24;24;24;24;24;25;38;38;38;38;38;38;38;27;27;27;27;27;27;27;27;27;27;27;27;27;27;27;27;27;27;27;27;27;27;27;27;27;27;27;27;44;22;22;22;22;22;22;22;22;22;22;22;22;22;22;11;11;11;11;11;11;11;11;11;11;11;11;11;11;11;11;11;11;11;11;11;11;11;11;11;11;11;11;11;11;11;11;11;11;11;11;11;11;-;-;-;-;-;-;-;-;-;-;-;-;-;-;-;-;-;-;-;-;-;-;-;-;-;-;-;-;-;-;-;-;-;-;-;-;-;-;-;-;-;-;-;-;-;-;-;-;-;-;-;-;-;-;-;-;-;-;-;-;-;-;-;-;-;-;-;-;-;-;-;-;-;-;-;-;-;-;-;-;-;-;-
521010;IPAMERI;6;6;6;6;6;6;6;6;6;6;6;6;6;6;6;6;6;6;6;6;6;6;6;6;6;6;6;6;6;6;6;6;6;6;6;6;6;6;6;6;6;6;6;6;6;-;-;-;-;-;-;-;-;-;-;-;-;-;-;-;-;-;-;-;-;-;-;-;-;-;-;-;-;-;-;-;-;-;-;-;-;-;-;-;-;-;-;-;-;-;-;-;-;-;-;-;-;-;-;-;-;-;-;-;-;-;-;-;-;-;-;-;-;-;-;-;-;-;-;-;-;-;-;-;-;-;-;-;-;-;-;-;-;-;-;-;-;-;-;-;-;-;-;-;-;-;-;-;-;-;-;-;-;-;-;-;-;-;-;-;-;-;-;-;-;-;-;-;-;-;-;-;-;-;-;-;-;-;-;-;-;-;-;-;-;-;-;-;-;-;-;-;-;-;-;-
521020;IPORA;-;-;-;-;-;-;-;-;-;-;-;-;-;-;-;-;-;-;-;-;-;-;-;-;-;-;-;-;-;-;-;-;-;-;-;-;-;-;-;-;-;-;-;-;-;-;-;-;-;-;-;-;-;-;-;-;-;-;-;-;-;-;-;-;-;-;-;-;-;-;-;-;-;-;-;-;-;-;-;-;-;-;-;-;-;-;-;-;-;-;-;-;-;-;-;-;-;-;-;-;-;-;-;-;-;-;-;-;-;-;-;-;-;-;-;-;-;-;-;-;-;-;-;-;-;-;-;-;-;-;-;-;-;-;-;-;-;-;-;-;-;-;-;-;-;-;-;-;-;-;-;-;-;10;10;10;10;10;10;10;-;-;-;-;-;-;-;-;-;-;-;-;-;-;-;-;-;-;-;-;-;-;-;-;-;-;-;-;-;-;-;-;-;-;-;-
521150;ITUMBIARA;8;8;8;8;8;8;8;8;8;8;8;8;8;8;8;8;8;8;8;8;8;8;8;8;8;8;8;8;8;8;8;8;8;8;8;8;8;8;8;8;8;8;8;14;10;10;10;10;10;10;10;10;10;10;10;10;10;10;10;10;10;10;10;10;10;10;10;10;10;10;10;10;10;10;10;10;10;10;10;10;10;10;10;10;10;10;10;10;10;10;10;10;10;10;10;10;10;10;10;10;10;10;10;10;10;10;10;10;10;10;10;10;10;10;10;10;10;10;19;19;19;19;19;19;19;38;38;38;38;39;39;39;39;59;59;69;69;69;69;69;69;69;69;69;77;57;59;59;59;59;69;69;69;69;69;69;69;69;69;69;69;69;69;69;69;69;69;69;69;69;69;69;69;69;69;69;69;69;69;69;69;69;69;69;69;69;69;69;69;69;69;69;59;59;59;59
521180;JARAGUA;-;-;-;-;-;-;-;-;-;-;-;-;-;-;-;-;-;-;-;-;-;-;-;-;-;-;-;-;-;-;-;-;-;-;-;-;-;-;-;-;-;-;-;-;-;-;-;-;-;-;-;-;-;-;-;-;-;-;-;-;-;-;-;-;-;-;-;-;-;-;-;-;-;-;-;-;-;-;-;-;-;-;-;-;-;-;-;-;-;-;-;-;-;-;-;-;-;-;-;-;-;-;-;-;-;-;-;-;-;-;-;-;-;-;-;-;-;-;-;-;-;-;-;-;-;-;-;-;10;10;10;10;10;10;10;10;10;10;10;10;10;10;10;10;10;10;10;10;10;10;10;10;10;10;10;10;10;10;10;10;10;10;10;10;10;10;10;10;10;10;10;10;10;10;10;10;10;10;10;10;10;10;10;10;10;10;10;10;10;10;10;10;10;10;10;10
521190;JATAI;-;-;-;-;-;-;-;-;-;6;6;6;6;6;6;6;6;6;6;6;6;6;6;6;6;6;6;6;6;6;6;6;6;6;6;6;6;6;6;6;6;6;6;6;6;6;6;6;6;6;6;6;6;6;6;6;6;6;6;6;6;6;6;6;6;6;6;6;6;6;6;6;6;6;6;6;6;6;6;6;6;6;6;6;6;6;6;6;16;16;16;16;16;16;16;16;16;16;16;16;16;16;16;16;16;16;16;20;20;20;20;20;20;20;20;20;20;20;20;20;20;20;20;30;30;30;30;30;30;30;30;30;30;40;50;56;56;56;56;56;56;60;60;60;34;34;34;30;30;30;30;30;30;30;30;30;30;30;30;30;30;30;30;30;30;30;30;30;30;30;30;30;30;30;30;30;30;30;30;30;30;30;30;30;30;30;30;30;30;30;30;30;30;30;30;30
521250;LUZIANIA;10;10;10;10;10;10;10;10;10;10;10;10;10;10;10;10;10;10;10;10;10;12;12;12;12;12;12;12;12;12;12;12;12;12;12;12;12;12;12;12;12;12;22;22;22;22;22;22;22;22;22;22;22;22;22;22;22;22;22;22;22;22;22;22;22;22;22;5;5;5;5;5;5;5;5;5;5;5;5;5;5;5;5;5;5;5;5;5;5;5;5;5;5;5;5;5;5;5;5;5;5;5;5;5;5;5;5;5;5;5;5;5;5;5;5;5;5;5;5;5;5;5;5;5;5;5;15;15;15;15;15;15;15;15;35;35;35;55;55;55;55;55;55;55;65;65;65;65;65;15;15;15;15;15;15;12;12;12;12;12;12;12;12;12;12;12;12;12;12;12;12;12;12;12;12;12;12;12;12;12;12;12;12;12;25;25;35;35;35;35;35;35;30;30;30;30
521310;MINEIROS;2;2;2;2;2;2;2;2;2;2;2;2;2;2;2;2;2;2;2;2;2;2;2;2;2;2;2;2;2;2;2;2;2;2;2;2;2;2;2;2;2;2;2;2;2;-;-;-;-;-;-;-;-;-;-;-;-;-;-;-;-;-;-;-;-;-;-;-;-;-;-;-;-;-;-;-;-;-;-;-;-;-;-;-;-;-;-;-;-;10;10;10;10;10;10;10;10;10;10;10;10;10;10;10;10;10;10;10;10;10;10;10;10;10;10;10;10;10;10;10;10;10;10;10;10;10;10;10;20;20;20;20;20;20;20;20;20;20;20;10;10;10;10;10;10;10;10;10;10;10;10;10;10;10;10;10;10;10;10;10;10;10;10;10;10;10;10;10;10;10;10;10;10;10;10;10;10;10;10;10;10;10;10;10;10;10;10;10;10;10;10;10;10;10;10;10
521380;MORRINHOS;-;-;-;-;-;-;-;-;-;-;-;-;-;-;-;-;-;-;-;-;-;-;-;-;-;-;-;-;-;-;-;-;-;-;-;-;-;-;-;-;-;-;-;-;-;-;-;-;-;-;-;-;-;-;-;-;-;-;-;-;-;-;-;-;-;-;-;-;-;-;-;-;-;-;-;-;-;-;-;-;-;-;-;-;-;-;-;-;-;-;-;-;-;-;-;-;-;-;-;-;-;-;-;-;-;-;-;-;-;-;-;-;-;-;-;-;-;-;-;-;-;-;-;-;-;-;-;-;-;-;-;-;-;-;-;-;-;-;-;-;-;-;-;10;10;10;10;10;10;10;10;10;10;10;10;10;10;10;10;10;10;10;10;10;10;10;10;10;10;10;10;10;10;10;10;10;10;10;10;10;10;10;10;10;10;10;10;10;10;10;10;10;10;10;10;10
521440;NAZARIO;-;-;-;-;-;-;-;-;-;-;-;-;-;-;-;-;-;-;-;-;-;-;-;-;-;-;-;-;-;-;-;-;-;-;-;-;-;-;-;-;-;-;-;-;-;-;-;-;-;-;-;-;-;-;-;-;-;-;-;-;-;-;-;-;-;-;-;-;-;-;-;-;-;-;-;-;-;-;-;-;-;-;-;-;-;-;-;-;-;-;-;-;-;-;-;-;-;-;-;-;-;-;-;-;-;-;-;-;-;-;-;-;-;-;-;-;-;-;-;-;-;-;-;-;-;-;-;-;1;1;1;1;1;1;1;1;1;1;1;1;1;1;1;1;1;1;1;1;1;-;-;-;-;-;-;-;-;-;-;-;-;-;-;-;-;-;-;-;-;-;-;-;-;-;-;-;-;-;-;-;-;-;-;-;-;-;-;-;-;-;-;-;-;-;-;-
521450;NEROPOLIS;18;18;18;18;18;18;18;18;18;18;18;18;18;18;18;18;18;18;18;18;18;18;18;18;18;18;18;18;18;18;35;25;25;25;25;25;25;25;25;25;25;25;25;25;25;25;25;25;25;25;25;25;25;25;25;25;25;25;25;25;25;25;25;25;25;25;25;25;25;25;25;25;25;25;25;25;25;25;25;25;25;25;25;25;25;25;25;25;25;25;25;25;25;25;25;25;25;25;25;25;50;50;50;50;50;50;50;50;50;50;50;50;50;50;50;50;50;50;50;50;50;50;50;50;50;50;52;52;52;52;52;52;52;52;52;52;52;52;52;52;52;52;52;52;52;52;52;52;52;52;52;50;50;50;50;50;50;50;50;50;50;50;50;50;50;50;50;50;50;50;50;50;50;50;50;50;50;50;50;50;50;50;50;50;50;50;50;50;50;50;50;50;50;50;50;50
521760;PLANALTINA;-;-;-;-;-;-;-;-;-;-;-;-;-;-;-;-;-;-;-;-;-;-;-;-;-;-;-;-;-;-;-;-;-;-;-;-;-;-;-;-;-;-;-;-;-;-;-;-;-;-;-;-;-;-;-;-;-;-;-;-;-;-;-;-;-;-;-;-;-;-;-;-;-;-;-;-;-;-;-;-;-;-;-;-;-;-;-;-;-;-;-;-;-;-;-;-;-;-;-;-;-;-;-;-;-;-;-;-;-;-;-;-;-;-;-;-;-;-;-;-;-;-;-;10;10;-;-;-;-;-;-;-;-;-;-;-;-;-;-;-;-;-;-;-;-;-;10;10;10;10;10;10;10;10;10;10;10;10;10;10;10;10;10;10;10;10;10;10;10;10;10;10;10;6;6;6;6;6;6;6;6;6;6;6;6;6;6;6;6;6;6;6;6;6;6;10
521800;PORANGATU;-;-;-;-;-;-;-;-;-;-;-;-;-;-;-;-;-;-;-;-;-;-;-;-;-;-;-;-;-;-;-;-;-;-;-;-;-;-;-;-;-;-;-;-;-;-;-;-;-;-;-;-;-;-;-;-;-;-;-;-;-;-;-;-;-;-;-;-;-;-;-;-;-;-;-;-;-;-;-;-;-;-;-;-;-;-;-;-;-;-;-;-;-;-;-;-;-;-;-;-;-;-;-;-;-;-;-;-;-;-;-;-;-;-;-;-;-;-;-;-;-;-;24;24;24;24;24;24;24;24;24;24;10;15;15;15;15;15;15;15;15;25;25;25;10;10;10;10;10;10;10;10;10;10;10;10;10;10;10;10;10;10;10;10;10;10;10;10;10;10;10;10;-;-;-;-;-;-;-;-;-;-;-;-;-;-;-;-;-;-;-;-;-;-;-;-
521850;QUIRINOPOLIS;-;-;-;-;-;-;-;-;-;-;-;-;-;-;-;-;-;-;-;-;-;-;-;-;-;-;-;-;-;-;-;-;-;-;-;-;-;-;-;-;-;-;-;-;-;-;-;-;-;-;-;-;-;-;-;-;-;-;-;-;-;-;-;-;-;-;-;-;-;-;-;-;-;-;-;-;-;-;-;-;11;11;11;11;11;11;11;11;11;11;11;11;11;11;11;11;11;11;11;11;11;11;11;11;11;11;11;11;11;11;11;11;11;11;11;11;11;11;11;11;11;11;11;11;11;11;11;11;11;11;11;11;11;11;11;11;11;11;11;21;21;21;21;21;21;21;21;21;21;11;11;11;11;11;11;11;11;11;11;11;11;11;11;11;11;11;11;11;11;11;11;11;11;11;11;11;11;11;11;11;11;11;11;11;11;11;9;9;9;9;9;9;9;9;9;9
521880;RIO VERDE;18;18;18;18;18;18;18;18;18;18;18;18;18;18;18;18;18;18;18;18;18;18;18;18;18;18;18;18;18;27;27;27;27;27;27;27;27;27;27;27;27;27;27;27;27;27;27;27;27;27;27;27;27;27;27;27;27;27;27;27;27;27;27;27;27;27;27;27;27;27;27;27;27;27;27;27;27;27;27;39;39;39;39;39;39;39;39;39;39;39;39;39;39;39;39;39;39;39;48;48;48;48;48;48;48;48;48;48;48;48;48;48;48;48;48;48;48;58;58;58;74;74;74;94;74;104;104;104;104;104;104;104;94;94;109;109;109;109;116;116;116;116;116;116;116;116;116;116;116;91;91;91;91;91;91;91;91;91;91;86;86;86;115;115;115;115;115;115;115;111;111;111;111;113;113;111;111;111;112;112;116;111;111;111;111;111;111;111;111;111;111;111;111;111;111;111
521930;SANTA HELENA DE GOIAS;-;-;-;-;-;-;-;-;-;-;-;-;-;18;18;18;18;20;20;20;20;20;20;20;20;20;20;20;20;20;20;20;20;20;20;20;20;20;20;20;20;20;20;20;20;20;20;20;20;20;20;20;20;20;20;20;20;20;20;20;20;20;20;20;20;20;20;20;20;20;20;20;20;20;20;20;20;20;20;20;20;20;20;20;20;20;20;20;20;20;20;20;20;20;20;20;20;20;20;20;20;20;20;20;20;20;20;20;20;20;20;20;20;20;20;20;20;20;20;20;20;20;20;20;20;20;20;20;20;20;20;20;20;20;20;20;30;30;30;30;30;30;30;30;30;30;28;28;28;28;28;28;28;28;28;28;28;28;28;28;28;18;18;18;18;18;18;18;18;18;18;18;18;18;18;18;18;18;18;18;18;18;18;18;18;18;18;18;18;18;18;18;18;18;18;18
522010;SAO LUIS DE MONTES BELOS;-;-;-;-;-;-;-;-;-;-;-;-;-;-;-;-;-;-;-;-;-;-;-;-;-;-;-;-;-;-;-;-;-;-;-;-;-;-;-;-;-;-;-;-;-;-;-;-;9;9;9;9;9;9;9;9;9;9;9;9;9;9;9;9;9;9;9;9;9;9;9;9;9;9;9;9;9;9;9;9;9;9;9;9;9;9;9;9;9;9;9;9;9;9;9;9;9;9;9;9;9;9;9;9;9;9;9;9;9;9;9;9;9;9;9;9;9;9;9;9;9;9;9;9;9;9;20;20;20;20;20;20;19;19;19;19;19;19;19;19;10;10;20;20;10;10;10;10;10;10;10;10;10;10;10;10;10;10;10;10;10;10;10;10;10;10;10;10;10;10;10;10;10;10;10;10;10;10;10;10;10;10;10;10;19;19;19;19;19;19;19;19;19;19;19;19
522045;SENADOR CANEDO;10;10;10;12;12;12;12;12;12;12;12;12;10;10;10;10;10;10;10;10;10;10;10;10;10;10;10;10;10;10;10;10;10;10;10;10;10;10;10;10;10;10;10;10;10;10;10;10;10;10;10;10;10;10;10;10;10;10;10;10;10;10;10;10;10;10;10;10;10;10;10;10;10;10;10;10;10;10;10;10;10;10;10;10;10;10;10;10;10;10;10;10;10;10;10;10;10;10;10;10;10;10;10;10;10;10;10;10;10;10;10;10;10;10;10;10;10;10;10;10;10;10;10;10;10;11;11;11;11;26;26;26;26;27;27;32;32;32;32;32;32;32;32;32;32;32;32;11;11;14;14;14;14;14;14;14;14;14;14;14;14;14;14;14;14;14;14;14;14;14;14;14;14;14;14;11;11;11;11;11;11;11;11;11;11;11;11;11;11;11;11;10;10;10;10;10
522140;TRINDADE;-;-;-;-;-;-;-;-;-;-;-;-;-;-;-;-;-;-;-;-;-;-;-;-;-;-;-;-;-;-;-;-;-;-;-;-;-;-;-;-;-;-;-;-;-;-;-;-;-;-;-;-;-;-;-;-;-;-;-;-;-;-;-;-;-;-;-;-;-;-;-;-;-;-;-;-;-;-;-;-;-;-;-;-;-;-;-;-;-;-;-;-;-;-;-;-;-;-;-;-;-;-;-;-;-;-;-;-;-;-;-;-;-;-;-;-;-;-;-;-;-;-;-;-;6;6;6;8;8;8;8;8;8;8;10;10;10;10;10;10;10;10;20;20;20;20;20;20;20;10;10;10;10;10;10;10;10;10;10;10;10;10;10;10;10;10;10;10;10;10;10;10;10;10;10;10;10;10;10;10;10;10;10;10;10;10;10;10;10;10;10;10;10;10;10;10
522160;URUACU;12;12;12;12;12;12;12;12;12;12;12;12;12;12;12;12;12;12;12;12;12;12;12;12;12;12;12;12;12;12;12;12;12;12;12;12;12;12;12;12;12;12;12;12;12;12;12;12;12;12;12;12;12;12;12;12;12;12;12;12;12;12;12;12;12;12;-;-;-;-;-;-;-;-;-;-;-;-;-;-;-;-;-;-;-;-;-;-;-;-;-;-;-;-;-;-;-;-;-;-;-;-;-;-;-;-;-;-;-;-;-;-;-;-;-;-;-;-;-;-;-;-;-;-;-;-;-;-;-;-;-;-;-;68;68;68;68;68;68;68;68;68;88;88;50;60;60;33;33;33;43;43;43;40;40;40;40;47;47;47;47;47;47;47;47;47;51;51;51;51;51;51;51;54;54;54;54;64;64;64;64;64;64;64;64;64;64;64;64;64;64;64;64;64;64;64
Total;;794;794;806;808;807;807;817;827;828;834;834;848;846;864;878;878;878;880;884;884;940;942;942;952;953;978;996;1005;1005;1030;1044;1044;1033;1033;1082;1082;1064;1064;1055;1061;1059;1059;1069;1077;1090;1086;1086;1164;1193;1193;1205;1205;1202;1202;1202;1202;1208;1208;1208;1208;1225;1203;1203;1203;1255;1258;1248;1231;1238;1238;1237;1237;1237;1249;1250;1239;1216;1226;1229;1286;1319;1325;1325;1325;1319;1339;1376;1418;1418;1428;1428;1431;1420;1408;1423;1330;1318;1318;1347;1346;1364;1365;1365;1355;1374;1370;1357;1389;1389;1383;1417;1417;1407;1406;1407;1395;1395;1375;1419;1419;1474;1474;1716;1768;1788;1949;2055;2092;2193;2205;2211;2223;2268;2509;2674;2766;2844;2858;2919;2957;2942;3019;3067;3075;3043;2925;2666;2581;2535;2044;2072;2031;2055;2049;2049;2044;2056;2054;2052;2040;2026;1998;2027;2027;2031;2031;2038;2038;2036;2032;2032;2037;2017;2008;2008;2023;2067;2100;2113;2101;2098;2093;2103;2119;2141;2175;2204;2201;2194;2208;2224;2219;2098;2120;2139;2145
 Fonte: Ministério da Saúde - Cadastro Nacional dos Estabelecimentos de Saúde do Brasil - CNES;;;;;;;;;;;;;;;;;;;;;;;;;;;;;;;;;;;;;;;;;;;;;;;;;;;;;;;;;;;;;;;;;;;;;;;;;;;;;;;;;;;;;;;;;;;;;;;;;;;;;;;;;;;;;;;;;;;;;;;;;;;;;;;;;;;;;;;;;;;;;;;;;;;;;;;;;;;;;;;;;;;;;;;;;;;;;;;;;;;;;;;;;;;;;;;;;;;;;
 Nota:;;;;;;;;;;;;;;;;;;;;;;;;;;;;;;;;;;;;;;;;;;;;;;;;;;;;;;;;;;;;;;;;;;;;;;;;;;;;;;;;;;;;;;;;;;;;;;;;;;;;;;;;;;;;;;;;;;;;;;;;;;;;;;;;;;;;;;;;;;;;;;;;;;;;;;;;;;;;;;;;;;;;;;;;;;;;;;;;;;;;;;;;;;;;;;;;;;;;;
 - Os dados relativos ao Cadastro Nacional de Estabelecimentos de Saúde (CNES) exibidos no TABNET referem-se aos registros constantes no Banco de Dados Nacional do CNES com status ATIVO.;;;;;;;;;;;;;;;;;;;;;;;;;;;;;;;;;;;;;;;;;;;;;;;;;;;;;;;;;;;;;;;;;;;;;;;;;;;;;;;;;;;;;;;;;;;;;;;;;;;;;;;;;;;;;;;;;;;;;;;;;;;;;;;;;;;;;;;;;;;;;;;;;;;;;;;;;;;;;;;;;;;;;;;;;;;;;;;;;;;;;;;;;;;;;;;;;;;;;
 - A partir do processamento de junho de 2012, houve mudança na classificação da natureza e esfera dos estabelecimentos. Com isso, temos que:;;;;;;;;;;;;;;;;;;;;;;;;;;;;;;;;;;;;;;;;;;;;;;;;;;;;;;;;;;;;;;;;;;;;;;;;;;;;;;;;;;;;;;;;;;;;;;;;;;;;;;;;;;;;;;;;;;;;;;;;;;;;;;;;;;;;;;;;;;;;;;;;;;;;;;;;;;;;;;;;;;;;;;;;;;;;;;;;;;;;;;;;;;;;;;;;;;;;;
 ;;;;;;;;;;;;;;;;;;;;;;;;;;;;;;;;;;;;;;;;;;;;;;;;;;;;;;;;;;;;;;;;;;;;;;;;;;;;;;;;;;;;;;;;;;;;;;;;;;;;;;;;;;;;;;;;;;;;;;;;;;;;;;;;;;;;;;;;;;;;;;;;;;;;;;;;;;;;;;;;;;;;;;;;;;;;;;;;;;;;;;;;;;;;;;;;;;;;;
" Até maio de 2012 estas informações estão disponíveis como ""Natureza"" e ""Esfera Administrativa"".";;;;;;;;;;;;;;;;;;;;;;;;;;;;;;;;;;;;;;;;;;;;;;;;;;;;;;;;;;;;;;;;;;;;;;;;;;;;;;;;;;;;;;;;;;;;;;;;;;;;;;;;;;;;;;;;;;;;;;;;;;;;;;;;;;;;;;;;;;;;;;;;;;;;;;;;;;;;;;;;;;;;;;;;;;;;;;;;;;;;;;;;;;;;;;;;;;;;;
" De junho de 2012 a outubro de 2015, estão disponíveis tanto como ""Natureza"" e ""Esfera Administrativa"", como ""Natureza Jurídica"" e ""Esfera Jurídica"".";;;;;;;;;;;;;;;;;;;;;;;;;;;;;;;;;;;;;;;;;;;;;;;;;;;;;;;;;;;;;;;;;;;;;;;;;;;;;;;;;;;;;;;;;;;;;;;;;;;;;;;;;;;;;;;;;;;;;;;;;;;;;;;;;;;;;;;;;;;;;;;;;;;;;;;;;;;;;;;;;;;;;;;;;;;;;;;;;;;;;;;;;;;;;;;;;;;;;
" A partir de novembro de 2015, estão disponíveis como ""Natureza Jurídica"" e ""Esfera Jurídica"".";;;;;;;;;;;;;;;;;;;;;;;;;;;;;;;;;;;;;;;;;;;;;;;;;;;;;;;;;;;;;;;;;;;;;;;;;;;;;;;;;;;;;;;;;;;;;;;;;;;;;;;;;;;;;;;;;;;;;;;;;;;;;;;;;;;;;;;;;;;;;;;;;;;;;;;;;;;;;;;;;;;;;;;;;;;;;;;;;;;;;;;;;;;;;;;;;;;;;
