cod_mun;Município;2009;2010;2011;2012;2013;2014;2015;2016;2017;2018;2019;2020;2021;2022;2023;2024;2025;2026
520005;ABADIA DE GOIAS;6792;7030;7368;7853;8526;9362;10310;11341;12433;13606;14862;16218;17582;18874;20034;21165;22052;22939
520010;ABADIANIA;15700;15999;16171;16302;16409;16537;16664;16781;16910;17033;17186;17325;17440;17512;17574;17638;17738;17838
520013;ACREUNA;20608;20722;20829;20937;21082;21207;21339;21454;21546;21640;21741;21839;21889;21918;21947;21995;22079;22163
520015;ADELANDIA;2535;2516;2510;2496;2485;2466;2453;2441;2421;2401;2386;2371;2349;2328;2287;2297;2282;2267
520017;AGUA FRIA DE GOIAS;5150;5177;5192;5203;5197;5188;5184;5172;5152;5133;5105;5092;5057;5023;4990;4991;4979;4967
520020;AGUA LIMPA;2063;2047;2031;2025;2013;1996;1984;1970;1947;1928;1916;1906;1885;1866;1829;1856;1843;1830
520025;AGUAS LINDAS DE GOIAS;158653;163859;168983;174436;180025;185786;191713;197529;203108;208445;213823;219218;224436;229573;234962;240613;245352;250091
520030;ALEXANIA;24040;24310;24583;24868;25172;25477;25782;26080;26354;26621;26906;27190;27423;27618;27819;28009;28244;28479
520050;ALOANDIA;2082;2072;2077;2078;2076;2058;2060;2045;2038;2026;2013;2010;1992;1990;1958;1984;1977;1970
520055;ALTO HORIZONTE;4360;4545;4688;4812;4934;5070;5217;5354;5486;5622;5759;5903;6030;6146;6248;6375;6487;6599
520060;ALTO PARAISO DE GOIAS;6914;7021;7194;7434;7704;7989;8275;8570;8861;9152;9449;9743;10030;10308;10606;10936;11182;11428
520080;ALVORADA DO NORTE;8257;8285;8313;8356;8392;8442;8477;8506;8536;8553;8572;8589;8599;8596;8580;8597;8619;8641
520082;AMARALINA;3494;3503;3501;3484;3471;3458;3455;3441;3421;3408;3388;3382;3354;3324;3279;3281;3267;3253
520085;AMERICANO DO BRASIL;5579;5605;5599;5592;5570;5552;5534;5512;5484;5457;5440;5418;5382;5341;5301;5281;5260;5239
520090;AMORINOPOLIS;3716;3664;3614;3550;3498;3450;3399;3343;3279;3234;3196;3150;3088;3038;2967;2952;2906;2860
520110;ANAPOLIS;340829;345386;349996;355305;360941;366678;372371;377757;382892;387985;393282;398485;402912;406938;411305;415847;420300;424753
520120;ANHANGUERA;1004;1011;1016;1016;1009;999;993;990;982;972;967;953;941;935;899;921;913;905
520130;ANICUNS;20595;20614;20523;20404;20258;20108;19955;19802;19636;19474;19338;19186;19005;18816;18628;18443;18306;18169
520140;APARECIDA DE GOIANIA;459447;469363;477388;485009;492221;499508;506733;513376;519269;524546;529750;534764;538915;542566;546588;550925;556021;561117
520145;APARECIDA DO RIO DOCE;2488;2494;2506;2527;2567;2613;2653;2692;2748;2783;2829;2876;2921;2951;2955;3012;3045;3078
520150;APORE;3842;3884;3929;3977;4024;4077;4119;4167;4212;4242;4277;4325;4353;4381;4398;4452;4488;4524
520160;ARACU;3937;3912;3895;3882;3887;3886;3886;3884;3878;3874;3878;3879;3867;3845;3816;3842;3840;3838
520170;ARAGARCAS;18617;18690;18711;18742;18766;18788;18814;18826;18817;18811;18809;18800;18772;18700;18643;18604;18601;18598
520180;ARAGOIANIA;8288;8492;8717;8965;9253;9545;9851;10144;10445;10742;11056;11370;11662;11944;12235;12554;12806;13058
520215;ARAGUAPAZ;7700;7699;7668;7648;7630;7598;7579;7533;7503;7455;7422;7391;7340;7277;7223;7182;7152;7122
520235;ARENOPOLIS;3413;3350;3314;3275;3249;3228;3203;3159;3129;3094;3079;3045;3010;2983;2930;2930;2904;2878
520250;ARUANA;7414;7600;7719;7821;7900;7979;8064;8144;8203;8269;8327;8380;8424;8448;8475;8515;8570;8625
520260;AURILANDIA;3797;3739;3692;3656;3618;3587;3547;3512;3472;3445;3416;3398;3361;3332;3271;3266;3237;3208
520280;AVELINOPOLIS;2530;2537;2541;2572;2608;2650;2688;2727;2773;2798;2836;2875;2901;2919;2915;2963;2993;3023
520310;BALIZA;3602;3692;3724;3706;3681;3647;3606;3573;3531;3502;3487;3458;3422;3393;3340;3335;3306;3277
520320;BARRO ALTO;8635;8838;8991;9132;9264;9426;9575;9715;9847;9976;10122;10268;10397;10507;10617;10738;10853;10968
520330;BELA VISTA DE GOIAS;24402;24971;25603;26350;27157;27990;28858;29715;30570;31421;32300;33181;34024;34840;35693;36583;37305;38027
520340;BOM JARDIM DE GOIAS;8608;8604;8555;8511;8463;8411;8359;8298;8249;8190;8143;8089;8025;7944;7872;7824;7775;7726
520350;BOM JESUS DE GOIAS;20651;21032;21358;21689;21996;22306;22606;22890;23142;23388;23627;23875;24065;24247;24460;24701;24925;25149
520355;BONFINOPOLIS;7433;7644;7842;8046;8278;8518;8762;9002;9240;9466;9715;9959;10186;10398;10601;10828;11025;11222
520357;BONOPOLIS;3484;3528;3549;3537;3518;3505;3486;3454;3437;3421;3414;3395;3375;3341;3296;3306;3289;3272
520360;BRAZABRANTES;3280;3321;3368;3419;3477;3540;3616;3676;3740;3797;3865;3938;3988;4048;4077;4149;4201;4253
520380;BRITANIA;5620;5635;5635;5649;5672;5684;5701;5707;5729;5734;5749;5778;5784;5785;5781;5788;5798;5808
520390;BURITI ALEGRE;9226;9269;9338;9440;9556;9688;9813;9936;10055;10168;10305;10434;10535;10620;10721;10831;10930;11029
520393;BURITI DE GOIAS;2635;2629;2629;2626;2633;2651;2666;2686;2698;2717;2737;2748;2763;2776;2754;2789;2800;2811
520396;BURITINOPOLIS;3394;3376;3368;3364;3350;3332;3316;3305;3276;3255;3245;3230;3202;3182;3140;3154;3140;3126
520400;CABECEIRAS;7505;7539;7560;7585;7616;7645;7670;7694;7706;7710;7714;7720;7717;7694;7676;7678;7689;7700
520410;CACHOEIRA ALTA;10583;10736;10840;10948;11047;11147;11240;11327;11401;11461;11537;11615;11655;11690;11723;11789;11854;11919
520420;CACHOEIRA DE GOIAS;1452;1439;1439;1436;1440;1442;1447;1445;1447;1436;1443;1434;1429;1429;1397;1419;1417;1415
520425;CACHOEIRA DOURADA;8475;8432;8384;8359;8323;8278;8241;8189;8153;8094;8056;8010;7944;7878;7828;7801;7762;7723
520430;CACU;13320;13505;13607;13684;13735;13783;13830;13868;13904;13932;13976;14009;14010;14002;14001;14006;14034;14062
520440;CAIAPONIA;16983;17083;17108;17101;17083;17072;17051;17019;16986;16953;16928;16916;16868;16782;16711;16655;16628;16601
520450;CALDAS NOVAS;70053;72055;74007;76111;78365;80747;83221;85662;88081;90509;93017;95540;97913;100163;102458;104788;106820;108852
520455;CALDAZINHA;3385;3432;3492;3561;3651;3757;3867;3975;4073;4174;4279;4393;4489;4572;4630;4735;4819;4903
520460;CAMPESTRE DE GOIAS;3460;3454;3477;3496;3528;3559;3591;3611;3650;3678;3727;3771;3787;3811;3809;3854;3879;3904
520465;CAMPINACU;3765;3751;3745;3751;3748;3757;3765;3758;3774;3768;3776;3780;3770;3769;3738;3758;3760;3762
520470;CAMPINORTE;11105;11230;11329;11456;11587;11728;11870;11993;12122;12229;12363;12502;12603;12686;12768;12879;12983;13087
520480;CAMPO ALEGRE DE GOIAS;6015;6160;6294;6419;6545;6681;6816;6931;7052;7148;7260;7353;7450;7534;7604;7711;7807;7903
520485;CAMPO LIMPO DE GOIAS;6185;6341;6495;6630;6800;6959;7124;7288;7434;7580;7743;7895;8037;8164;8287;8449;8579;8709
520490;CAMPOS BELOS;18823;18878;18875;18898;18902;18899;18906;18885;18849;18789;18735;18676;18593;18468;18358;18258;18227;18196
520495;CAMPOS VERDES;5364;5161;5015;4908;4816;4723;4628;4530;4427;4340;4265;4191;4108;4031;3943;3899;3822;3745
520500;CARMO DO RIO VERDE;9074;9153;9202;9270;9330;9409;9483;9555;9615;9682;9749;9808;9859;9881;9904;9937;9988;10039
520505;CASTELANDIA;3700;3657;3626;3582;3534;3464;3409;3349;3282;3211;3161;3109;3053;2991;2928;2921;2871;2821
520510;CATALAO;86641;88888;91047;93350;95698;98109;100528;102886;105193;107464;109788;112087;114201;116261;118461;120789;122760;124731
520520;CATURAI;4764;4814;4848;4891;4948;4994;5050;5096;5140;5181;5203;5239;5258;5270;5280;5318;5352;5386
520530;CAVALCANTE;9638;9638;9650;9677;9716;9752;9788;9807;9815;9811;9805;9807;9785;9741;9727;9721;9730;9739
520540;CERES;21128;21200;21263;21356;21474;21592;21716;21816;21913;22027;22152;22264;22339;22376;22425;22484;22570;22656
520545;CEZARINA;7656;7722;7753;7785;7842;7888;7936;7985;8028;8078;8126;8182;8220;8228;8241;8265;8301;8337
520547;CHAPADAO DO CEU;6736;7079;7404;7759;8169;8624;9132;9646;10171;10694;11254;11832;12399;12924;13401;13897;14321;14745
520549;CIDADE OCIDENTAL;55225;56989;59100;61607;64387;67315;70363;73455;76510;79555;82704;85908;89079;92248;95525;98963;101570;104177
520551;COCALZINHO DE GOIAS;17477;17798;18228;18784;19416;20085;20784;21459;22143;22794;23463;24139;24781;25388;26001;26638;27196;27754
520552;COLINAS DO SUL;3652;3640;3652;3683;3728;3775;3825;3875;3923;3955;3999;4043;4078;4101;4102;4153;4188;4223
520570;CORREGO DO OURO;2740;2694;2664;2649;2643;2618;2603;2592;2566;2553;2544;2533;2513;2492;2452;2456;2441;2426
520580;CORUMBA DE GOIAS;10583;10610;10641;10680;10713;10749;10781;10798;10807;10817;10823;10819;10800;10766;10731;10714;10724;10734
520590;CORUMBAIBA;8211;8322;8417;8503;8593;8687;8774;8867;8949;9020;9113;9173;9239;9283;9338;9416;9484;9552
520620;CRISTALINA;46342;47510;48671;49944;51258;52617;53982;55320;56615;57911;59241;60577;61833;63062;64355;65705;66827;67949
520630;CRISTIANOPOLIS;3007;3010;3029;3075;3125;3181;3239;3288;3327;3379;3429;3488;3522;3563;3570;3630;3670;3710
520640;CRIXAS;16063;16130;16197;16302;16422;16548;16671;16775;16880;16976;17080;17193;17267;17315;17370;17445;17532;17619
520650;CROMINIA;3666;3652;3666;3685;3712;3743;3777;3805;3831;3865;3886;3923;3939;3948;3936;3977;3999;4021
520660;CUMARI;3063;3042;3041;3034;3028;3031;3036;3030;3025;3012;3009;3004;2989;2982;2949;2955;2951;2947
520670;DAMIANOPOLIS;3367;3382;3397;3430;3477;3525;3564;3604;3642;3687;3729;3775;3797;3827;3828;3884;3917;3950
520680;DAMOLANDIA;2769;2782;2790;2791;2795;2800;2801;2801;2799;2786;2790;2783;2770;2770;2737;2755;2753;2751
520690;DAVINOPOLIS;2084;2091;2090;2075;2066;2063;2053;2038;2017;2002;1986;1974;1940;1924;1876;1901;1889;1877
520710;DIORAMA;2502;2485;2460;2438;2399;2364;2326;2287;2244;2206;2171;2147;2105;2073;2024;2023;1991;1959
520725;DOVERLANDIA;8130;8050;7956;7877;7796;7713;7626;7540;7444;7357;7292;7218;7136;7038;6959;6895;6823;6751
520735;EDEALINA;3829;3822;3828;3837;3868;3888;3919;3927;3953;3971;3997;4030;4031;4048;4047;4087;4104;4121
520740;EDEIA;11442;11491;11526;11578;11619;11662;11710;11736;11774;11802;11848;11892;11909;11921;11929;11953;11982;12011
520750;ESTRELA DO NORTE;3404;3392;3367;3360;3360;3344;3338;3325;3318;3301;3289;3275;3263;3249;3205;3224;3214;3204
520753;FAINA;7225;7182;7157;7159;7163;7178;7184;7198;7208;7206;7220;7233;7220;7197;7177;7164;7167;7170
520760;FAZENDA NOVA;6581;6505;6445;6397;6357;6324;6282;6246;6205;6172;6129;6091;6033;5978;5917;5878;5842;5806
520780;FIRMINOPOLIS;11645;11714;11682;11602;11504;11395;11282;11172;11063;10962;10880;10790;10679;10566;10458;10365;10274;10183
520790;FLORES DE GOIAS;11798;12165;12399;12590;12750;12923;13070;13232;13376;13494;13631;13762;13873;13961;14062;14156;14273;14390
520800;FORMOSA;101613;103303;104749;106231;107704;109211;110720;112104;113357;114539;115721;116889;117850;118685;119580;120478;121559;122640
520810;FORMOSO;5080;5023;4967;4938;4915;4892;4869;4844;4827;4812;4804;4792;4769;4736;4691;4681;4662;4643
520815;GAMELEIRA DE GOIAS;3151;3199;3236;3269;3300;3319;3352;3383;3418;3434;3464;3488;3498;3510;3504;3542;3563;3584
520830;DIVINOPOLIS DE GOIAS;5032;5001;4973;4950;4918;4888;4855;4820;4771;4726;4678;4633;4569;4516;4456;4440;4405;4370
520840;GOIANAPOLIS;11374;11416;11544;11751;12005;12260;12511;12759;12992;13219;13459;13695;13915;14116;14321;14555;14758;14961
520850;GOIANDIRA;5357;5365;5358;5344;5319;5298;5281;5261;5220;5200;5173;5149;5101;5054;5007;4986;4962;4938
520860;GOIANESIA;60287;61246;62235;63379;64617;65888;67177;68399;69568;70710;71875;73030;74043;74973;75975;77014;78009;79004
520870;GOIANIA;1344439;1360468;1372822;1385729;1398193;1410998;1423379;1434774;1444625;1454383;1463895;1472999;1479439;1484357;1493064;1494599;1503256;1511913
520880;GOIANIRA;32585;34384;36292;38466;40953;43741;46769;49922;53194;56575;60132;63860;67628;71346;74982;78754;81495;84236
520890;GOIAS;25743;25503;25322;25244;25203;25167;25129;25073;24996;24929;24874;24805;24683;24523;24384;24233;24172;24111
520910;GOIATUBA;33514;33642;33830;34102;34407;34714;35018;35281;35533;35745;35990;36187;36344;36449;36597;36777;36984;37191
520915;GOUVELANDIA;4928;4992;5001;4972;4930;4882;4834;4785;4724;4666;4625;4561;4503;4445;4375;4356;4313;4270
520920;GUAPO;14223;14322;14550;14912;15348;15805;16270;16733;17205;17679;18167;18677;19149;19611;20082;20588;20985;21382
520929;GUARAITA;2451;2428;2394;2375;2367;2356;2334;2312;2300;2277;2270;2253;2227;2215;2169;2185;2170;2155
520940;GUARANI DE GOIAS;4417;4381;4355;4351;4335;4328;4319;4306;4289;4260;4240;4222;4187;4159;4116;4106;4091;4076
520945;GUARINOS;2407;2364;2343;2319;2312;2297;2296;2288;2270;2255;2251;2233;2216;2199;2151;2165;2154;2143
520960;HEITORAI;3641;3635;3622;3615;3592;3573;3556;3538;3510;3484;3467;3454;3427;3400;3358;3360;3342;3324
520970;HIDROLANDIA;17062;17566;18166;18877;19690;20523;21404;22295;23181;24090;25021;25980;26916;27839;28800;29827;30587;31347
520980;HIDROLINA;4169;4116;4074;4028;3987;3946;3904;3864;3824;3778;3739;3697;3646;3597;3535;3514;3477;3440
520990;IACIARA;12570;12628;12586;12495;12353;12224;12073;11915;11735;11557;11367;11185;10996;10794;10610;10430;10289;10148
520993;INACIOLANDIA;5816;5846;5869;5893;5928;5959;5981;6006;6018;6038;6059;6076;6071;6057;6055;6061;6076;6091
520995;INDIARA;13867;14030;14242;14516;14814;15114;15439;15750;16038;16306;16584;16831;17082;17293;17504;17747;17985;18223
521000;INHUMAS;49516;49806;50054;50378;50743;51109;51466;51783;52066;52355;52688;53001;53192;53322;53478;53629;53884;54139
521010;IPAMERI;25183;25294;25365;25463;25553;25660;25750;25839;25907;25974;26065;26145;26181;26157;26166;26163;26223;26283
521015;IPIRANGA DE GOIAS;2921;2914;2909;2909;2915;2924;2939;2949;2954;2965;2966;2983;2988;2979;2938;2964;2968;2972
521020;IPORA;32397;32434;32585;32865;33230;33606;33974;34327;34663;35037;35446;35839;36141;36403;36691;36983;37283;37583
521030;ISRAELANDIA;2959;2939;2914;2886;2860;2831;2801;2772;2743;2715;2690;2655;2625;2591;2548;2540;2515;2490
521040;ITABERAI;35608;36316;36999;37739;38524;39325;40127;40907;41672;42444;43253;44055;44765;45459;46181;46943;47603;48263
521056;ITAGUARI;4584;4602;4634;4674;4716;4770;4817;4861;4893;4920;4960;4985;5017;5022;5035;5088;5120;5152
521060;ITAGUARU;5611;5563;5515;5471;5419;5367;5328;5271;5220;5164;5123;5083;5034;4974;4916;4880;4837;4794
521080;ITAJA;5226;5169;5090;5046;4984;4930;4869;4795;4741;4672;4615;4557;4490;4431;4360;4328;4276;4224
521090;ITAPACI;18406;18749;19000;19246;19483;19722;19959;20191;20408;20609;20843;21061;21242;21384;21537;21708;21891;22074
521100;ITAPIRAPUA;8358;8159;8052;8023;8033;8044;8064;8080;8087;8099;8124;8148;8144;8133;8123;8125;8133;8141
521120;ITAPURANGA;27222;27121;27038;27015;27017;27025;27018;27002;26976;26955;26955;26933;26868;26750;26658;26574;26553;26532
521130;ITARUMA;6381;6414;6417;6407;6392;6374;6364;6349;6331;6305;6285;6278;6244;6205;6162;6142;6124;6106
521140;ITAUCU;8742;8718;8673;8604;8530;8457;8384;8304;8235;8156;8094;8027;7951;7857;7771;7701;7636;7571
521150;ITUMBIARA;94908;95922;96912;98082;99347;100661;101948;103180;104365;105594;106905;108192;109249;110193;111220;112289;113322;114355
521160;IVOLANDIA;2750;2726;2720;2714;2710;2715;2716;2710;2719;2721;2737;2742;2734;2731;2706;2729;2731;2733
521170;JANDAIA;6362;6327;6322;6318;6332;6342;6351;6371;6379;6381;6396;6409;6404;6385;6358;6360;6365;6370
521180;JARAGUA;42518;43129;43536;43897;44205;44523;44837;45111;45355;45572;45804;46030;46174;46249;46351;46427;46633;46839
521190;JATAI;89791;90953;92202;93692;95285;96916;98524;100036;101460;102849;104246;105626;106783;107874;109100;110404;111634;112864
521200;JAUPACI;3097;3076;3054;3038;3032;3027;3020;3012;3005;3005;2997;2995;2984;2969;2926;2946;2939;2932
521205;JESUPOLIS;2303;2310;2299;2295;2278;2266;2261;2244;2220;2207;2189;2180;2166;2153;2107;2124;2112;2100
521210;JOVIANIA;7237;7249;7258;7273;7274;7289;7289;7289;7274;7267;7260;7267;7250;7240;7225;7247;7247;7247
521220;JUSSARA;19788;19695;19626;19646;19675;19724;19762;19801;19825;19856;19915;19955;19973;19949;19917;19901;19926;19951
521225;LAGOA SANTA;1231;1252;1262;1274;1283;1298;1308;1315;1320;1335;1353;1376;1385;1397;1388;1426;1435;1444
521230;LEOPOLDO DE BULHOES;7676;7694;7736;7819;7929;8053;8167;8270;8379;8474;8588;8700;8793;8865;8943;9035;9123;9211
521250;LUZIANIA;178468;181252;183973;187037;190180;193394;196630;199661;202438;205054;207692;210278;212536;214568;216725;218872;221262;223652
521260;MAIRIPOTABA;2440;2441;2448;2460;2475;2490;2508;2525;2542;2550;2571;2580;2595;2605;2588;2618;2631;2644
521270;MAMBAI;6765;6939;7080;7195;7309;7425;7542;7648;7746;7843;7948;8046;8138;8213;8302;8405;8493;8581
521280;MARA ROSA;11160;11061;11001;10989;10992;10992;10982;10981;10962;10948;10950;10939;10919;10874;10843;10815;10806;10797
521290;MARZAGAO;2096;2109;2140;2183;2243;2294;2351;2411;2475;2535;2600;2661;2725;2779;2794;2893;2942;2991
521295;MATRINCHA;4534;4509;4476;4450;4425;4397;4360;4320;4281;4245;4213;4182;4145;4107;4058;4033;4004;3975
521300;MAURILANDIA;11486;11637;11674;11636;11559;11479;11379;11271;11160;11018;10879;10750;10602;10470;10338;10239;10145;10051
521305;MIMOSO DE GOIAS;2744;2742;2732;2727;2718;2712;2715;2708;2693;2680;2682;2667;2658;2646;2611;2633;2626;2619
521308;MINACU;32613;32218;31803;31421;31031;30650;30265;29875;29495;29134;28809;28500;28121;27720;27337;26939;26616;26293
521310;MINEIROS;52662;53961;55234;56601;58030;59505;61005;62457;63874;65279;66735;68186;69534;70845;72255;73781;74999;76217
521340;MOIPORA;1819;1794;1781;1770;1770;1762;1754;1747;1747;1737;1732;1732;1719;1710;1674;1693;1687;1681
521350;MONTE ALEGRE DE GOIAS;7814;7838;7800;7741;7654;7573;7489;7392;7288;7192;7097;7008;6905;6798;6698;6613;6534;6455
521370;MONTES CLAROS DE GOIAS;8188;8186;8197;8243;8310;8378;8434;8507;8566;8633;8711;8788;8843;8882;8921;8972;9024;9076
521375;MONTIVIDIU;10466;10705;10895;11079;11256;11422;11604;11764;11927;12073;12237;12400;12543;12669;12809;12957;13094;13231
521377;MONTIVIDIU DO NORTE;4184;4189;4166;4142;4105;4074;4050;4010;3985;3958;3930;3903;3875;3840;3780;3770;3743;3716
521380;MORRINHOS;42304;42761;43314;44030;44835;45656;46489;47304;48109;48924;49782;50645;51394;52098;52855;53640;54326;55012
521385;MORRO AGUDO DE GOIAS;2442;2426;2415;2414;2428;2431;2434;2448;2459;2474;2479;2492;2502;2506;2472;2499;2505;2511
521390;MOSSAMEDES;5213;5144;5081;5043;5018;4984;4951;4914;4887;4851;4826;4793;4764;4730;4681;4655;4626;4597
521400;MOZARLANDIA;13507;13668;13794;13909;14037;14154;14279;14396;14487;14585;14698;14813;14899;14965;15029;15109;15199;15289
521405;MUNDO NOVO;6770;6647;6577;6554;6538;6520;6515;6496;6462;6434;6405;6385;6339;6292;6243;6223;6202;6181
521410;MUTUNOPOLIS;3939;3924;3896;3869;3840;3816;3788;3758;3732;3704;3688;3674;3644;3611;3569;3562;3540;3518
521440;NAZARIO;7947;8027;8058;8086;8111;8147;8174;8196;8224;8240;8274;8305;8315;8311;8319;8330;8349;8368
521450;NEROPOLIS;24028;24579;25132;25751;26398;27079;27758;28429;29091;29756;30433;31144;31793;32408;33039;33706;34273;34840
521460;NIQUELANDIA;43444;43380;42979;42438;41789;41113;40468;39794;39124;38447;37794;37144;36449;35748;35112;34466;33890;33314
521470;NOVA AMERICA;2307;2302;2303;2306;2307;2313;2320;2329;2336;2343;2361;2368;2385;2384;2358;2375;2380;2385
521480;NOVA AURORA;2095;2104;2109;2119;2121;2130;2144;2141;2141;2146;2146;2147;2136;2130;2101;2130;2132;2134
521483;NOVA CRIXAS;12143;12199;12265;12341;12428;12512;12591;12648;12719;12768;12852;12923;12973;13001;13042;13095;13153;13211
521486;NOVA GLORIA;8818;8766;8705;8676;8663;8665;8656;8644;8621;8590;8583;8571;8538;8474;8410;8375;8356;8337
521487;NOVA IGUACU DE GOIAS;2910;2915;2916;2916;2938;2956;2980;2998;3011;3027;3035;3060;3062;3070;3044;3072;3084;3096
521490;NOVA ROMA;3543;3521;3494;3471;3444;3414;3373;3339;3298;3251;3226;3186;3148;3113;3060;3053;3022;2991
521500;NOVA VENEZA;8159;8298;8421;8532;8659;8777;8898;9010;9129;9233;9342;9456;9548;9620;9699;9790;9883;9976
521520;NOVO BRASIL;3658;3611;3594;3586;3580;3583;3589;3586;3574;3574;3581;3587;3582;3573;3550;3568;3567;3566
521523;NOVO GAMA;96840;98272;99307;100277;101166;102093;103013;103828;104487;105031;105584;106107;106459;106667;106892;107092;107663;108234
521525;NOVO PLANALTO;4003;4021;4021;3995;3971;3961;3939;3910;3881;3864;3847;3830;3801;3774;3729;3723;3703;3683
521530;ORIZONA;14521;14615;14731;14885;15052;15227;15405;15570;15748;15929;16118;16314;16471;16608;16735;16890;17035;17180
521540;OURO VERDE DE GOIAS;4168;4132;4103;4095;4096;4094;4100;4098;4101;4099;4108;4120;4120;4105;4095;4108;4109;4110
521550;OUVIDOR;5439;5563;5682;5819;5961;6112;6266;6412;6559;6695;6853;7005;7153;7266;7392;7542;7665;7788
521560;PADRE BERNARDO;27896;28470;29009;29623;30245;30892;31561;32192;32803;33396;33999;34605;35140;35647;36175;36692;37207;37722
521565;PALESTINA DE GOIAS;3435;3422;3407;3383;3360;3340;3318;3295;3272;3248;3235;3220;3192;3167;3125;3132;3113;3094
521570;PALMEIRAS DE GOIAS;23385;23869;24337;24871;25509;26219;26975;27718;28480;29290;30141;31017;31805;32505;33140;33749;34375;35001
521580;PALMELO;2372;2370;2367;2355;2340;2338;2330;2322;2321;2312;2310;2305;2286;2283;2240;2273;2266;2259
521590;PALMINOPOLIS;3644;3641;3653;3664;3684;3710;3737;3755;3774;3798;3838;3869;3890;3906;3900;3939;3959;3979
521600;PANAMA;2733;2726;2712;2696;2680;2667;2638;2617;2596;2568;2548;2526;2496;2466;2437;2449;2432;2415
521630;PARANAIGUARA;9187;9209;9141;9052;8929;8799;8675;8541;8411;8271;8137;8009;7856;7711;7578;7470;7356;7242
521640;PARAUNA;11127;11103;11088;11099;11097;11086;11077;11046;11018;10983;10954;10911;10857;10801;10765;10749;10727;10705
521645;PEROLANDIA;2995;3007;3008;3008;3016;3014;3025;3022;3017;3022;3026;3022;3010;3002;2970;3000;2999;2998
521680;PETROLINA DE GOIAS;10569;10524;10463;10404;10337;10290;10236;10172;10112;10036;9974;9906;9824;9728;9650;9577;9519;9461
521690;PILAR DE GOIAS;2861;2820;2773;2724;2681;2634;2591;2549;2508;2472;2438;2406;2369;2343;2286;2288;2254;2220
521710;PIRACANJUBA;24399;24418;24438;24503;24597;24694;24798;24873;24946;25034;25136;25231;25261;25262;25289;25309;25373;25437
521720;PIRANHAS;11671;11583;11544;11557;11597;11625;11669;11694;11724;11759;11808;11860;11888;11881;11896;11913;11940;11967
521730;PIRENOPOLIS;23430;23575;23805;24102;24450;24811;25172;25511;25842;26145;26468;26787;27036;27262;27504;27757;28028;28299
521740;PIRES DO RIO;29505;29716;29930;30216;30528;30848;31159;31442;31719;32002;32316;32617;32852;33052;33276;33494;33736;33978
521760;PLANALTINA;83575;84399;85726;87561;89638;91775;93959;96057;98033;99922;101821;103711;105454;107118;108838;110619;112304;113989
521770;PONTALINA;17520;17548;17584;17667;17780;17897;18011;18107;18209;18297;18404;18495;18561;18593;18627;18685;18763;18841
521800;PORANGATU;43762;43913;44036;44241;44461;44675;44882;45052;45178;45277;45392;45495;45492;45444;45421;45400;45512;45624
521805;PORTEIRAO;3359;3408;3462;3515;3585;3657;3728;3794;3853;3907;3970;4023;4071;4125;4145;4225;4276;4327
521810;PORTELANDIA;3894;3877;3849;3814;3765;3720;3668;3621;3556;3506;3460;3411;3367;3322;3245;3234;3191;3148
521830;POSSE;32102;32497;32831;33188;33553;33914;34282;34601;34862;35087;35307;35512;35666;35774;35911;36060;36291;36522
521839;PROFESSOR JAMIL;3486;3476;3479;3490;3522;3545;3569;3590;3613;3639;3659;3683;3691;3707;3696;3732;3750;3768
521850;QUIRINOPOLIS;44009;44563;45014;45478;45956;46440;46906;47339;47732;48117;48524;48915;49205;49424;49691;49986;50329;50672
521860;RIALMA;10783;10807;10863;10958;11082;11217;11356;11495;11628;11776;11938;12096;12224;12338;12442;12551;12665;12779
521870;RIANAPOLIS;4615;4612;4587;4561;4519;4471;4422;4374;4308;4252;4198;4145;4092;4027;3951;3938;3893;3848
521878;RIO QUENTE;3208;3316;3396;3453;3502;3556;3604;3647;3694;3745;3786;3836;3876;3911;3925;3994;4033;4072
521880;RIO VERDE;175086;180837;185657;190202;194573;199003;203435;207680;211673;215524;219407;223258;226781;230196;233945;238025;241494;244963
521890;RUBIATABA;19344;19378;19413;19484;19564;19658;19738;19812;19875;19937;20023;20091;20109;20099;20114;20132;20186;20240
521900;SANCLERLANDIA;7761;7754;7753;7774;7806;7844;7886;7912;7934;7959;8000;8036;8056;8047;8044;8063;8085;8107
521910;SANTA BARBARA DE GOIAS;5813;5872;5910;5950;5988;6035;6077;6120;6151;6171;6201;6229;6242;6249;6245;6280;6306;6332
521920;SANTA CRUZ DE GOIAS;3243;3218;3204;3195;3183;3165;3155;3141;3126;3111;3093;3078;3060;3039;2998;3016;3004;2992
521925;SANTA FE DE GOIAS;4823;4865;4884;4904;4926;4949;4979;4991;5008;5004;5024;5050;5036;5034;5020;5036;5047;5058
521930;SANTA HELENA DE GOIAS;37718;37817;37923;38094;38284;38502;38695;38857;39003;39127;39271;39393;39432;39426;39447;39481;39601;39721
521935;SANTA ISABEL;3767;3761;3745;3726;3703;3677;3675;3658;3645;3639;3631;3632;3614;3593;3558;3556;3543;3530
521940;SANTA RITA DO ARAGUAIA;6843;6928;6946;6890;6807;6724;6638;6532;6439;6344;6259;6175;6080;5985;5906;5842;5765;5688
521945;SANTA RITA DO NOVO DESTINO;3208;3204;3174;3139;3087;3050;3003;2961;2925;2872;2832;2800;2760;2719;2651;2648;2611;2574
521950;SANTA ROSA DE GOIAS;3048;3006;2972;2963;2956;2950;2937;2928;2919;2906;2889;2884;2876;2866;2820;2837;2828;2819
521960;SANTA TEREZA DE GOIAS;4130;4069;3998;3953;3884;3826;3771;3707;3636;3571;3512;3457;3390;3329;3252;3225;3172;3119
521970;SANTA TEREZINHA DE GOIAS;10808;10668;10605;10587;10618;10650;10688;10713;10751;10767;10808;10838;10851;10836;10818;10818;10837;10856
521971;SANTO ANTONIO DA BARRA;4501;4504;4509;4510;4501;4494;4479;4468;4444;4422;4410;4388;4364;4334;4284;4293;4279;4265
521973;SANTO ANTONIO DE GOIAS;4591;4763;4937;5116;5321;5548;5783;6027;6258;6499;6736;6971;7209;7428;7628;7873;8066;8259
521975;SANTO ANTONIO DO DESCOBERTO;64424;65214;65957;66794;67648;68526;69414;70216;70925;71568;72214;72842;73341;73758;74186;74614;75221;75828
521980;SAO DOMINGOS;11443;11484;11444;11328;11196;11065;10929;10791;10641;10489;10340;10205;10050;9882;9726;9581;9457;9333
521990;SAO FRANCISCO DE GOIAS;6275;6282;6298;6315;6343;6371;6406;6434;6442;6457;6484;6502;6498;6486;6468;6491;6507;6523
522000;SAO JOAO D'ALIANCA;10003;10340;10664;10984;11305;11631;11971;12291;12605;12906;13218;13522;13830;14116;14425;14757;15026;15295
522005;SAO JOAO DA PARAUNA;1770;1748;1735;1728;1746;1750;1764;1778;1783;1792;1795;1801;1810;1804;1784;1807;1812;1817
522010;SAO LUIS DE MONTES BELOS;30672;30945;31207;31517;31831;32170;32503;32803;33104;33403;33744;34062;34307;34520;34771;35031;35288;35545
522015;SAO LUIZ DO NORTE;4702;4735;4751;4774;4796;4824;4855;4872;4887;4896;4913;4933;4932;4928;4907;4926;4939;4952
522020;SAO MIGUEL DO ARAGUAIA;23029;22910;22805;22763;22748;22727;22707;22673;22630;22577;22544;22508;22425;22306;22201;22079;22040;22001
522026;SAO MIGUEL DO PASSA QUATRO;3829;3861;3905;3959;4027;4097;4160;4227;4294;4346;4412;4459;4509;4545;4568;4621;4671;4721
522028;SAO PATRICIO;2056;2054;2060;2056;2070;2089;2100;2113;2128;2144;2157;2179;2181;2188;2160;2190;2200;2210
522040;SAO SIMAO;17154;17361;17422;17451;17440;17441;17441;17425;17402;17396;17403;17399;17369;17306;17247;17194;17181;17168
522045;SENADOR CANEDO;81250;84989;89229;94068;99301;104829;110600;116518;122486;128540;134822;141301;147887;154695;161994;169849;175042;180235
522050;SERRANOPOLIS;7568;7640;7682;7740;7794;7855;7901;7947;7993;8028;8075;8115;8142;8154;8168;8201;8237;8273
522060;SILVANIA;19575;19689;19852;20087;20353;20635;20903;21161;21413;21655;21911;22162;22375;22558;22742;22939;23150;23361
522068;SIMOLANDIA;6643;6624;6600;6561;6504;6448;6390;6321;6244;6150;6080;6004;5916;5828;5743;5693;5634;5575
522070;SITIO D'ABADIA;2894;2902;2916;2917;2932;2945;2953;2955;2962;2961;2970;2974;2964;2972;2943;2973;2978;2983
522100;TAQUARAL DE GOIAS;3638;3630;3641;3660;3701;3739;3785;3832;3870;3913;3970;4012;4056;4081;4093;4146;4180;4214
522108;TERESINA DE GOIAS;3019;3033;3031;3023;2995;2976;2956;2925;2891;2854;2825;2797;2766;2727;2676;2685;2660;2635
522119;TEREZOPOLIS DE GOIAS;6562;6684;6801;6927;7044;7181;7322;7441;7561;7670;7780;7889;7983;8062;8149;8243;8340;8437
522130;TRES RANCHOS;2897;2901;2896;2895;2911;2914;2923;2935;2931;2941;2955;2968;2971;2975;2949;2970;2976;2982
522140;TRINDADE;104880;107261;109802;112696;115780;118965;122201;125369;128487;131643;134904;138202;141287;144311;147508;150858;153560;156262
522145;TROMBAS;3541;3528;3506;3476;3444;3422;3399;3366;3331;3300;3285;3257;3214;3180;3126;3106;3080;3054
522150;TURVANIA;4984;4945;4906;4867;4838;4810;4772;4741;4709;4678;4650;4620;4587;4543;4491;4478;4449;4420
522155;TURVELANDIA;4426;4492;4547;4599;4647;4704;4768;4820;4866;4915;4953;5001;5041;5066;5084;5130;5171;5212
522157;UIRAPURU;3012;2990;2977;2965;2959;2947;2940;2924;2909;2900;2887;2881;2865;2842;2795;2809;2798;2787
522160;URUACU;37920;38221;38570;39042;39553;40075;40584;41061;41501;41937;42384;42814;43154;43464;43797;44150;44533;44916
522170;URUANA;14242;14207;14174;14156;14158;14159;14152;14139;14125;14109;14105;14090;14042;13977;13923;13871;13857;13843
522180;URUTAI;3148;3149;3164;3195;3240;3284;3322;3360;3407;3445;3489;3539;3561;3604;3604;3667;3700;3733
522185;VALPARAISO DE GOIAS;130115;134211;138851;144164;149796;155588;161551;167425;173166;178719;184310;189960;195512;201120;207101;213506;218416;223326
522190;VARJAO;3739;3745;3756;3757;3758;3766;3776;3777;3778;3788;3789;3803;3799;3781;3760;3768;3770;3772
522200;VIANOPOLIS;12743;12841;12968;13145;13354;13551;13753;13946;14137;14337;14562;14781;14978;15142;15307;15476;15644;15812
522205;VICENTINOPOLIS;7352;7483;7586;7724;7843;7972;8091;8203;8314;8431;8545;8660;8753;8846;8948;9077;9175;9273
522220;VILA BOA;4639;4729;4760;4755;4712;4682;4635;4588;4535;4480;4423;4374;4312;4259;4198;4185;4145;4105
522230;VILA PROPICIO;5219;5261;5313;5356;5409;5470;5539;5593;5644;5711;5775;5837;5878;5907;5928;5982;6028;6074
;;;;;;;;;;;;;;;;;;;0
