cod_mun;Município;2013;2014;2015;2016;2017;2018;2019;2020;2021;2022
520005;ABADIA DE GOIAS;96,74;18,88;37,04;79,87;58,44;51,5;73,98;40,82;5,06;11,02
520010;ABADIANIA;73,19;20;17,68;70,87;38,35;60,42;59,8;69,12;61,8;45,45
520013;ACREUNA;30,07;38,98;58,03;106,51;69,86;74,4;83,03;61,99;11,76;27,67
520015;ADELANDIA;40,74;78,57;26,92;114,29;76,19;28;118,18;122,73;4,17;41,18
520017;AGUA FRIA DE GOIAS;53,06;156,6;76,47;107,27;109,09;93,62;156,82;136,36;5,77;29,23
520020;AGUA LIMPA;4,55;100;76,47;117,39;65,22;152,63;140,91;45,45;45,45;63,64
520025;AGUAS LINDAS DE GOIAS;16,32;68,48;41,32;46,97;48,69;53,49;73,69;63,1;6,85;28,31
520030;ALEXANIA;42,9;121,11;45,53;114,79;75,44;81,53;64,3;52,86;3,64;27,43
520050;ALOANDIA;26,09;36;36;103,12;53,12;43,48;26,67;33,33;13,33;13,79
520055;ALTO HORIZONTE;69,23;92,22;34,67;122,11;74,74;88,54;104,88;53,66;16,22;27,05
520060;ALTO PARAISO DE GOIAS;29,21;57,58;12,87;140;108,89;79,55;62,07;64,83;17,7;28,06
520080;ALVORADA DO NORTE;72;34,01;45,53;97,01;53,73;51,18;75,74;66,18;4,03;28,87
520082;AMARALINA;20,69;115;42,86;150;72,73;116;92,31;73,08;29,63;20
520085;AMERICANO DO BRASIL;62,86;35,05;37,18;87,5;61,25;72,92;90,48;66,67;7,23;10,42
520090;AMORINOPOLIS;34,15;9,76;90,32;56,1;80,49;45,71;76,32;52,63;8,11;11,76
520110;ANAPOLIS;47,6;91,55;48,17;94,31;58,86;65,2;68,28;49,06;6,09;13,58
520120;ANHANGUERA;71,43;310;38,46;50;187,5;23,08;128,57;71,43;0;25
520130;ANICUNS;27,57;84,75;22,54;87,5;48,15;66,94;73,98;80,1;25,36;21,99
520140;APARECIDA DE GOIANIA;21,91;87,83;130,4;102,76;52,29;40,49;73,69;42,5;1,97;22,87
520145;APARECIDA DO RIO DOCE;50;55,56;105;165;62,5;72,22;141,67;150;27,78;32,26
520150;APORE;76,47;40,91;31,43;73,24;40,85;35,94;64,62;43,08;14,71;39,22
520160;ARACU;76,92;47,62;54,84;56,52;39,13;93,94;59,65;47,37;26,83;40
520170;ARAGARCAS;13,91;18,82;30,5;71,75;48,05;51,38;79,84;43,62;8,71;18,59
520180;ARAGOIANIA;40,91;41,03;23,62;58,41;87,61;63,64;85,04;64,57;15,79;23,91
520215;ARAGUAPAZ;46,51;27,03;56,67;212,77;131,91;52,27;85,87;33,7;11,11;1,96
520235;ARENOPOLIS;45,16;51,52;94,87;102,33;58,14;82,86;120,51;74,36;7,14;10,81
520250;ARUANA;41,33;101,71;30,69;40,85;35,21;58,42;64,17;63,33;4;6,19
520260;AURILANDIA;16,67;43,24;64,29;117,14;77,14;92;89,29;85,71;24;22,58
520280;AVELINOPOLIS;50;104;17,39;152,63;121,05;59,09;155,56;116,67;12;26,09
520310;BALIZA;7,32;38,71;23,68;68;72;37,5;77,42;70,97;9,68;72,73
520320;BARRO ALTO;88;60;51,58;121,49;95,87;65,31;63,83;55,32;18,29;10,49
520330;BELA VISTA DE GOIAS;29,58;142,74;45,21;70,96;45,75;72,25;58,57;33,41;2,36;11,39
520340;BOM JARDIM DE GOIAS;37,5;26,55;69,7;116,67;100;70;94,95;62,63;9,35;23,91
520350;BOM JESUS DE GOIAS;36,74;49,58;73,85;103,27;67,56;64,14;80,74;76,49;10,6;9,78
520355;BONFINOPOLIS;29,59;176,72;61,47;89,38;72,57;113,93;152,21;76,99;13,91;23,64
520357;BONOPOLIS;92,11;113,33;58,97;100;69,23;100;113,89;69,44;2;52,5
520360;BRAZABRANTES;71,43;48,78;60;146,67;75,56;60;78;30;27,27;35,42
520380;BRITANIA;16,9;115,38;60,81;102,99;91,04;68,24;52,87;58,62;12,66;18,52
520390;BURITI ALEGRE;56,12;187,27;89,9;58,88;70,09;99,17;76,03;66,44;17,83;16,39
520393;BURITI DE GOIAS;28;142,31;100;102,86;80;29,03;75,76;84,85;30,43;31,03
520396;BURITINOPOLIS;67,74;252,94;50;140,74;100;119,35;125;57,5;2,04;2,22
520400;CABECEIRAS;35,24;96,52;41,53;89,92;63,87;86,54;92;78;6,09;28
520410;CACHOEIRA ALTA;59,6;68,82;74,79;122,73;75;55,56;78,95;83,46;7,28;13,64
520420;CACHOEIRA DE GOIAS;28,57;121,43;60,87;184,62;146,15;35,29;140;80;28,57;30
520425;CACHOEIRA DOURADA;92,31;118,42;67,29;76,81;50;56,19;71,58;71,58;21,84;22,83
520430;CACU;32;33,61;52,47;117,16;79,88;64,57;76,33;58,58;19,16;14,29
520440;CAIAPONIA;43,2;72,4;56,99;95,16;62,37;88,71;94,37;59,15;13,47;20,69
520450;CALDAS NOVAS;44,61;52,35;32,37;85,26;56,64;48,51;74,03;49,69;3,4;17,65
520455;CALDAZINHA;0;57,5;183,72;53,06;26,53;105,13;75;66,67;22,22;31,11
520460;CAMPESTRE DE GOIAS;21,21;64,29;46,43;104;80;112,77;167,65;158,82;19,05;20
520465;CAMPINACU;9,09;39,53;23,81;25,58;41,86;47,5;78,95;44,74;0;15
520470;CAMPINORTE;63,58;128,93;52,53;101,23;82,72;60,36;87,16;63,51;8,78;22,14
520480;CAMPO ALEGRE DE GOIAS;38,36;142,59;52,05;106,45;77,42;80,6;100;60,56;0;31,08
520485;CAMPO LIMPO DE GOIAS;91,49;93,4;80,23;56,76;76,58;128,07;92,36;53,47;8,65;21,97
520490;CAMPOS BELOS;46,36;43,87;34,65;97,67;72,59;76,24;61,63;31,12;0,3;0,36
520495;CAMPOS VERDES;8,33;146,43;48,98;125,93;81,48;175;60;63,33;16,33;24,53
520500;CARMO DO RIO VERDE;50;54,95;82,64;80,15;56,49;69,6;63,33;61,67;11,21;16,33
520505;CASTELANDIA;18,52;38,46;53,12;164,29;117,86;62,5;129,41;58,82;37,5;34,29
520510;CATALAO;30,21;92,13;36,47;92,39;60,69;60,63;84,99;69,91;11,5;24,38
520520;CATURAI;119,15;26,42;78,57;128,3;94,34;114,04;126,23;50,82;0;24,14
520530;CAVALCANTE;23,74;65,97;48,08;117,89;110,57;64,29;70,71;77,86;34,92;29,37
520540;CERES;29,96;94,67;75,61;81,65;70,14;61,67;70,17;48,47;17,34;20,97
520545;CEZARINA;22,41;63,85;60,16;73,39;80,65;60,83;66,36;65,42;25,22;27,66
520547;CHAPADAO DO CEU;44,92;34,94;48,81;85,03;61,68;52,41;76,96;69,63;10,94;25,42
520549;CIDADE OCIDENTAL;33,26;90,87;105,71;75,91;72,19;84,78;94,35;53,28;2,89;31,78
520551;COCALZINHO DE GOIAS;53,96;55,17;69,81;145,18;101,32;96,52;106,07;89,72;5,49;19,14
520552;COLINAS DO SUL;22,5;139,02;41,3;89,47;113,16;132,5;122,45;20,41;29,03;36,11
520570;CORREGO DO OURO;12;158,33;60,87;105,88;70,59;53,57;75;62,5;17,14;32
520580;CORUMBA DE GOIAS;61,05;40,2;47,75;98,08;82,69;111,36;116;61;13,54;33,67
520590;CORUMBAIBA;32,71;63,3;82,29;105,88;64,71;76,04;88,78;70,41;14,63;37,89
520620;CRISTALINA;33,09;51,43;52,06;96,34;88,55;66,78;100,55;78,11;10,81;21,02
520630;CRISTIANOPOLIS;25,81;53,57;37,5;126,32;50;44;91,67;55,56;0;30,77
520640;CRIXAS;54,88;82,14;61,03;81,74;61;70,05;70,78;30,45;7,85;12,84
520650;CROMINIA;64,71;130,43;1,67;155,56;86,11;78,79;103,23;74,19;21,74;30,95
520660;CUMARI;41,67;37,5;34,62;89,19;48,65;109,52;70,97;83,87;0;25
520670;DAMIANOPOLIS;74,19;33,33;62,5;76,92;80,77;110,87;104,35;78,26;0;20
520680;DAMOLANDIA;67,57;93,1;41,38;140;96;77,14;67,74;93,55;25;16,67
520690;DAVINOPOLIS;50;52,94;31,25;190,91;172,73;93,75;50;50;75;78,57
520710;DIORAMA;80;44,44;55,56;96,55;44,83;62,5;95,24;100;13,64;28,57
520725;DOVERLANDIA;25;102,63;77,05;82,47;71,13;46,39;140,91;84,85;31,25;27,94
520735;EDEALINA;84,78;37,25;80,85;43,24;72,97;62;60,78;80,39;28,57;66,67
520740;EDEIA;34,21;14,86;29,86;120,16;70,97;45,04;64,43;40,94;19,88;23,95
520750;ESTRELA DO NORTE;62,5;45,83;22,22;106,67;93,33;105,26;74,55;40;6,9;21,88
520753;FAINA;6,67;100;22,95;100;52,46;77,05;65,82;43,04;12,5;10,94
520760;FAZENDA NOVA;40,82;24,24;54,55;79,59;71,43;69,39;81,25;75;7,84;15,25
520780;FIRMINOPOLIS;25,66;152,13;64,84;104,3;86,02;79,79;83,84;73,74;14,47;22,68
520790;FLORES DE GOIAS;23,71;50,54;20,35;193,48;75;112;72,17;35,65;19,42;14,85
520800;FORMOSA;23,71;101,98;78,64;96,4;69,43;52,24;62,81;38,5;7,27;9,95
520810;FORMOSO;11,54;43,86;19,35;91,07;94,64;82,69;32,76;62,07;5,63;11,94
520815;GAMELEIRA DE GOIAS;64;58,62;61,29;80;40;88,24;69,05;78,57;114,29;39,13
520830;DIVINOPOLIS DE GOIAS;44,12;119,39;69,35;73,86;63,64;59,76;109,38;46,88;14,75;0
520840;GOIANAPOLIS;53,96;29,38;73,81;122,22;76,61;87,37;87,92;70,05;10,29;38,3
520850;GOIANDIRA;67,5;49,3;55,77;126,32;107,89;103,64;88,37;67,44;14,81;28,57
520860;GOIANESIA;37,87;52,93;31,16;85,47;68,7;71,18;79,28;44,53;0,64;17,13
520870;GOIANIA;35,07;98,7;80,88;75,06;53,18;61,7;62,23;47,08;5,98;11,93
520880;GOIANIRA;31,54;73,08;44,04;103,49;84,81;68,08;92,53;74,29;8,29;25,1
520890;GOIAS;29,76;41,76;23,84;35,58;38,78;49,47;70;50;17,47;12,84
520910;GOIATUBA;36,34;98,87;52,94;83,33;73,24;68,65;76,33;47,1;16,39;16,36
520915;GOUVELANDIA;125,58;70,91;33,85;130;42,86;109,76;72,92;91,67;3,85;39,13
520920;GUAPO;30,51;165,43;50;75,13;68,91;25,12;61,9;72,38;4;18,4
520929;GUARAITA;24,24;38,46;70;144,44;94,44;45,45;91,3;121,74;28,57;16
520940;GUARANI DE GOIAS;73,53;106,25;145,16;123,08;92,31;112,9;140;110;21,43;41,67
520945;GUARINOS;111,11;112,5;78,26;142,31;115,38;59,38;127,78;105,56;41,67;16,67
520960;HEITORAI;23,33;9,09;25,53;72,22;44,44;31,03;162,5;79,17;6;8,11
520970;HIDROLANDIA;19,72;20,17;47,46;81,99;52,41;63,64;103,33;72,33;11,08;20,61
520980;HIDROLINA;24,24;94,29;57,5;110,26;84,62;72,73;65,38;36,54;13,51;37,5
520990;IACIARA;26,16;27,08;48,24;89,3;84,49;46,5;62,26;45,28;0;11,43
520993;INACIOLANDIA;28,4;46,43;54,76;87,18;85,9;91,18;113,79;96,55;29,41;11,94
520995;INDIARA;37,5;135,68;21,03;64,8;48,4;38,63;68,27;62,02;3,85;17,35
521000;INHUMAS;18,49;102,49;15,53;54,07;28,25;58,86;82,33;60,82;6,57;16,96
521010;IPAMERI;13,33;76,38;102,6;93,31;62,42;52,79;69,05;61,6;21,22;29,45
521015;IPIRANGA DE GOIAS;24;80;78,95;110,34;110,34;67,74;91,3;34,78;12,12;22,22
521020;IPORA;43,73;23,6;47,55;102,48;84,86;66,35;63,51;56,08;13,76;26,95
521030;ISRAELANDIA;64;50;59,09;140;96;104,55;61,54;46,15;7,14;5,56
521040;ITABERAI;19,52;46,33;28,08;100,38;61,83;64,74;69,39;55,78;13,4;19,42
521056;ITAGUARI;29,63;69,09;74,14;167,35;67,35;100;77,03;50;18,03;36
521060;ITAGUARU;94,44;32,61;45,24;113,46;73,08;65,91;108,89;106,67;5,13;13,21
521080;ITAJA;22,78;23,68;43,75;101,52;48,48;56,86;138,46;69,23;16;31,48
521090;ITAPACI;71,59;77,24;24,75;84,95;64,89;59,7;75,95;50,32;9,06;12,25
521100;ITAPIRAPUA;14,85;103,09;10,23;53,49;105,81;39,17;52,1;21,01;20;8,86
521120;ITAPURANGA;35,96;31;42,67;121,49;61,49;55,37;79,59;43,2;6,93;8,14
521130;ITARUMA;53,85;30,38;49,37;70,48;53,33;42,11;116,07;91,07;21,43;24,72
521140;ITAUCU;60,53;95,59;56,94;131,33;34,94;100;85,53;73,68;5,05;23,81
521150;ITUMBIARA;29,53;183,15;20,95;42,69;46,02;51,01;74,24;48,55;4,58;8,98
521160;IVOLANDIA;72,41;23,08;36;92;112;37,04;133,33;106,67;4,76;19,05
521170;JANDAIA;58,21;25;29,41;123,44;68,75;54,79;71,62;52,7;6,94;31,75
521180;JARAGUA;20,47;65,57;37,04;81,07;61,69;66,2;72,46;49,05;1,75;18,7
521190;JATAI;35,03;91,63;62,48;85,7;57,42;55,77;70,07;58,4;4,22;7,9
521200;JAUPACI;90,32;123,81;38,89;88,57;51,43;84;97,06;88,24;88,1;88,89
521205;JESUPOLIS;21,21;72,97;46,67;141,67;54,17;88,46;154,55;63,64;20;15,79
521210;JOVIANIA;32,65;62,07;72,29;85,37;36,59;48,53;44,12;33,33;3,53;1,96
521220;JUSSARA;11,57;10,99;38,8;73,43;76,75;48,09;82,18;45,45;5,49;9,75
521225;LAGOA SANTA;31,58;33,33;93,33;122,22;77,78;65;73,33;33,33;60;54,55
521230;LEOPOLDO DE BULHOES;56,34;15,79;81,69;63,37;20,79;61,17;72,63;95,79;20,56;27,17
521250;LUZIANIA;28,23;110,32;47,16;69;57,88;56,19;58,14;54,88;5,6;24,52
521260;MAIRIPOTABA;76,92;36,36;66,67;164;68;90,91;76,67;63,33;28,57;25
521270;MAMBAI;24,72;126,13;84,92;123,89;90,27;79,65;82,93;54,47;0,67;19,35
521280;MARA ROSA;15,6;110;82,03;76,15;60;59,82;79,2;64,8;2,92;14,96
521290;MARZAGAO;50;47,06;53,12;133,33;93,33;73,53;55,26;42,11;25;24,39
521295;MATRINCHA;11,86;84,31;29,31;83,33;122,92;53,49;82,22;68,89;25,49;9,68
521300;MAURILANDIA;32,96;32,71;34,39;70,71;39,39;39,22;61,74;71,81;4,88;3,64
521305;MIMOSO DE GOIAS;94,44;60;86,67;140;105;100;117,65;105,88;0;27,78
521308;MINACU;29,78;101,12;50,34;72,38;68,37;41,24;49,88;42,46;3,94;26,76
521310;MINEIROS;21,58;49,19;47,18;85,6;48,48;47,97;58,3;52,35;0,36;14,66
521340;MOIPORA;100;15,38;112,5;150;131,25;35;100;200;37,5;18,75
521350;MONTE ALEGRE DE GOIAS;16,67;50,94;31,62;85,48;58,06;32,17;75,82;81,32;20,2;0
521370;MONTES CLAROS DE GOIAS;39,29;62,11;44,57;125,26;84,21;80,49;77,39;72,17;9,47;23,86
521375;MONTIVIDIU;24,16;31,79;85,19;94,39;59,69;57,54;81,44;44,91;9,57;26,8
521377;MONTIVIDIU DO NORTE;20,45;100;82,93;132,26;83,87;50;62,16;40,54;14;23,08
521380;MORRINHOS;36,74;39,2;49,67;94,91;68,06;59,61;80,25;65,56;7,36;12,92
521385;MORRO AGUDO DE GOIAS;45,71;177,78;50;125;91,67;62,96;100;104,76;31,82;15,62
521390;MOSSAMEDES;25;79,55;44,19;146,67;82,22;57,63;80,43;21,74;11,63;20,83
521400;MOZARLANDIA;45,33;72,43;54,97;112,95;97,93;80,79;72,15;38,36;1,48;11,84
521405;MUNDO NOVO;23,19;67,61;36,49;163,01;93,15;86,3;96,05;101,32;4,3;32,84
521410;MUTUNOPOLIS;13,46;42;53,57;61,11;68,52;51,52;93,48;67,39;30,56;31,37
521440;NAZARIO;38,03;143,75;18,87;78,95;55,79;54,35;70,1;25,77;22,35;25,53
521450;NEROPOLIS;39,06;168,25;52,82;99,56;65,13;61,11;80,28;69,82;4,94;25,11
521460;NIQUELANDIA;19,08;66,85;36,21;71,81;61,78;64,32;68,33;47,29;7,58;17,09
521470;NOVA AMERICA;83,33;160;75,76;159,26;85,19;135;81,48;111,11;0;8,57
521480;NOVA AURORA;33,33;75;20,83;164,71;105,88;70,83;44;84;41,67;85,71
521483;NOVA CRIXAS;17,82;47,27;51,74;116,67;95,51;70,55;89,63;75;7,95;13,29
521486;NOVA GLORIA;102,41;33,33;27,27;103,23;80,65;67,35;65,56;27,78;0;12,16
521487;NOVA IGUACU DE GOIAS;43,75;137,93;86,21;81,08;121,62;76,92;119,23;107,69;50;37,5
521490;NOVA ROMA;75,76;38,71;18,18;133,33;73,33;45,83;89,19;64,86;0;38,71
521500;NOVA VENEZA;48,42;82,14;60,47;99,03;60,19;85,57;100,89;89,29;8,14;21,65
521520;NOVO BRASIL;56,25;75;61,29;69,39;71,43;36,54;133,33;73,33;40,43;56,67
521523;NOVO GAMA;36,81;113,11;42,38;62,55;58,63;57,48;76,22;58,02;10,78;25,3
521525;NOVO PLANALTO;9,09;53,19;43,59;124,24;39,39;62,5;78,69;49,18;48,65;69,77
521530;ORIZONA;71,63;57,58;53,59;97,66;54,97;66,67;53,92;56,37;10,82;19,27
521540;OURO VERDE DE GOIAS;48,72;29,55;90;105;75;113,51;94,12;72,55;14,29;23,4
521550;OUVIDOR;42,86;68,75;55,88;126,47;83,82;68,49;112;73,33;7,14;28,26
521560;PADRE BERNARDO;22,19;32,3;50,53;81,03;78,35;58,86;60,99;44,83;3,29;18,34
521565;PALESTINA DE GOIAS;12,96;67,65;80,49;113,64;70,45;76,92;50,94;28,3;12,5;36,36
521570;PALMEIRAS DE GOIAS;19,92;109,85;25,08;80,97;57,64;76,47;82,92;46,53;2,09;13,75
521580;PALMELO;33,33;223,81;35;223,08;107,69;95;165;115;9,52;40
521590;PALMINOPOLIS;50;89,47;80,49;115,91;140,91;81,4;109,3;97,67;8,33;17,46
521600;PANAMA;28,12;95,45;95,24;115;57,5;82,76;100;80,77;22,22;30
521630;PARANAIGUARA;34,13;33,09;48,7;78,23;71,77;53,64;80,77;72,12;20,43;24,1
521640;PARAUNA;26,62;113,79;58,33;111,64;79,45;71,43;77,58;63,64;8,55;19,63
521645;PEROLANDIA;6,38;59,57;44,19;86,96;69,57;64,86;83,33;41,67;33,33;32,61
521680;PETROLINA DE GOIAS;109,52;31,25;60,67;123,53;70,59;90,12;98,72;74,36;20,78;15,38
521690;PILAR DE GOIAS;35,48;51,85;108;65,79;57,89;86,11;42,11;63,16;0;7,5
521710;PIRACANJUBA;61,87;28,11;57,42;117,18;64,32;79,34;72,24;75,51;0;23,73
521720;PIRANHAS;10,77;60,36;53,51;111,76;66,18;61,19;83,2;57,6;9,26;15,75
521730;PIRENOPOLIS;44,25;81,63;82,46;108,33;56,88;63,08;64,77;57,65;12,38;24,91
521740;PIRES DO RIO;50,57;54,89;56,94;102,54;72,39;62,14;77,06;51,99;14,5;20,54
521760;PLANALTINA;9,3;106,84;68,16;87,4;64,13;54,94;50,37;36,2;6,35;12,3
521770;PONTALINA;17,93;86,7;75,12;71,08;48,04;57,35;82,61;58,45;8,51;29,67
521800;PORANGATU;20,55;58,73;35,84;77,41;50,57;56,21;109,89;70,85;15,15;16,26
521805;PORTEIRAO;25;40;72,09;176,32;89,47;54,17;100;50,94;28,57;17,07
521810;PORTELANDIA;1,64;23,53;31,08;56,92;30,77;49,02;70,27;62,16;21,28;24,32
521830;POSSE;9,06;143,4;83,96;49,54;46,33;61,12;63,08;54,92;12,13;17,55
521839;PROFESSOR JAMIL;26,67;3,33;40,62;128,57;64,29;107,69;62,79;30,23;13,04;50
521850;QUIRINOPOLIS;37,71;39,02;44,24;89,6;54,84;52,59;71,16;51,32;14,72;15,54
521860;RIALMA;29,66;60,61;61,11;108;56,67;60,87;66,46;60,13;33,33;6,15
521870;RIANAPOLIS;25;73,68;67,16;122,39;62,69;64,52;108,93;46,43;40,74;25
521878;RIO QUENTE;33,96;51,06;51,16;202,27;77,27;43,14;106,9;70,69;9,8;54,35
521880;RIO VERDE;37,2;38,31;36,49;85,77;60,42;63,68;75,67;60,43;4,28;14,23
521890;RUBIATABA;39,88;50,39;51,82;97,74;78,28;64,23;82,48;51,71;0;9,28
521900;SANCLERLANDIA;18,18;95,59;42,86;61,54;65,38;83,33;87,5;35,42;3,41;24,44
521910;SANTA BARBARA DE GOIAS;36,76;74,7;46,15;72,81;68,42;66,35;69,89;49,46;7,53;29,41
521920;SANTA CRUZ DE GOIAS;15,38;81,48;55,17;96,15;69,23;119,23;80;65,71;0;20
521925;SANTA FE DE GOIAS;36,36;54,55;22,95;107,5;95;54,55;64,63;60,98;26,51;7,41
521930;SANTA HELENA DE GOIAS;37,58;85,28;60;82,84;54,07;32,1;65,64;65,28;8,65;22,92
521935;SANTA ISABEL;5,71;127,78;140,62;81,25;68,75;46,34;105,71;102,86;34,88;60
521940;SANTA RITA DO ARAGUAIA;36,08;62,35;46,6;77,08;66,67;33,68;61,9;35,24;10,68;13,19
521945;SANTA RITA DO NOVO DESTINO;40,74;166,67;66,67;162,5;118,75;136,36;76,67;56,67;22,22;58,82
521950;SANTA ROSA DE GOIAS;13,89;66,67;89,66;57,14;96,43;78,38;115,38;74,36;3,57;23,68
521960;SANTA TEREZA DE GOIAS;21,82;115,91;60,87;89,8;61,22;92,86;106,06;124,24;34,21;11,54
521970;SANTA TEREZINHA DE GOIAS;39,05;9,09;32,43;98,58;59,57;50,65;76,87;59,7;9,02;14,17
521971;SANTO ANTONIO DA BARRA;49,06;56;73,91;110,42;97,92;68,75;104,35;97,83;31,11;8,51
521973;SANTO ANTONIO DE GOIAS;33,71;84,04;36,26;110,38;69,81;98,67;89,8;75,51;36,36;27,38
521975;SANTO ANTONIO DO DESCOBERTO;17,94;142,69;43,18;90,62;72,14;80,4;81,89;62,58;7,81;25,47
521980;SAO DOMINGOS;7,43;30;45,95;90,09;92,79;71,43;79,37;53,17;8,85;10,57
521990;SAO FRANCISCO DE GOIAS;38,18;86,44;65,82;92,11;78,95;52,81;84,42;84,42;4,48;37,7
522000;SAO JOAO D\'ALIANCA;26,17;24,03;21,14;83,93;115,18;89,92;97,92;94,44;17,11;34,07
522005;SAO JOAO DA PARAUNA;25;60;116,67;119,05;76,19;45;72,22;50;14,29;42,31
522010;SAO LUIS DE MONTES BELOS;25,9;73;33,33;85,01;76,02;30,67;66,82;51,57;6,22;17,18
522015;SAO LUIZ DO NORTE;42,86;73,97;20,55;83,1;64,79;82,46;73,33;48,33;0;13,46
522020;SAO MIGUEL DO ARAGUAIA;14,85;90,57;50,81;69,6;67,17;48,93;60,51;45,22;4,14;12,58
522026;SAO MIGUEL DO PASSA QUATRO;44,44;220,83;35,48;127,78;36,11;72,73;100;96,43;3,23;51,61
522028;SAO PATRICIO;17,39;66,67;26,67;104;96;60,71;79,17;54,17;0;27,78
522040;SAO SIMAO;18,94;13,21;54,98;90;53,57;51,33;69,86;48,94;6,75;16,08
522045;SENADOR CANEDO;28,31;62,11;32,7;92,27;49,48;41,88;60,21;47,54;3,3;18,53
522050;SERRANOPOLIS;61,63;113,51;70;116,85;82,02;60,24;91,36;107,41;8,6;11,43
522060;SILVANIA;24,03;110,12;57,14;66,53;54,96;46,55;73,73;56,36;10,83;24,14
522068;SIMOLANDIA;23,36;33,33;26,13;79,57;63,44;89,23;88,89;34,72;6,12;36,84
522070;SITIO D\'ABADIA;85,71;107,41;21,74;68,18;95,45;111,76;136,84;78,95;21,43;24
522100;TAQUARAL DE GOIAS;2,56;101,89;16,22;171,05;92,11;46,67;113,89;44,44;22,22;32,65
522108;TERESINA DE GOIAS;5;100;113,51;136,11;97,22;66,67;79,17;41,67;22,22;18,42
522119;TEREZOPOLIS DE GOIAS;104,76;16,67;61,26;110,64;93,62;103,6;83,21;57,25;14,42;29,89
522130;TRES RANCHOS;15,38;103,03;47,22;100;92,11;109,09;67,86;71,43;11,11;33,33
522140;TRINDADE;32,53;111,37;69,72;98,24;59,25;46,87;71,25;51,25;8,41;18,97
522145;TROMBAS;42,31;36,96;37,5;52;80;67,74;73,53;38,24;34,78;33,33
522150;TURVANIA;27,59;120;83,05;86,44;38,98;68,63;58,18;34,55;34,21;37,04
522155;TURVELANDIA;27,54;58,46;29,41;66,67;70,67;72,31;131,58;75;89,09;74,29
522157;UIRAPURU;18,52;90;84,21;86,49;51,35;70;86,36;50;24;25,81
522160;URUACU;28,82;59,93;37,17;64,12;59,86;47,67;54,25;44,56;5,95;22,83
522170;URUANA;40,15;138,61;19,18;88,37;80,62;56,2;79,08;52,94;11,84;11,11
522180;URUTAI;45,16;60;30,3;134,62;26,92;100;122,73;113,64;38,46;62,5
522185;VALPARAISO DE GOIAS;31,9;102,37;55,72;95,09;64,31;61,29;67,5;50,8;5,22;22,32
522190;VARJAO;77,78;51,43;21,74;100;69,39;71,05;75,61;92,68;84,38;62,07
522200;VIANOPOLIS;20,92;139,31;60,98;112,97;64,86;84,02;83,16;82,14;8,67;20,93
522205;VICENTINOPOLIS;16,24;120;70,37;94,53;65,62;90,57;73,64;58,18;0;28,78
522220;VILA BOA;61,54;73,24;61,33;124,29;62,86;54,24;62,3;55,74;32;29,41
522230;VILA PROPICIO;6,45;63,93;46,97;87,93;77,59;60,42;56,06;60,61;7,04;13,21
